id,match_id,event_id,minute,second,team_id,player_id,x,y,end_x,end_y,blocked_x,blocked_y,goal_mouth_z,goal_mouth_y,qualifiers,is_touch,is_shot,is_goal,card_type,type_display_name,outcome_type_display_name,period_display_name,created_at
2879307533,1903251,4,0,0,167,343382,50,50,25.1,51,,,,,"[{""type"":{""value"":56,""displayName"":""Zone""},""value"":""Back""},{""type"":{""value"":140,""displayName"":""PassEndX""},""value"":""25.1""},{""type"":{""value"":141,""displayName"":""PassEndY""},""value"":""51.0""},{""type"":{""value"":212,""displayName"":""Length""},""value"":""26.2""},{""type"":{""value"":213,""displayName"":""Angle""},""value"":""3.12""}]",true,false,false,false,Pass,Successful,FirstHalf,2025-12-05 23:16:15.684766+00
2879307621,1903251,5,0,4,167,262515,26.9,47.3,75.3,26.8,,,,,"[{""type"":{""value"":56,""displayName"":""Zone""},""value"":""Center""},{""type"":{""value"":140,""displayName"":""PassEndX""},""value"":""75.3""},{""type"":{""value"":141,""displayName"":""PassEndY""},""value"":""26.8""},{""type"":{""value"":213,""displayName"":""Angle""},""value"":""6.02""},{""type"":{""value"":212,""displayName"":""Length""},""value"":""52.7""},{""type"":{""value"":1,""displayName"":""Longball""}}]",true,false,false,false,Pass,Successful,FirstHalf,2025-12-05 23:16:15.684766+00
2879307629,1903251,4,0,8,170,396976,24.7,73.2,,,,,,,"[{""type"":{""value"":285,""displayName"":""Defensive""}},{""type"":{""value"":233,""displayName"":""OppositeRelatedEvent""},""value"":""6""},{""type"":{""value"":56,""displayName"":""Zone""},""value"":""Back""}]",false,false,false,false,Aerial,Unsuccessful,FirstHalf,2025-12-05 23:16:15.684766+00
2879307635,1903251,5,0,9,170,396976,26.5,71.6,,,,,,,"[{""type"":{""value"":56,""displayName"":""Zone""},""value"":""Back""}]",true,false,false,false,BallTouch,Successful,FirstHalf,2025-12-05 23:16:15.684766+00
2879307647,1903251,6,0,8,167,315227,75.3,26.8,,,,,,,"[{""type"":{""value"":286,""displayName"":""Offensive""}},{""type"":{""value"":56,""displayName"":""Zone""},""value"":""Center""},{""type"":{""value"":233,""displayName"":""OppositeRelatedEvent""},""value"":""4""}]",false,false,false,false,Aerial,Successful,FirstHalf,2025-12-05 23:16:15.684766+00
2879307655,1903251,7,0,8,167,315227,75.3,26.8,,,,,,,"[{""type"":{""value"":56,""displayName"":""Zone""},""value"":""Center""}]",true,false,false,false,BallTouch,Successful,FirstHalf,2025-12-05 23:16:15.684766+00
2879307689,1903251,8,0,12,167,331254,86.4,25.4,,,,,,,"[{""type"":{""value"":233,""displayName"":""OppositeRelatedEvent""},""value"":""6""},{""type"":{""value"":286,""displayName"":""Offensive""}},{""type"":{""value"":56,""displayName"":""Zone""},""value"":""Center""}]",true,false,false,false,Dispossessed,Successful,FirstHalf,2025-12-05 23:16:15.684766+00
2879307693,1903251,6,0,12,170,321020,13.6,74.6,,,,,,,"[{""type"":{""value"":56,""displayName"":""Zone""},""value"":""Back""},{""type"":{""value"":285,""displayName"":""Defensive""}},{""type"":{""value"":178,""displayName"":""StandingSave""}},{""type"":{""value"":233,""displayName"":""OppositeRelatedEvent""},""value"":""8""}]",true,false,false,false,Tackle,Successful,FirstHalf,2025-12-05 23:16:15.684766+00
2879307695,1903251,7,0,12,170,321020,20.2,71.7,,,,,,,[],false,false,false,false,BallRecovery,Successful,FirstHalf,2025-12-05 23:16:15.684766+00
2879307731,1903251,9,0,16,167,313171,41.7,1.7,,,,,,,"[{""type"":{""value"":56,""displayName"":""Zone""},""value"":""Back""}]",false,false,false,false,ShieldBallOpp,Successful,FirstHalf,2025-12-05 23:16:15.684766+00
2879307737,1903251,8,0,14,170,321020,31.1,82.7,56.6,100,,,,,"[{""type"":{""value"":213,""displayName"":""Angle""},""value"":""0.44""},{""type"":{""value"":141,""displayName"":""PassEndY""},""value"":""100.0""},{""type"":{""value"":212,""displayName"":""Length""},""value"":""29.6""},{""type"":{""value"":140,""displayName"":""PassEndX""},""value"":""56.6""},{""type"":{""value"":56,""displayName"":""Zone""},""value"":""Left""}]",true,false,false,false,Pass,Unsuccessful,FirstHalf,2025-12-05 23:16:15.684766+00
2879307821,1903251,11,0,17,167,313171,41.2,0,32.8,23.1,,,,,"[{""type"":{""value"":213,""displayName"":""Angle""},""value"":""2.05""},{""type"":{""value"":212,""displayName"":""Length""},""value"":""19.2""},{""type"":{""value"":107,""displayName"":""ThrowIn""}},{""type"":{""value"":56,""displayName"":""Zone""},""value"":""Back""},{""type"":{""value"":141,""displayName"":""PassEndY""},""value"":""23.1""},{""type"":{""value"":140,""displayName"":""PassEndX""},""value"":""32.8""}]",true,false,false,false,Pass,Successful,FirstHalf,2025-12-05 23:16:15.684766+00
2879307883,1903251,12,0,21,167,402664,34.1,19.4,35.9,5.6,,,,,"[{""type"":{""value"":56,""displayName"":""Zone""},""value"":""Back""},{""type"":{""value"":213,""displayName"":""Angle""},""value"":""4.91""},{""type"":{""value"":140,""displayName"":""PassEndX""},""value"":""35.9""},{""type"":{""value"":141,""displayName"":""PassEndY""},""value"":""5.6""},{""type"":{""value"":212,""displayName"":""Length""},""value"":""9.6""}]",true,false,false,false,Pass,Successful,FirstHalf,2025-12-05 23:16:15.684766+00
2879308091,1903251,13,0,24,167,313171,27.7,11.7,12.4,55.1,,,,,"[{""type"":{""value"":212,""displayName"":""Length""},""value"":""33.6""},{""type"":{""value"":141,""displayName"":""PassEndY""},""value"":""55.1""},{""type"":{""value"":213,""displayName"":""Angle""},""value"":""2.07""},{""type"":{""value"":56,""displayName"":""Zone""},""value"":""Back""},{""type"":{""value"":140,""displayName"":""PassEndX""},""value"":""12.4""},{""type"":{""value"":1,""displayName"":""Longball""}}]",true,false,false,false,Pass,Successful,FirstHalf,2025-12-05 23:16:15.684766+00
2879308197,1903251,14,0,33,167,262515,12.8,46.9,22.8,79.9,,,,,"[{""type"":{""value"":212,""displayName"":""Length""},""value"":""24.8""},{""type"":{""value"":141,""displayName"":""PassEndY""},""value"":""79.9""},{""type"":{""value"":140,""displayName"":""PassEndX""},""value"":""22.8""},{""type"":{""value"":56,""displayName"":""Zone""},""value"":""Back""},{""type"":{""value"":213,""displayName"":""Angle""},""value"":""1.13""}]",true,false,false,false,Pass,Successful,FirstHalf,2025-12-05 23:16:15.684766+00
2879308263,1903251,15,0,39,167,402664,24.1,82.6,10.4,57.6,,,,,"[{""type"":{""value"":212,""displayName"":""Length""},""value"":""22.3""},{""type"":{""value"":213,""displayName"":""Angle""},""value"":""4.01""},{""type"":{""value"":141,""displayName"":""PassEndY""},""value"":""57.6""},{""type"":{""value"":56,""displayName"":""Zone""},""value"":""Back""},{""type"":{""value"":140,""displayName"":""PassEndX""},""value"":""10.4""}]",true,false,false,false,Pass,Successful,FirstHalf,2025-12-05 23:16:15.684766+00
2879308387,1903251,16,0,43,167,262515,14.8,53.1,24.9,23.6,,,,,"[{""type"":{""value"":213,""displayName"":""Angle""},""value"":""5.20""},{""type"":{""value"":56,""displayName"":""Zone""},""value"":""Back""},{""type"":{""value"":141,""displayName"":""PassEndY""},""value"":""23.6""},{""type"":{""value"":140,""displayName"":""PassEndX""},""value"":""24.9""},{""type"":{""value"":212,""displayName"":""Length""},""value"":""22.7""}]",true,false,false,false,Pass,Successful,FirstHalf,2025-12-05 23:16:15.684766+00
2879308473,1903251,17,0,49,167,313171,29.2,46.6,27.5,75.6,,,,,"[{""type"":{""value"":213,""displayName"":""Angle""},""value"":""1.66""},{""type"":{""value"":56,""displayName"":""Zone""},""value"":""Back""},{""type"":{""value"":140,""displayName"":""PassEndX""},""value"":""27.5""},{""type"":{""value"":212,""displayName"":""Length""},""value"":""19.8""},{""type"":{""value"":141,""displayName"":""PassEndY""},""value"":""75.6""}]",true,false,false,false,Pass,Successful,FirstHalf,2025-12-05 23:16:15.684766+00
2879308561,1903251,18,0,53,167,402664,31.4,73.9,28.7,56.1,,,,,"[{""type"":{""value"":212,""displayName"":""Length""},""value"":""12.4""},{""type"":{""value"":141,""displayName"":""PassEndY""},""value"":""56.1""},{""type"":{""value"":56,""displayName"":""Zone""},""value"":""Back""},{""type"":{""value"":213,""displayName"":""Angle""},""value"":""4.48""},{""type"":{""value"":140,""displayName"":""PassEndX""},""value"":""28.7""}]",true,false,false,false,Pass,Successful,FirstHalf,2025-12-05 23:16:15.684766+00
2879308677,1903251,19,0,58,167,422939,29.1,49.3,35.7,19.2,,,,,"[{""type"":{""value"":212,""displayName"":""Length""},""value"":""21.6""},{""type"":{""value"":213,""displayName"":""Angle""},""value"":""5.04""},{""type"":{""value"":140,""displayName"":""PassEndX""},""value"":""35.7""},{""type"":{""value"":56,""displayName"":""Zone""},""value"":""Back""},{""type"":{""value"":141,""displayName"":""PassEndY""},""value"":""19.2""}]",true,false,false,false,Pass,Successful,FirstHalf,2025-12-05 23:16:15.684766+00
2879308781,1903251,20,1,6,167,313171,35.9,25.9,31.8,71.8,,,,,"[{""type"":{""value"":141,""displayName"":""PassEndY""},""value"":""71.8""},{""type"":{""value"":140,""displayName"":""PassEndX""},""value"":""31.8""},{""type"":{""value"":213,""displayName"":""Angle""},""value"":""1.71""},{""type"":{""value"":212,""displayName"":""Length""},""value"":""31.5""},{""type"":{""value"":56,""displayName"":""Zone""},""value"":""Back""}]",true,false,false,false,Pass,Successful,FirstHalf,2025-12-05 23:16:15.684766+00
2879308815,1903251,21,1,11,167,402664,44.2,77.5,48,94.5,,,,,"[{""type"":{""value"":140,""displayName"":""PassEndX""},""value"":""48.0""},{""type"":{""value"":56,""displayName"":""Zone""},""value"":""Back""},{""type"":{""value"":213,""displayName"":""Angle""},""value"":""1.24""},{""type"":{""value"":212,""displayName"":""Length""},""value"":""12.2""},{""type"":{""value"":141,""displayName"":""PassEndY""},""value"":""94.5""}]",true,false,false,false,Pass,Successful,FirstHalf,2025-12-05 23:16:15.684766+00
2879308863,1903251,22,1,13,167,468847,47.5,92.1,32.8,76.6,,,,,"[{""type"":{""value"":212,""displayName"":""Length""},""value"":""18.7""},{""type"":{""value"":141,""displayName"":""PassEndY""},""value"":""76.6""},{""type"":{""value"":140,""displayName"":""PassEndX""},""value"":""32.8""},{""type"":{""value"":213,""displayName"":""Angle""},""value"":""3.74""},{""type"":{""value"":56,""displayName"":""Zone""},""value"":""Back""}]",true,false,false,false,Pass,Successful,FirstHalf,2025-12-05 23:16:15.684766+00
2879308921,1903251,23,1,16,167,402664,30.6,76,12.4,54.3,,,,,"[{""type"":{""value"":140,""displayName"":""PassEndX""},""value"":""12.4""},{""type"":{""value"":56,""displayName"":""Zone""},""value"":""Back""},{""type"":{""value"":213,""displayName"":""Angle""},""value"":""3.80""},{""type"":{""value"":141,""displayName"":""PassEndY""},""value"":""54.3""},{""type"":{""value"":212,""displayName"":""Length""},""value"":""24.1""}]",true,false,false,false,Pass,Successful,FirstHalf,2025-12-05 23:16:15.684766+00
2879309083,1903251,24,1,20,167,262515,12.1,55.1,14.8,83.6,,,,,"[{""type"":{""value"":56,""displayName"":""Zone""},""value"":""Back""},{""type"":{""value"":213,""displayName"":""Angle""},""value"":""1.43""},{""type"":{""value"":212,""displayName"":""Length""},""value"":""19.6""},{""type"":{""value"":141,""displayName"":""PassEndY""},""value"":""83.6""},{""type"":{""value"":140,""displayName"":""PassEndX""},""value"":""14.8""}]",true,false,false,false,Pass,Successful,FirstHalf,2025-12-05 23:16:15.684766+00
2879309215,1903251,25,1,26,167,402664,19.5,85.9,7.8,58.8,,,,,"[{""type"":{""value"":140,""displayName"":""PassEndX""},""value"":""7.8""},{""type"":{""value"":56,""displayName"":""Zone""},""value"":""Back""},{""type"":{""value"":213,""displayName"":""Angle""},""value"":""4.12""},{""type"":{""value"":212,""displayName"":""Length""},""value"":""22.1""},{""type"":{""value"":141,""displayName"":""PassEndY""},""value"":""58.8""}]",true,false,false,false,Pass,Successful,FirstHalf,2025-12-05 23:16:15.684766+00
2879309247,1903251,26,1,33,167,262515,9.2,47.6,22.4,40.1,,,,,"[{""type"":{""value"":56,""displayName"":""Zone""},""value"":""Back""},{""type"":{""value"":140,""displayName"":""PassEndX""},""value"":""22.4""},{""type"":{""value"":213,""displayName"":""Angle""},""value"":""5.93""},{""type"":{""value"":141,""displayName"":""PassEndY""},""value"":""40.1""},{""type"":{""value"":212,""displayName"":""Length""},""value"":""14.8""}]",true,false,false,false,Pass,Successful,FirstHalf,2025-12-05 23:16:15.684766+00
2879309297,1903251,27,1,35,167,331254,24.5,37.6,28.8,3.5,,,,,"[{""type"":{""value"":212,""displayName"":""Length""},""value"":""23.6""},{""type"":{""value"":141,""displayName"":""PassEndY""},""value"":""3.5""},{""type"":{""value"":140,""displayName"":""PassEndX""},""value"":""28.8""},{""type"":{""value"":213,""displayName"":""Angle""},""value"":""4.90""},{""type"":{""value"":56,""displayName"":""Zone""},""value"":""Back""}]",true,false,false,false,Pass,Successful,FirstHalf,2025-12-05 23:16:15.684766+00
2879309367,1903251,28,1,37,167,394933,28.7,4,14.3,26.5,,,,,"[{""type"":{""value"":141,""displayName"":""PassEndY""},""value"":""26.5""},{""type"":{""value"":56,""displayName"":""Zone""},""value"":""Back""},{""type"":{""value"":140,""displayName"":""PassEndX""},""value"":""14.3""},{""type"":{""value"":212,""displayName"":""Length""},""value"":""21.5""},{""type"":{""value"":213,""displayName"":""Angle""},""value"":""2.35""}]",true,false,false,false,Pass,Successful,FirstHalf,2025-12-05 23:16:15.684766+00
2879309463,1903251,29,1,41,167,313171,15.2,34.9,25,69.6,,,,,"[{""type"":{""value"":56,""displayName"":""Zone""},""value"":""Back""},{""type"":{""value"":140,""displayName"":""PassEndX""},""value"":""25.0""},{""type"":{""value"":141,""displayName"":""PassEndY""},""value"":""69.6""},{""type"":{""value"":213,""displayName"":""Angle""},""value"":""1.16""},{""type"":{""value"":212,""displayName"":""Length""},""value"":""25.7""}]",true,false,false,false,Pass,Successful,FirstHalf,2025-12-05 23:16:15.684766+00
2879309547,1903251,30,1,48,167,343382,29.9,62.9,37.1,71.1,,,,,"[{""type"":{""value"":56,""displayName"":""Zone""},""value"":""Back""},{""type"":{""value"":140,""displayName"":""PassEndX""},""value"":""37.1""},{""type"":{""value"":141,""displayName"":""PassEndY""},""value"":""71.1""},{""type"":{""value"":212,""displayName"":""Length""},""value"":""9.4""},{""type"":{""value"":213,""displayName"":""Angle""},""value"":""0.64""}]",true,false,false,false,Pass,Successful,FirstHalf,2025-12-05 23:16:15.684766+00
2879309613,1903251,32,1,56,167,388098,53.5,94.7,45.5,80.3,,,,,"[{""type"":{""value"":213,""displayName"":""Angle""},""value"":""4.00""},{""type"":{""value"":141,""displayName"":""PassEndY""},""value"":""80.3""},{""type"":{""value"":212,""displayName"":""Length""},""value"":""12.9""},{""type"":{""value"":140,""displayName"":""PassEndX""},""value"":""45.5""},{""type"":{""value"":56,""displayName"":""Zone""},""value"":""Back""}]",true,false,false,false,Pass,Successful,FirstHalf,2025-12-05 23:16:15.684766+00
2879309723,1903251,33,1,58,167,402664,46.1,77.5,66.5,3.5,,,,,"[{""type"":{""value"":213,""displayName"":""Angle""},""value"":""5.11""},{""type"":{""value"":212,""displayName"":""Length""},""value"":""54.7""},{""type"":{""value"":56,""displayName"":""Zone""},""value"":""Right""},{""type"":{""value"":1,""displayName"":""Longball""}},{""type"":{""value"":155,""displayName"":""Chipped""}},{""type"":{""value"":141,""displayName"":""PassEndY""},""value"":""3.5""},{""type"":{""value"":140,""displayName"":""PassEndX""},""value"":""66.5""}]",true,false,false,false,Pass,Successful,FirstHalf,2025-12-05 23:16:15.684766+00
2879309853,1903251,34,2,4,167,394933,67,7.1,57.8,24.3,,,,,"[{""type"":{""value"":212,""displayName"":""Length""},""value"":""15.2""},{""type"":{""value"":141,""displayName"":""PassEndY""},""value"":""24.3""},{""type"":{""value"":140,""displayName"":""PassEndX""},""value"":""57.8""},{""type"":{""value"":213,""displayName"":""Angle""},""value"":""2.26""},{""type"":{""value"":56,""displayName"":""Zone""},""value"":""Center""}]",true,false,false,false,Pass,Successful,FirstHalf,2025-12-05 23:16:15.684766+00
2879309897,1903251,35,2,12,167,136741,62.3,21.9,56.3,12.8,,,,,"[{""type"":{""value"":141,""displayName"":""PassEndY""},""value"":""12.8""},{""type"":{""value"":212,""displayName"":""Length""},""value"":""8.8""},{""type"":{""value"":213,""displayName"":""Angle""},""value"":""3.92""},{""type"":{""value"":140,""displayName"":""PassEndX""},""value"":""56.3""},{""type"":{""value"":56,""displayName"":""Zone""},""value"":""Right""}]",true,false,false,false,Pass,Successful,FirstHalf,2025-12-05 23:16:15.684766+00
2879309971,1903251,36,2,14,167,331254,55.1,17.4,51.4,58.8,,,,,"[{""type"":{""value"":56,""displayName"":""Zone""},""value"":""Center""},{""type"":{""value"":212,""displayName"":""Length""},""value"":""28.4""},{""type"":{""value"":213,""displayName"":""Angle""},""value"":""1.71""},{""type"":{""value"":140,""displayName"":""PassEndX""},""value"":""51.4""},{""type"":{""value"":141,""displayName"":""PassEndY""},""value"":""58.8""}]",true,false,false,false,Pass,Successful,FirstHalf,2025-12-05 23:16:15.684766+00
2879310031,1903251,37,2,18,167,402664,53.8,67.6,68.8,92.3,,,,,"[{""type"":{""value"":212,""displayName"":""Length""},""value"":""23.0""},{""type"":{""value"":213,""displayName"":""Angle""},""value"":""0.82""},{""type"":{""value"":141,""displayName"":""PassEndY""},""value"":""92.3""},{""type"":{""value"":56,""displayName"":""Zone""},""value"":""Left""},{""type"":{""value"":140,""displayName"":""PassEndX""},""value"":""68.8""}]",true,false,false,false,Pass,Successful,FirstHalf,2025-12-05 23:16:15.684766+00
2879310047,1903251,38,2,21,167,388098,71.6,85.7,79.6,65.4,,,,,"[{""type"":{""value"":212,""displayName"":""Length""},""value"":""16.2""},{""type"":{""value"":141,""displayName"":""PassEndY""},""value"":""65.4""},{""type"":{""value"":213,""displayName"":""Angle""},""value"":""5.26""},{""type"":{""value"":56,""displayName"":""Zone""},""value"":""Center""},{""type"":{""value"":140,""displayName"":""PassEndX""},""value"":""79.6""}]",true,false,false,false,Pass,Successful,FirstHalf,2025-12-05 23:16:15.684766+00
2879310051,1903251,39,2,23,167,343382,79.7,65.2,,,,,,,"[{""type"":{""value"":56,""displayName"":""Zone""},""value"":""Center""}]",true,false,false,false,BallTouch,Unsuccessful,FirstHalf,2025-12-05 23:16:15.684766+00
2879310101,1903251,12,2,25,170,396976,9,48.9,7.1,100,,,,,"[{""type"":{""value"":213,""displayName"":""Angle""},""value"":""1.63""},{""type"":{""value"":212,""displayName"":""Length""},""value"":""36.0""},{""type"":{""value"":56,""displayName"":""Zone""},""value"":""Back""},{""type"":{""value"":140,""displayName"":""PassEndX""},""value"":""7.1""},{""type"":{""value"":141,""displayName"":""PassEndY""},""value"":""100.0""}]",true,false,false,false,Clearance,Successful,FirstHalf,2025-12-05 23:16:15.684766+00
2879310213,1903251,41,2,33,167,394933,84.3,0,86,9,,,,,"[{""type"":{""value"":212,""displayName"":""Length""},""value"":""7.4""},{""type"":{""value"":141,""displayName"":""PassEndY""},""value"":""9.0""},{""type"":{""value"":213,""displayName"":""Angle""},""value"":""1.33""},{""type"":{""value"":107,""displayName"":""ThrowIn""}},{""type"":{""value"":140,""displayName"":""PassEndX""},""value"":""86.0""},{""type"":{""value"":56,""displayName"":""Zone""},""value"":""Right""}]",true,false,false,false,Pass,Successful,FirstHalf,2025-12-05 23:16:15.684766+00
2879310233,1903251,42,2,34,167,331254,87.8,11.7,81.5,3.1,,,,,"[{""type"":{""value"":213,""displayName"":""Angle""},""value"":""3.87""},{""type"":{""value"":212,""displayName"":""Length""},""value"":""8.8""},{""type"":{""value"":56,""displayName"":""Zone""},""value"":""Right""},{""type"":{""value"":140,""displayName"":""PassEndX""},""value"":""81.5""},{""type"":{""value"":141,""displayName"":""PassEndY""},""value"":""3.1""}]",true,false,false,false,Pass,Successful,FirstHalf,2025-12-05 23:16:15.684766+00
2879310269,1903251,43,2,35,167,394933,78.3,2.3,65.9,6.5,,,,,"[{""type"":{""value"":56,""displayName"":""Zone""},""value"":""Right""},{""type"":{""value"":213,""displayName"":""Angle""},""value"":""2.93""},{""type"":{""value"":140,""displayName"":""PassEndX""},""value"":""65.9""},{""type"":{""value"":141,""displayName"":""PassEndY""},""value"":""6.5""},{""type"":{""value"":212,""displayName"":""Length""},""value"":""13.3""}]",true,false,false,false,Pass,Successful,FirstHalf,2025-12-05 23:16:15.684766+00
2879310295,1903251,44,2,37,167,136741,65.9,6.7,73.6,11.3,,,,,"[{""type"":{""value"":141,""displayName"":""PassEndY""},""value"":""11.3""},{""type"":{""value"":140,""displayName"":""PassEndX""},""value"":""73.6""},{""type"":{""value"":56,""displayName"":""Zone""},""value"":""Right""},{""type"":{""value"":212,""displayName"":""Length""},""value"":""8.7""},{""type"":{""value"":213,""displayName"":""Angle""},""value"":""0.37""}]",true,false,false,false,Pass,Successful,FirstHalf,2025-12-05 23:16:15.684766+00
2879310361,1903251,45,2,38,167,331254,73.8,11.4,55.3,7.3,,,,,"[{""type"":{""value"":141,""displayName"":""PassEndY""},""value"":""7.3""},{""type"":{""value"":212,""displayName"":""Length""},""value"":""19.6""},{""type"":{""value"":213,""displayName"":""Angle""},""value"":""3.28""},{""type"":{""value"":140,""displayName"":""PassEndX""},""value"":""55.3""},{""type"":{""value"":56,""displayName"":""Zone""},""value"":""Right""}]",true,false,false,false,Pass,Successful,FirstHalf,2025-12-05 23:16:15.684766+00
2879310445,1903251,46,2,41,167,136741,55.3,7.3,46.9,16.1,,,,,"[{""type"":{""value"":141,""displayName"":""PassEndY""},""value"":""16.1""},{""type"":{""value"":56,""displayName"":""Zone""},""value"":""Back""},{""type"":{""value"":212,""displayName"":""Length""},""value"":""10.7""},{""type"":{""value"":213,""displayName"":""Angle""},""value"":""2.55""},{""type"":{""value"":140,""displayName"":""PassEndX""},""value"":""46.9""}]",true,false,false,false,Pass,Successful,FirstHalf,2025-12-05 23:16:15.684766+00
2879310463,1903251,47,2,45,167,313171,54.7,23.7,62,23.1,,,,,"[{""type"":{""value"":141,""displayName"":""PassEndY""},""value"":""23.1""},{""type"":{""value"":212,""displayName"":""Length""},""value"":""7.7""},{""type"":{""value"":56,""displayName"":""Zone""},""value"":""Center""},{""type"":{""value"":140,""displayName"":""PassEndX""},""value"":""62.0""},{""type"":{""value"":213,""displayName"":""Angle""},""value"":""6.23""}]",true,false,false,false,Pass,Successful,FirstHalf,2025-12-05 23:16:15.684766+00
2879310517,1903251,48,2,46,167,331254,62,23.1,53.4,27.7,,,,,"[{""type"":{""value"":212,""displayName"":""Length""},""value"":""9.6""},{""type"":{""value"":141,""displayName"":""PassEndY""},""value"":""27.7""},{""type"":{""value"":140,""displayName"":""PassEndX""},""value"":""53.4""},{""type"":{""value"":213,""displayName"":""Angle""},""value"":""2.81""},{""type"":{""value"":56,""displayName"":""Zone""},""value"":""Center""}]",true,false,false,false,Pass,Successful,FirstHalf,2025-12-05 23:16:15.684766+00
2879310579,1903251,49,2,49,167,313171,55.2,27,100,22.5,,,,,"[{""type"":{""value"":213,""displayName"":""Angle""},""value"":""6.22""},{""type"":{""value"":212,""displayName"":""Length""},""value"":""48.2""},{""type"":{""value"":155,""displayName"":""Chipped""}},{""type"":{""value"":141,""displayName"":""PassEndY""},""value"":""22.5""},{""type"":{""value"":140,""displayName"":""PassEndX""},""value"":""100.0""},{""type"":{""value"":1,""displayName"":""Longball""}},{""type"":{""value"":56,""displayName"":""Zone""},""value"":""Center""}]",true,false,false,false,Pass,Unsuccessful,FirstHalf,2025-12-05 23:16:15.684766+00
2879310979,1903251,15,3,14,170,396976,5.2,60.7,4.2,49.7,,,,,"[{""type"":{""value"":56,""displayName"":""Zone""},""value"":""Back""},{""type"":{""value"":124,""displayName"":""GoalKick""}},{""type"":{""value"":140,""displayName"":""PassEndX""},""value"":""4.2""},{""type"":{""value"":213,""displayName"":""Angle""},""value"":""4.57""},{""type"":{""value"":212,""displayName"":""Length""},""value"":""7.6""},{""type"":{""value"":141,""displayName"":""PassEndY""},""value"":""49.7""}]",true,false,false,false,Pass,Successful,FirstHalf,2025-12-05 23:16:15.684766+00
2879311009,1903251,16,3,17,170,92173,4,49.5,5.4,30.1,,,,,"[{""type"":{""value"":212,""displayName"":""Length""},""value"":""13.3""},{""type"":{""value"":141,""displayName"":""PassEndY""},""value"":""30.1""},{""type"":{""value"":140,""displayName"":""PassEndX""},""value"":""5.4""},{""type"":{""value"":56,""displayName"":""Zone""},""value"":""Back""},{""type"":{""value"":213,""displayName"":""Angle""},""value"":""4.82""}]",true,false,false,false,Pass,Successful,FirstHalf,2025-12-05 23:16:15.684766+00
2879311051,1903251,17,3,18,170,231135,4.4,28.4,10.9,5.4,,,,,"[{""type"":{""value"":56,""displayName"":""Zone""},""value"":""Back""},{""type"":{""value"":212,""displayName"":""Length""},""value"":""17.1""},{""type"":{""value"":213,""displayName"":""Angle""},""value"":""5.12""},{""type"":{""value"":140,""displayName"":""PassEndX""},""value"":""10.9""},{""type"":{""value"":141,""displayName"":""PassEndY""},""value"":""5.4""}]",true,false,false,false,Pass,Successful,FirstHalf,2025-12-05 23:16:15.684766+00
2879311055,1903251,18,3,21,170,145996,10.8,5.2,15.5,5.5,,,,,"[{""type"":{""value"":213,""displayName"":""Angle""},""value"":""0.04""},{""type"":{""value"":155,""displayName"":""Chipped""}},{""type"":{""value"":212,""displayName"":""Length""},""value"":""4.9""},{""type"":{""value"":140,""displayName"":""PassEndX""},""value"":""15.5""},{""type"":{""value"":56,""displayName"":""Zone""},""value"":""Back""},{""type"":{""value"":141,""displayName"":""PassEndY""},""value"":""5.5""}]",true,false,false,false,Pass,Unsuccessful,FirstHalf,2025-12-05 23:16:15.684766+00
2879311095,1903251,51,3,24,167,468847,80.6,92.7,,,,,,,"[{""type"":{""value"":56,""displayName"":""Zone""},""value"":""Left""}]",true,false,false,false,BallTouch,Successful,FirstHalf,2025-12-05 23:16:15.684766+00
2879311365,1903251,20,3,33,170,145996,32.1,0,30.5,12,,,,,"[{""type"":{""value"":56,""displayName"":""Zone""},""value"":""Back""},{""type"":{""value"":107,""displayName"":""ThrowIn""}},{""type"":{""value"":212,""displayName"":""Length""},""value"":""8.9""},{""type"":{""value"":141,""displayName"":""PassEndY""},""value"":""12.0""},{""type"":{""value"":140,""displayName"":""PassEndX""},""value"":""30.5""},{""type"":{""value"":213,""displayName"":""Angle""},""value"":""1.76""}]",true,false,false,false,Pass,Successful,FirstHalf,2025-12-05 23:16:15.684766+00
2879311391,1903251,21,3,36,170,321020,30.5,12.9,28.3,5.4,,,,,"[{""type"":{""value"":140,""displayName"":""PassEndX""},""value"":""28.3""},{""type"":{""value"":141,""displayName"":""PassEndY""},""value"":""5.4""},{""type"":{""value"":56,""displayName"":""Zone""},""value"":""Back""},{""type"":{""value"":212,""displayName"":""Length""},""value"":""5.6""},{""type"":{""value"":213,""displayName"":""Angle""},""value"":""4.29""}]",true,false,false,false,Pass,Successful,FirstHalf,2025-12-05 23:16:15.684766+00
2879311485,1903251,22,3,37,170,145996,28.3,5.4,16.4,6,,,,,"[{""type"":{""value"":56,""displayName"":""Zone""},""value"":""Back""},{""type"":{""value"":140,""displayName"":""PassEndX""},""value"":""16.4""},{""type"":{""value"":141,""displayName"":""PassEndY""},""value"":""6.0""},{""type"":{""value"":213,""displayName"":""Angle""},""value"":""3.11""},{""type"":{""value"":212,""displayName"":""Length""},""value"":""12.5""}]",true,false,false,false,Pass,Successful,FirstHalf,2025-12-05 23:16:15.684766+00
2879311507,1903251,23,3,41,170,231135,12.3,5.5,35,0,,,,,"[{""type"":{""value"":140,""displayName"":""PassEndX""},""value"":""35.0""},{""type"":{""value"":212,""displayName"":""Length""},""value"":""24.2""},{""type"":{""value"":141,""displayName"":""PassEndY""},""value"":""0.0""},{""type"":{""value"":56,""displayName"":""Zone""},""value"":""Back""},{""type"":{""value"":213,""displayName"":""Angle""},""value"":""6.10""},{""type"":{""value"":1,""displayName"":""Longball""}}]",true,false,false,false,Pass,Unsuccessful,FirstHalf,2025-12-05 23:16:15.684766+00
2879311715,1903251,54,3,52,167,468847,68.3,100,72.7,87.2,,,,,"[{""type"":{""value"":213,""displayName"":""Angle""},""value"":""5.15""},{""type"":{""value"":212,""displayName"":""Length""},""value"":""10.9""},{""type"":{""value"":107,""displayName"":""ThrowIn""}},{""type"":{""value"":140,""displayName"":""PassEndX""},""value"":""72.7""},{""type"":{""value"":56,""displayName"":""Zone""},""value"":""Left""},{""type"":{""value"":141,""displayName"":""PassEndY""},""value"":""87.2""}]",true,false,false,false,Pass,Successful,FirstHalf,2025-12-05 23:16:15.684766+00
2879311725,1903251,55,3,54,167,388098,72.7,87.2,64.7,94.8,,,,,"[{""type"":{""value"":212,""displayName"":""Length""},""value"":""9.9""},{""type"":{""value"":213,""displayName"":""Angle""},""value"":""2.59""},{""type"":{""value"":141,""displayName"":""PassEndY""},""value"":""94.8""},{""type"":{""value"":140,""displayName"":""PassEndX""},""value"":""64.7""},{""type"":{""value"":56,""displayName"":""Zone""},""value"":""Left""}]",true,false,false,false,Pass,Unsuccessful,FirstHalf,2025-12-05 23:16:15.684766+00
2879311753,1903251,25,3,56,170,363686,35.3,5.2,,,,,,,"[{""type"":{""value"":56,""displayName"":""Zone""},""value"":""Back""}]",true,false,false,false,Interception,Successful,FirstHalf,2025-12-05 23:16:15.684766+00
2879311765,1903251,26,3,56,170,363686,37.6,5.7,,,,,,,[],false,false,false,false,BallRecovery,Successful,FirstHalf,2025-12-05 23:16:15.684766+00
2879311797,1903251,27,3,56,170,363686,37.6,5.7,32.9,9.5,,,,,"[{""type"":{""value"":140,""displayName"":""PassEndX""},""value"":""32.9""},{""type"":{""value"":213,""displayName"":""Angle""},""value"":""2.66""},{""type"":{""value"":56,""displayName"":""Zone""},""value"":""Back""},{""type"":{""value"":212,""displayName"":""Length""},""value"":""5.6""},{""type"":{""value"":141,""displayName"":""PassEndY""},""value"":""9.5""}]",true,false,false,false,Pass,Successful,FirstHalf,2025-12-05 23:16:15.684766+00
2879311807,1903251,28,3,58,170,145996,33,8.6,25.9,8.4,,,,,"[{""type"":{""value"":141,""displayName"":""PassEndY""},""value"":""8.4""},{""type"":{""value"":140,""displayName"":""PassEndX""},""value"":""25.9""},{""type"":{""value"":56,""displayName"":""Zone""},""value"":""Back""},{""type"":{""value"":213,""displayName"":""Angle""},""value"":""3.16""},{""type"":{""value"":212,""displayName"":""Length""},""value"":""7.5""}]",true,false,false,false,Pass,Unsuccessful,FirstHalf,2025-12-05 23:16:15.684766+00
2879311811,1903251,56,3,58,167,343382,73,93.2,,,,,,,[],false,false,false,false,BallRecovery,Successful,FirstHalf,2025-12-05 23:16:15.684766+00
2879311931,1903251,57,4,0,167,343382,78.1,96.3,70,90.9,,,,,"[{""type"":{""value"":56,""displayName"":""Zone""},""value"":""Left""},{""type"":{""value"":140,""displayName"":""PassEndX""},""value"":""70.0""},{""type"":{""value"":141,""displayName"":""PassEndY""},""value"":""90.9""},{""type"":{""value"":213,""displayName"":""Angle""},""value"":""3.55""},{""type"":{""value"":212,""displayName"":""Length""},""value"":""9.3""}]",true,false,false,false,Pass,Successful,FirstHalf,2025-12-05 23:16:15.684766+00
2879311943,1903251,58,4,3,167,468847,75.9,93.8,62.7,97.8,,,,,"[{""type"":{""value"":212,""displayName"":""Length""},""value"":""14.1""},{""type"":{""value"":141,""displayName"":""PassEndY""},""value"":""97.8""},{""type"":{""value"":213,""displayName"":""Angle""},""value"":""2.95""},{""type"":{""value"":140,""displayName"":""PassEndX""},""value"":""62.7""},{""type"":{""value"":56,""displayName"":""Zone""},""value"":""Left""}]",true,false,false,false,Pass,Successful,FirstHalf,2025-12-05 23:16:15.684766+00
2879312011,1903251,59,4,5,167,422939,62.4,97.5,57.7,83.3,,,,,"[{""type"":{""value"":140,""displayName"":""PassEndX""},""value"":""57.7""},{""type"":{""value"":141,""displayName"":""PassEndY""},""value"":""83.3""},{""type"":{""value"":56,""displayName"":""Zone""},""value"":""Left""},{""type"":{""value"":212,""displayName"":""Length""},""value"":""10.8""},{""type"":{""value"":213,""displayName"":""Angle""},""value"":""4.24""}]",true,false,false,false,Pass,Successful,FirstHalf,2025-12-05 23:16:15.684766+00
2879312061,1903251,60,4,7,167,402664,56.9,76.4,52.6,43,,,,,"[{""type"":{""value"":212,""displayName"":""Length""},""value"":""23.2""},{""type"":{""value"":140,""displayName"":""PassEndX""},""value"":""52.6""},{""type"":{""value"":141,""displayName"":""PassEndY""},""value"":""43.0""},{""type"":{""value"":213,""displayName"":""Angle""},""value"":""4.52""},{""type"":{""value"":56,""displayName"":""Zone""},""value"":""Center""}]",true,false,false,false,Pass,Successful,FirstHalf,2025-12-05 23:16:15.684766+00
2879312089,1903251,61,4,9,167,313171,52.6,43,58,43,,,,,"[{""type"":{""value"":141,""displayName"":""PassEndY""},""value"":""43.0""},{""type"":{""value"":140,""displayName"":""PassEndX""},""value"":""58.0""},{""type"":{""value"":212,""displayName"":""Length""},""value"":""5.7""},{""type"":{""value"":213,""displayName"":""Angle""},""value"":""0.00""},{""type"":{""value"":56,""displayName"":""Zone""},""value"":""Center""}]",true,false,false,false,Pass,Successful,FirstHalf,2025-12-05 23:16:15.684766+00
2879312095,1903251,62,4,11,167,136741,58,43,45.7,56,,,,,"[{""type"":{""value"":212,""displayName"":""Length""},""value"":""15.7""},{""type"":{""value"":213,""displayName"":""Angle""},""value"":""2.54""},{""type"":{""value"":140,""displayName"":""PassEndX""},""value"":""45.7""},{""type"":{""value"":141,""displayName"":""PassEndY""},""value"":""56.0""},{""type"":{""value"":56,""displayName"":""Zone""},""value"":""Back""},{""type"":{""value"":156,""displayName"":""LayOff""}}]",true,false,false,false,Pass,Successful,FirstHalf,2025-12-05 23:16:15.684766+00
2879312215,1903251,63,4,14,167,402664,45.1,44,65.6,3.1,,,,,"[{""type"":{""value"":140,""displayName"":""PassEndX""},""value"":""65.6""},{""type"":{""value"":56,""displayName"":""Zone""},""value"":""Right""},{""type"":{""value"":1,""displayName"":""Longball""}},{""type"":{""value"":141,""displayName"":""PassEndY""},""value"":""3.1""},{""type"":{""value"":212,""displayName"":""Length""},""value"":""35.2""},{""type"":{""value"":213,""displayName"":""Angle""},""value"":""5.37""},{""type"":{""value"":155,""displayName"":""Chipped""}}]",true,false,false,false,Pass,Successful,FirstHalf,2025-12-05 23:16:15.684766+00
2879312295,1903251,64,4,20,167,394933,57,4.7,38.9,13.2,,,,,"[{""type"":{""value"":212,""displayName"":""Length""},""value"":""19.9""},{""type"":{""value"":213,""displayName"":""Angle""},""value"":""2.85""},{""type"":{""value"":140,""displayName"":""PassEndX""},""value"":""38.9""},{""type"":{""value"":56,""displayName"":""Zone""},""value"":""Back""},{""type"":{""value"":141,""displayName"":""PassEndY""},""value"":""13.2""}]",true,false,false,false,Pass,Successful,FirstHalf,2025-12-05 23:16:15.684766+00
2879312333,1903251,65,4,24,167,313171,37.3,25.3,36.7,59.9,,,,,"[{""type"":{""value"":56,""displayName"":""Zone""},""value"":""Back""},{""type"":{""value"":213,""displayName"":""Angle""},""value"":""1.60""},{""type"":{""value"":212,""displayName"":""Length""},""value"":""23.5""},{""type"":{""value"":141,""displayName"":""PassEndY""},""value"":""59.9""},{""type"":{""value"":140,""displayName"":""PassEndX""},""value"":""36.7""}]",true,false,false,false,Pass,Successful,FirstHalf,2025-12-05 23:16:15.684766+00
2879312387,1903251,66,4,26,167,402664,42.3,61.7,79.5,1,,,,,"[{""type"":{""value"":1,""displayName"":""Longball""}},{""type"":{""value"":155,""displayName"":""Chipped""}},{""type"":{""value"":140,""displayName"":""PassEndX""},""value"":""79.5""},{""type"":{""value"":212,""displayName"":""Length""},""value"":""56.8""},{""type"":{""value"":213,""displayName"":""Angle""},""value"":""5.47""},{""type"":{""value"":56,""displayName"":""Zone""},""value"":""Right""},{""type"":{""value"":141,""displayName"":""PassEndY""},""value"":""1.0""}]",true,false,false,false,Pass,Successful,FirstHalf,2025-12-05 23:16:15.684766+00
2879312419,1903251,67,4,29,167,394933,81.1,2.5,80.4,18.9,,,,,"[{""type"":{""value"":213,""displayName"":""Angle""},""value"":""1.64""},{""type"":{""value"":56,""displayName"":""Zone""},""value"":""Right""},{""type"":{""value"":140,""displayName"":""PassEndX""},""value"":""80.4""},{""type"":{""value"":3,""displayName"":""HeadPass""}},{""type"":{""value"":141,""displayName"":""PassEndY""},""value"":""18.9""},{""type"":{""value"":212,""displayName"":""Length""},""value"":""11.2""}]",true,false,false,false,Pass,Successful,FirstHalf,2025-12-05 23:16:15.684766+00
2879312499,1903251,69,4,33,167,331254,77.4,33.7,76.9,62.3,,,,,"[{""type"":{""value"":140,""displayName"":""PassEndX""},""value"":""76.9""},{""type"":{""value"":210,""displayName"":""ShotAssist""},""value"":""15""},{""type"":{""value"":141,""displayName"":""PassEndY""},""value"":""62.3""},{""type"":{""value"":56,""displayName"":""Zone""},""value"":""Center""},{""type"":{""value"":212,""displayName"":""Length""},""value"":""19.5""},{""type"":{""value"":213,""displayName"":""Angle""},""value"":""1.60""},{""type"":{""value"":11113,""displayName"":""KeyPass""}}]",true,false,false,false,Pass,Successful,FirstHalf,2025-12-05 23:16:15.684766+00
2879312503,1903251,70,4,35,167,388098,77.2,54.6,,,80.7,54,19,50.7,"[{""type"":{""value"":102,""displayName"":""GoalMouthY""},""value"":""50.7""},{""type"":{""value"":103,""displayName"":""GoalMouthZ""},""value"":""19""},{""type"":{""value"":20,""displayName"":""RightFoot""}},{""type"":{""value"":22,""displayName"":""RegularPlay""}},{""type"":{""value"":215,""displayName"":""IndividualPlay""}},{""type"":{""value"":146,""displayName"":""BlockedX""},""value"":""80.7""},{""type"":{""value"":29,""displayName"":""Assisted""}},{""type"":{""value"":82,""displayName"":""Blocked""}},{""type"":{""value"":55,""displayName"":""RelatedEventId""},""value"":""69""},{""type"":{""value"":233,""displayName"":""OppositeRelatedEvent""},""value"":""30""},{""type"":{""value"":18,""displayName"":""OutOfBoxCentre""}},{""type"":{""value"":147,""displayName"":""BlockedY""},""value"":""54.0""},{""type"":{""value"":56,""displayName"":""Zone""},""value"":""Center""},{""type"":{""value"":78,""displayName"":""LowCentre""}}]",true,true,false,false,SavedShot,Successful,FirstHalf,2025-12-05 23:16:15.684766+00
2879312521,1903251,30,4,35,170,231135,18.1,46.6,,,,,,,"[{""type"":{""value"":233,""displayName"":""OppositeRelatedEvent""},""value"":""70""},{""type"":{""value"":94,""displayName"":""OutfielderBlock""}},{""type"":{""value"":56,""displayName"":""Zone""},""value"":""Back""}]",true,false,false,false,Save,Successful,FirstHalf,2025-12-05 23:16:15.684766+00
2879312539,1903251,31,4,36,170,321020,17.6,52.7,,,,,,,"[{""type"":{""value"":56,""displayName"":""Zone""},""value"":""Back""}]",true,false,false,false,BallTouch,Successful,FirstHalf,2025-12-05 23:16:15.684766+00
2879312565,1903251,32,4,37,170,231135,17,48.2,,,,,,,"[{""type"":{""value"":56,""displayName"":""Zone""},""value"":""Back""}]",true,false,false,false,BallTouch,Successful,FirstHalf,2025-12-05 23:16:15.684766+00
2879312599,1903251,33,4,38,170,396976,14.3,48.9,26.1,45.9,,,,,"[{""type"":{""value"":212,""displayName"":""Length""},""value"":""12.6""},{""type"":{""value"":213,""displayName"":""Angle""},""value"":""6.12""},{""type"":{""value"":141,""displayName"":""PassEndY""},""value"":""45.9""},{""type"":{""value"":140,""displayName"":""PassEndX""},""value"":""26.1""},{""type"":{""value"":56,""displayName"":""Zone""},""value"":""Back""},{""type"":{""value"":15,""displayName"":""Head""}}]",true,false,false,false,Clearance,Successful,FirstHalf,2025-12-05 23:16:15.684766+00
2879312657,1903251,71,4,40,167,422939,69.5,65.7,67,76,,,,,"[{""type"":{""value"":56,""displayName"":""Zone""},""value"":""Center""},{""type"":{""value"":141,""displayName"":""PassEndY""},""value"":""76.0""},{""type"":{""value"":140,""displayName"":""PassEndX""},""value"":""67.0""},{""type"":{""value"":213,""displayName"":""Angle""},""value"":""1.93""},{""type"":{""value"":212,""displayName"":""Length""},""value"":""7.5""}]",true,false,false,false,Pass,Successful,FirstHalf,2025-12-05 23:16:15.684766+00
2879312683,1903251,72,4,42,167,468847,64.6,73,59.5,65.1,,,,,"[{""type"":{""value"":56,""displayName"":""Zone""},""value"":""Center""},{""type"":{""value"":213,""displayName"":""Angle""},""value"":""3.93""},{""type"":{""value"":140,""displayName"":""PassEndX""},""value"":""59.5""},{""type"":{""value"":141,""displayName"":""PassEndY""},""value"":""65.1""},{""type"":{""value"":212,""displayName"":""Length""},""value"":""7.6""}]",true,false,false,false,Pass,Successful,FirstHalf,2025-12-05 23:16:15.684766+00
2879312777,1903251,73,4,43,167,422939,59.4,64.9,53.7,76.9,,,,,"[{""type"":{""value"":212,""displayName"":""Length""},""value"":""10.1""},{""type"":{""value"":213,""displayName"":""Angle""},""value"":""2.20""},{""type"":{""value"":140,""displayName"":""PassEndX""},""value"":""53.7""},{""type"":{""value"":56,""displayName"":""Zone""},""value"":""Center""},{""type"":{""value"":141,""displayName"":""PassEndY""},""value"":""76.9""}]",true,false,false,false,Pass,Successful,FirstHalf,2025-12-05 23:16:15.684766+00
2879312827,1903251,74,4,47,167,402664,56.2,79.4,48.5,61.1,,,,,"[{""type"":{""value"":56,""displayName"":""Zone""},""value"":""Back""},{""type"":{""value"":140,""displayName"":""PassEndX""},""value"":""48.5""},{""type"":{""value"":213,""displayName"":""Angle""},""value"":""4.14""},{""type"":{""value"":141,""displayName"":""PassEndY""},""value"":""61.1""},{""type"":{""value"":212,""displayName"":""Length""},""value"":""14.8""}]",true,false,false,false,Pass,Successful,FirstHalf,2025-12-05 23:16:15.684766+00
2879312915,1903251,75,4,50,167,422939,45.6,55.8,55.8,20.3,,,,,"[{""type"":{""value"":141,""displayName"":""PassEndY""},""value"":""20.3""},{""type"":{""value"":212,""displayName"":""Length""},""value"":""26.4""},{""type"":{""value"":213,""displayName"":""Angle""},""value"":""5.13""},{""type"":{""value"":56,""displayName"":""Zone""},""value"":""Right""},{""type"":{""value"":140,""displayName"":""PassEndX""},""value"":""55.8""}]",true,false,false,false,Pass,Successful,FirstHalf,2025-12-05 23:16:15.684766+00
2879312979,1903251,76,4,53,167,136741,53.7,23.6,66,2.5,,,,,"[{""type"":{""value"":212,""displayName"":""Length""},""value"":""19.3""},{""type"":{""value"":140,""displayName"":""PassEndX""},""value"":""66.0""},{""type"":{""value"":141,""displayName"":""PassEndY""},""value"":""2.5""},{""type"":{""value"":56,""displayName"":""Zone""},""value"":""Right""},{""type"":{""value"":213,""displayName"":""Angle""},""value"":""5.45""}]",true,false,false,false,Pass,Successful,FirstHalf,2025-12-05 23:16:15.684766+00
2879313009,1903251,77,4,57,167,394933,66.3,4.6,58.4,12.8,,,,,"[{""type"":{""value"":213,""displayName"":""Angle""},""value"":""2.55""},{""type"":{""value"":140,""displayName"":""PassEndX""},""value"":""58.4""},{""type"":{""value"":56,""displayName"":""Zone""},""value"":""Right""},{""type"":{""value"":212,""displayName"":""Length""},""value"":""10.0""},{""type"":{""value"":141,""displayName"":""PassEndY""},""value"":""12.8""}]",true,false,false,false,Pass,Successful,FirstHalf,2025-12-05 23:16:15.684766+00
2879313061,1903251,78,4,59,167,136741,54.6,14.4,41.8,28.9,,,,,"[{""type"":{""value"":56,""displayName"":""Zone""},""value"":""Back""},{""type"":{""value"":213,""displayName"":""Angle""},""value"":""2.51""},{""type"":{""value"":212,""displayName"":""Length""},""value"":""16.7""},{""type"":{""value"":141,""displayName"":""PassEndY""},""value"":""28.9""},{""type"":{""value"":140,""displayName"":""PassEndX""},""value"":""41.8""}]",true,false,false,false,Pass,Successful,FirstHalf,2025-12-05 23:16:15.684766+00
2879313105,1903251,79,5,2,167,313171,40.9,28.9,43.4,6.8,,,,,"[{""type"":{""value"":213,""displayName"":""Angle""},""value"":""4.89""},{""type"":{""value"":212,""displayName"":""Length""},""value"":""15.3""},{""type"":{""value"":56,""displayName"":""Zone""},""value"":""Back""},{""type"":{""value"":141,""displayName"":""PassEndY""},""value"":""6.8""},{""type"":{""value"":140,""displayName"":""PassEndX""},""value"":""43.4""}]",true,false,false,false,Pass,Successful,FirstHalf,2025-12-05 23:16:15.684766+00
2879313241,1903251,80,5,5,167,136741,39.1,7.4,31.1,30.3,,,,,"[{""type"":{""value"":141,""displayName"":""PassEndY""},""value"":""30.3""},{""type"":{""value"":212,""displayName"":""Length""},""value"":""17.7""},{""type"":{""value"":213,""displayName"":""Angle""},""value"":""2.07""},{""type"":{""value"":140,""displayName"":""PassEndX""},""value"":""31.1""},{""type"":{""value"":56,""displayName"":""Zone""},""value"":""Back""}]",true,false,false,false,Pass,Successful,FirstHalf,2025-12-05 23:16:15.684766+00
2879313281,1903251,81,5,11,167,313171,31.9,38.8,34.3,23.9,,,,,"[{""type"":{""value"":141,""displayName"":""PassEndY""},""value"":""23.9""},{""type"":{""value"":212,""displayName"":""Length""},""value"":""10.4""},{""type"":{""value"":213,""displayName"":""Angle""},""value"":""4.96""},{""type"":{""value"":140,""displayName"":""PassEndX""},""value"":""34.3""},{""type"":{""value"":56,""displayName"":""Zone""},""value"":""Back""}]",true,false,false,false,Pass,Successful,FirstHalf,2025-12-05 23:16:15.684766+00
2879313311,1903251,82,5,14,167,136741,37.6,21.8,49.8,3.4,,,,,"[{""type"":{""value"":213,""displayName"":""Angle""},""value"":""5.51""},{""type"":{""value"":140,""displayName"":""PassEndX""},""value"":""49.8""},{""type"":{""value"":56,""displayName"":""Zone""},""value"":""Back""},{""type"":{""value"":141,""displayName"":""PassEndY""},""value"":""3.4""},{""type"":{""value"":212,""displayName"":""Length""},""value"":""17.9""}]",true,false,false,false,Pass,Successful,FirstHalf,2025-12-05 23:16:15.684766+00
2879313341,1903251,83,5,16,167,394933,55.1,3.8,65.1,21,,,,,"[{""type"":{""value"":212,""displayName"":""Length""},""value"":""15.7""},{""type"":{""value"":141,""displayName"":""PassEndY""},""value"":""21.0""},{""type"":{""value"":213,""displayName"":""Angle""},""value"":""0.84""},{""type"":{""value"":140,""displayName"":""PassEndX""},""value"":""65.1""},{""type"":{""value"":56,""displayName"":""Zone""},""value"":""Right""}]",true,false,false,false,Pass,Successful,FirstHalf,2025-12-05 23:16:15.684766+00
2879313387,1903251,84,5,18,167,331254,68.4,25.2,80.9,53.6,,,,,"[{""type"":{""value"":210,""displayName"":""ShotAssist""},""value"":""14""},{""type"":{""value"":141,""displayName"":""PassEndY""},""value"":""53.6""},{""type"":{""value"":56,""displayName"":""Zone""},""value"":""Center""},{""type"":{""value"":212,""displayName"":""Length""},""value"":""23.3""},{""type"":{""value"":140,""displayName"":""PassEndX""},""value"":""80.9""},{""type"":{""value"":154,""displayName"":""IntentionalAssist""}},{""type"":{""value"":4,""displayName"":""Throughball""}},{""type"":{""value"":213,""displayName"":""Angle""},""value"":""0.97""},{""type"":{""value"":11112,""displayName"":""BigChanceCreated""}},{""type"":{""value"":11113,""displayName"":""KeyPass""}}]",true,false,false,false,Pass,Successful,FirstHalf,2025-12-05 23:16:15.684766+00
2879313397,1903251,85,5,20,167,315227,87.1,53.8,,,,,5.1,55.5,"[{""type"":{""value"":29,""displayName"":""Assisted""}},{""type"":{""value"":22,""displayName"":""RegularPlay""}},{""type"":{""value"":17,""displayName"":""BoxCentre""}},{""type"":{""value"":73,""displayName"":""MissLeft""}},{""type"":{""value"":56,""displayName"":""Zone""},""value"":""Center""},{""type"":{""value"":89,""displayName"":""OneOnOne""}},{""type"":{""value"":214,""displayName"":""BigChance""}},{""type"":{""value"":72,""displayName"":""LeftFoot""}},{""type"":{""value"":103,""displayName"":""GoalMouthZ""},""value"":""5.1""},{""type"":{""value"":102,""displayName"":""GoalMouthY""},""value"":""55.5""},{""type"":{""value"":55,""displayName"":""RelatedEventId""},""value"":""84""},{""type"":{""value"":154,""displayName"":""IntentionalAssist""}}]",true,true,false,false,ShotOnPost,Successful,FirstHalf,2025-12-05 23:16:15.684766+00
2879314023,1903251,35,5,55,170,92173,5.6,50.8,65.1,79.1,,,,,"[{""type"":{""value"":56,""displayName"":""Zone""},""value"":""Left""},{""type"":{""value"":74,""displayName"":""MissHigh""}},{""type"":{""value"":1,""displayName"":""Longball""}},{""type"":{""value"":140,""displayName"":""PassEndX""},""value"":""65.1""},{""type"":{""value"":213,""displayName"":""Angle""},""value"":""0.30""},{""type"":{""value"":212,""displayName"":""Length""},""value"":""65.4""},{""type"":{""value"":141,""displayName"":""PassEndY""},""value"":""79.1""},{""type"":{""value"":124,""displayName"":""GoalKick""}}]",true,false,false,false,Pass,Unsuccessful,FirstHalf,2025-12-05 23:16:15.684766+00
2879314145,1903251,87,6,0,167,394933,30.9,20.3,60.6,28,,,,,"[{""type"":{""value"":56,""displayName"":""Zone""},""value"":""Center""},{""type"":{""value"":213,""displayName"":""Angle""},""value"":""0.17""},{""type"":{""value"":140,""displayName"":""PassEndX""},""value"":""60.6""},{""type"":{""value"":141,""displayName"":""PassEndY""},""value"":""28.0""},{""type"":{""value"":212,""displayName"":""Length""},""value"":""31.6""}]",true,false,false,false,Clearance,Successful,FirstHalf,2025-12-05 23:16:15.684766+00
2879314153,1903251,88,6,5,167,315227,62.8,30.5,,,,,,,"[{""type"":{""value"":286,""displayName"":""Offensive""}},{""type"":{""value"":233,""displayName"":""OppositeRelatedEvent""},""value"":""36""},{""type"":{""value"":56,""displayName"":""Zone""},""value"":""Center""},{""type"":{""value"":13,""displayName"":""Foul""}}]",true,false,false,false,Foul,Successful,FirstHalf,2025-12-05 23:16:15.684766+00
2879314189,1903251,36,6,5,170,396976,37.2,69.5,,,,,,,"[{""type"":{""value"":56,""displayName"":""Zone""},""value"":""Back""},{""type"":{""value"":285,""displayName"":""Defensive""}},{""type"":{""value"":233,""displayName"":""OppositeRelatedEvent""},""value"":""88""},{""type"":{""value"":13,""displayName"":""Foul""}}]",false,false,false,false,Foul,Unsuccessful,FirstHalf,2025-12-05 23:16:15.684766+00
2879314451,1903251,90,6,23,167,136741,62.3,29.4,68,3.8,,,,,"[{""type"":{""value"":140,""displayName"":""PassEndX""},""value"":""68.0""},{""type"":{""value"":56,""displayName"":""Zone""},""value"":""Right""},{""type"":{""value"":5,""displayName"":""FreekickTaken""}},{""type"":{""value"":141,""displayName"":""PassEndY""},""value"":""3.8""},{""type"":{""value"":155,""displayName"":""Chipped""}},{""type"":{""value"":212,""displayName"":""Length""},""value"":""18.4""},{""type"":{""value"":213,""displayName"":""Angle""},""value"":""5.04""}]",true,false,false,false,Pass,Successful,FirstHalf,2025-12-05 23:16:15.684766+00
2879314499,1903251,91,6,25,167,394933,68,3.8,55.8,5.3,,,,,"[{""type"":{""value"":213,""displayName"":""Angle""},""value"":""3.06""},{""type"":{""value"":212,""displayName"":""Length""},""value"":""12.9""},{""type"":{""value"":56,""displayName"":""Zone""},""value"":""Right""},{""type"":{""value"":141,""displayName"":""PassEndY""},""value"":""5.3""},{""type"":{""value"":140,""displayName"":""PassEndX""},""value"":""55.8""}]",true,false,false,false,Pass,Successful,FirstHalf,2025-12-05 23:16:15.684766+00
2879314565,1903251,92,6,27,167,136741,53.4,5,37.2,23.3,,,,,"[{""type"":{""value"":212,""displayName"":""Length""},""value"":""21.1""},{""type"":{""value"":141,""displayName"":""PassEndY""},""value"":""23.3""},{""type"":{""value"":213,""displayName"":""Angle""},""value"":""2.51""},{""type"":{""value"":140,""displayName"":""PassEndX""},""value"":""37.2""},{""type"":{""value"":56,""displayName"":""Zone""},""value"":""Back""}]",true,false,false,false,Pass,Successful,FirstHalf,2025-12-05 23:16:15.684766+00
2879314625,1903251,93,6,31,167,313171,36.7,35.7,37.2,73.8,,,,,"[{""type"":{""value"":140,""displayName"":""PassEndX""},""value"":""37.2""},{""type"":{""value"":56,""displayName"":""Zone""},""value"":""Back""},{""type"":{""value"":213,""displayName"":""Angle""},""value"":""1.55""},{""type"":{""value"":141,""displayName"":""PassEndY""},""value"":""73.8""},{""type"":{""value"":212,""displayName"":""Length""},""value"":""25.9""}]",true,false,false,false,Pass,Successful,FirstHalf,2025-12-05 23:16:15.684766+00
2879314711,1903251,94,6,35,167,402664,47.9,79.1,49.1,95.6,,,,,"[{""type"":{""value"":56,""displayName"":""Zone""},""value"":""Back""},{""type"":{""value"":140,""displayName"":""PassEndX""},""value"":""49.1""},{""type"":{""value"":141,""displayName"":""PassEndY""},""value"":""95.6""},{""type"":{""value"":212,""displayName"":""Length""},""value"":""11.3""},{""type"":{""value"":213,""displayName"":""Angle""},""value"":""1.46""}]",true,false,false,false,Pass,Successful,FirstHalf,2025-12-05 23:16:15.684766+00
2879314745,1903251,95,6,40,167,388098,38.5,76.9,32.1,54.3,,,,,"[{""type"":{""value"":212,""displayName"":""Length""},""value"":""16.8""},{""type"":{""value"":141,""displayName"":""PassEndY""},""value"":""54.3""},{""type"":{""value"":56,""displayName"":""Zone""},""value"":""Back""},{""type"":{""value"":213,""displayName"":""Angle""},""value"":""4.30""},{""type"":{""value"":140,""displayName"":""PassEndX""},""value"":""32.1""}]",true,false,false,false,Pass,Successful,FirstHalf,2025-12-05 23:16:15.684766+00
2879314883,1903251,96,6,42,167,313171,31.6,52.4,37.7,26.4,,,,,"[{""type"":{""value"":56,""displayName"":""Zone""},""value"":""Back""},{""type"":{""value"":213,""displayName"":""Angle""},""value"":""5.06""},{""type"":{""value"":140,""displayName"":""PassEndX""},""value"":""37.7""},{""type"":{""value"":141,""displayName"":""PassEndY""},""value"":""26.4""},{""type"":{""value"":212,""displayName"":""Length""},""value"":""18.8""}]",true,false,false,false,Pass,Successful,FirstHalf,2025-12-05 23:16:15.684766+00
2879314923,1903251,97,6,48,167,136741,56.6,15.3,68.4,2.5,,,,,"[{""type"":{""value"":140,""displayName"":""PassEndX""},""value"":""68.4""},{""type"":{""value"":213,""displayName"":""Angle""},""value"":""5.67""},{""type"":{""value"":212,""displayName"":""Length""},""value"":""15.1""},{""type"":{""value"":56,""displayName"":""Zone""},""value"":""Right""},{""type"":{""value"":141,""displayName"":""PassEndY""},""value"":""2.5""}]",true,false,false,false,Pass,Successful,FirstHalf,2025-12-05 23:16:15.684766+00
2879314957,1903251,37,6,51,170,322611,26.8,95.4,,,,,,,"[{""type"":{""value"":285,""displayName"":""Defensive""}},{""type"":{""value"":233,""displayName"":""OppositeRelatedEvent""},""value"":""98""},{""type"":{""value"":56,""displayName"":""Zone""},""value"":""Back""}]",false,false,false,false,Challenge,Unsuccessful,FirstHalf,2025-12-05 23:16:15.684766+00
2879314985,1903251,98,6,51,167,394933,73.2,4.6,,,,,,,"[{""type"":{""value"":56,""displayName"":""Zone""},""value"":""Right""},{""type"":{""value"":286,""displayName"":""Offensive""}},{""type"":{""value"":233,""displayName"":""OppositeRelatedEvent""},""value"":""37""}]",true,false,false,false,TakeOn,Successful,FirstHalf,2025-12-05 23:16:15.684766+00
2879315021,1903251,99,6,54,167,394933,76,5.2,67.1,8.6,,,,,"[{""type"":{""value"":56,""displayName"":""Zone""},""value"":""Right""},{""type"":{""value"":140,""displayName"":""PassEndX""},""value"":""67.1""},{""type"":{""value"":141,""displayName"":""PassEndY""},""value"":""8.6""},{""type"":{""value"":212,""displayName"":""Length""},""value"":""9.6""},{""type"":{""value"":213,""displayName"":""Angle""},""value"":""2.90""}]",true,false,false,false,Pass,Successful,FirstHalf,2025-12-05 23:16:15.684766+00
2879315047,1903251,100,6,56,167,136741,66.6,8.6,62.5,22.8,,,,,"[{""type"":{""value"":212,""displayName"":""Length""},""value"":""10.6""},{""type"":{""value"":141,""displayName"":""PassEndY""},""value"":""22.8""},{""type"":{""value"":56,""displayName"":""Zone""},""value"":""Center""},{""type"":{""value"":140,""displayName"":""PassEndX""},""value"":""62.5""},{""type"":{""value"":213,""displayName"":""Angle""},""value"":""1.99""}]",true,false,false,false,Pass,Successful,FirstHalf,2025-12-05 23:16:15.684766+00
2879315061,1903251,101,6,58,167,422939,62.2,25,51.8,33.9,,,,,"[{""type"":{""value"":56,""displayName"":""Zone""},""value"":""Center""},{""type"":{""value"":140,""displayName"":""PassEndX""},""value"":""51.8""},{""type"":{""value"":213,""displayName"":""Angle""},""value"":""2.64""},{""type"":{""value"":141,""displayName"":""PassEndY""},""value"":""33.9""},{""type"":{""value"":212,""displayName"":""Length""},""value"":""12.5""}]",true,false,false,false,Pass,Successful,FirstHalf,2025-12-05 23:16:15.684766+00
2879315159,1903251,102,6,59,167,313171,51.9,34.2,53.8,56,,,,,"[{""type"":{""value"":56,""displayName"":""Zone""},""value"":""Center""},{""type"":{""value"":140,""displayName"":""PassEndX""},""value"":""53.8""},{""type"":{""value"":141,""displayName"":""PassEndY""},""value"":""56.0""},{""type"":{""value"":212,""displayName"":""Length""},""value"":""15.0""},{""type"":{""value"":213,""displayName"":""Angle""},""value"":""1.44""}]",true,false,false,false,Pass,Successful,FirstHalf,2025-12-05 23:16:15.684766+00
2879315197,1903251,103,7,4,167,402664,53.8,57.3,53.9,34.8,,,,,"[{""type"":{""value"":141,""displayName"":""PassEndY""},""value"":""34.8""},{""type"":{""value"":212,""displayName"":""Length""},""value"":""15.3""},{""type"":{""value"":213,""displayName"":""Angle""},""value"":""4.72""},{""type"":{""value"":140,""displayName"":""PassEndX""},""value"":""53.9""},{""type"":{""value"":56,""displayName"":""Zone""},""value"":""Center""}]",true,false,false,false,Pass,Successful,FirstHalf,2025-12-05 23:16:15.684766+00
2879315229,1903251,104,7,6,167,313171,53.9,31.6,71,4.3,,,,,"[{""type"":{""value"":212,""displayName"":""Length""},""value"":""25.8""},{""type"":{""value"":213,""displayName"":""Angle""},""value"":""5.48""},{""type"":{""value"":140,""displayName"":""PassEndX""},""value"":""71.0""},{""type"":{""value"":141,""displayName"":""PassEndY""},""value"":""4.3""},{""type"":{""value"":56,""displayName"":""Zone""},""value"":""Right""}]",true,false,false,false,Pass,Successful,FirstHalf,2025-12-05 23:16:15.684766+00
2879315277,1903251,105,7,9,167,394933,71.1,4.7,64.2,10.3,,,,,"[{""type"":{""value"":56,""displayName"":""Zone""},""value"":""Right""},{""type"":{""value"":212,""displayName"":""Length""},""value"":""8.2""},{""type"":{""value"":213,""displayName"":""Angle""},""value"":""2.66""},{""type"":{""value"":141,""displayName"":""PassEndY""},""value"":""10.3""},{""type"":{""value"":140,""displayName"":""PassEndX""},""value"":""64.2""}]",true,false,false,false,Pass,Successful,FirstHalf,2025-12-05 23:16:15.684766+00
2879315323,1903251,106,7,12,167,136741,64.2,12.3,89.4,22.7,,,,,"[{""type"":{""value"":212,""displayName"":""Length""},""value"":""27.4""},{""type"":{""value"":141,""displayName"":""PassEndY""},""value"":""22.7""},{""type"":{""value"":213,""displayName"":""Angle""},""value"":""0.26""},{""type"":{""value"":56,""displayName"":""Zone""},""value"":""Center""},{""type"":{""value"":155,""displayName"":""Chipped""}},{""type"":{""value"":140,""displayName"":""PassEndX""},""value"":""89.4""}]",true,false,false,false,Pass,Successful,FirstHalf,2025-12-05 23:16:15.684766+00
2879315331,1903251,107,7,14,167,343382,89.8,22.8,,,,,,,"[{""type"":{""value"":56,""displayName"":""Zone""},""value"":""Center""}]",true,false,false,false,BallTouch,Unsuccessful,FirstHalf,2025-12-05 23:16:15.684766+00
2879315409,1903251,38,7,19,170,396976,2.1,70.5,12.1,100,,,,,"[{""type"":{""value"":141,""displayName"":""PassEndY""},""value"":""100.0""},{""type"":{""value"":140,""displayName"":""PassEndX""},""value"":""12.1""},{""type"":{""value"":56,""displayName"":""Zone""},""value"":""Back""},{""type"":{""value"":212,""displayName"":""Length""},""value"":""23.7""},{""type"":{""value"":213,""displayName"":""Angle""},""value"":""1.11""}]",true,false,false,false,Clearance,Successful,FirstHalf,2025-12-05 23:16:15.684766+00
2879315545,1903251,109,7,27,167,394933,77.9,0,78.2,12.5,,,,,"[{""type"":{""value"":141,""displayName"":""PassEndY""},""value"":""12.5""},{""type"":{""value"":140,""displayName"":""PassEndX""},""value"":""78.2""},{""type"":{""value"":107,""displayName"":""ThrowIn""}},{""type"":{""value"":56,""displayName"":""Zone""},""value"":""Right""},{""type"":{""value"":212,""displayName"":""Length""},""value"":""9.3""},{""type"":{""value"":213,""displayName"":""Angle""},""value"":""1.54""}]",true,false,false,false,Pass,Successful,FirstHalf,2025-12-05 23:16:15.684766+00
2879315553,1903251,110,7,28,167,331254,78.2,12.5,78.2,4.7,,,,,"[{""type"":{""value"":213,""displayName"":""Angle""},""value"":""4.71""},{""type"":{""value"":141,""displayName"":""PassEndY""},""value"":""4.7""},{""type"":{""value"":212,""displayName"":""Length""},""value"":""5.3""},{""type"":{""value"":56,""displayName"":""Zone""},""value"":""Right""},{""type"":{""value"":140,""displayName"":""PassEndX""},""value"":""78.2""}]",true,false,false,false,Pass,Successful,FirstHalf,2025-12-05 23:16:15.684766+00
2879315559,1903251,111,7,28,167,394933,78.2,4.6,78.1,11.9,,,,,"[{""type"":{""value"":213,""displayName"":""Angle""},""value"":""1.59""},{""type"":{""value"":56,""displayName"":""Zone""},""value"":""Right""},{""type"":{""value"":140,""displayName"":""PassEndX""},""value"":""78.1""},{""type"":{""value"":141,""displayName"":""PassEndY""},""value"":""11.9""},{""type"":{""value"":212,""displayName"":""Length""},""value"":""5.0""}]",true,false,false,false,Pass,Successful,FirstHalf,2025-12-05 23:16:15.684766+00
2879315565,1903251,112,7,29,167,331254,78.1,11.9,63.3,19.2,,,,,"[{""type"":{""value"":212,""displayName"":""Length""},""value"":""16.3""},{""type"":{""value"":141,""displayName"":""PassEndY""},""value"":""19.2""},{""type"":{""value"":140,""displayName"":""PassEndX""},""value"":""63.3""},{""type"":{""value"":56,""displayName"":""Zone""},""value"":""Right""},{""type"":{""value"":213,""displayName"":""Angle""},""value"":""2.83""}]",true,false,false,false,Pass,Successful,FirstHalf,2025-12-05 23:16:15.684766+00
2879315575,1903251,113,7,30,167,422939,62.8,19.4,51.6,24.7,,,,,"[{""type"":{""value"":140,""displayName"":""PassEndX""},""value"":""51.6""},{""type"":{""value"":56,""displayName"":""Zone""},""value"":""Center""},{""type"":{""value"":213,""displayName"":""Angle""},""value"":""2.84""},{""type"":{""value"":212,""displayName"":""Length""},""value"":""12.3""},{""type"":{""value"":141,""displayName"":""PassEndY""},""value"":""24.7""}]",true,false,false,false,Pass,Successful,FirstHalf,2025-12-05 23:16:15.684766+00
2879315601,1903251,114,7,31,167,313171,52.5,24.6,63.3,3.5,,,,,"[{""type"":{""value"":56,""displayName"":""Zone""},""value"":""Right""},{""type"":{""value"":140,""displayName"":""PassEndX""},""value"":""63.3""},{""type"":{""value"":213,""displayName"":""Angle""},""value"":""5.38""},{""type"":{""value"":141,""displayName"":""PassEndY""},""value"":""3.5""},{""type"":{""value"":212,""displayName"":""Length""},""value"":""18.3""}]",true,false,false,false,Pass,Successful,FirstHalf,2025-12-05 23:16:15.684766+00
2879315653,1903251,115,7,33,167,136741,62.7,5.2,85.3,23.6,,,,,"[{""type"":{""value"":140,""displayName"":""PassEndX""},""value"":""85.3""},{""type"":{""value"":56,""displayName"":""Zone""},""value"":""Center""},{""type"":{""value"":213,""displayName"":""Angle""},""value"":""0.49""},{""type"":{""value"":141,""displayName"":""PassEndY""},""value"":""23.6""},{""type"":{""value"":212,""displayName"":""Length""},""value"":""26.8""},{""type"":{""value"":155,""displayName"":""Chipped""}}]",true,false,false,false,Pass,Successful,FirstHalf,2025-12-05 23:16:15.684766+00
2879315659,1903251,116,7,36,167,331254,85.5,24,,,,,,,"[{""type"":{""value"":56,""displayName"":""Zone""},""value"":""Center""}]",true,false,false,false,BallTouch,Unsuccessful,FirstHalf,2025-12-05 23:16:15.684766+00
2879315673,1903251,117,7,37,167,331254,86.6,30.2,,,,,,,"[{""type"":{""value"":178,""displayName"":""StandingSave""}},{""type"":{""value"":286,""displayName"":""Offensive""}},{""type"":{""value"":233,""displayName"":""OppositeRelatedEvent""},""value"":""40""},{""type"":{""value"":56,""displayName"":""Zone""},""value"":""Center""}]",true,false,false,false,Tackle,Unsuccessful,FirstHalf,2025-12-05 23:16:15.684766+00
2879315689,1903251,40,7,37,170,396976,13.4,69.8,,,,,,,"[{""type"":{""value"":56,""displayName"":""Zone""},""value"":""Back""},{""type"":{""value"":285,""displayName"":""Defensive""}},{""type"":{""value"":233,""displayName"":""OppositeRelatedEvent""},""value"":""117""}]",true,false,false,false,Dispossessed,Successful,FirstHalf,2025-12-05 23:16:15.684766+00
2879315711,1903251,41,7,38,170,321020,12.9,67.2,17,78.2,,,,,"[{""type"":{""value"":141,""displayName"":""PassEndY""},""value"":""78.2""},{""type"":{""value"":56,""displayName"":""Zone""},""value"":""Back""},{""type"":{""value"":140,""displayName"":""PassEndX""},""value"":""17.0""},{""type"":{""value"":212,""displayName"":""Length""},""value"":""8.6""},{""type"":{""value"":213,""displayName"":""Angle""},""value"":""1.05""}]",true,false,false,false,Pass,Successful,FirstHalf,2025-12-05 23:16:15.684766+00
2879315715,1903251,42,7,39,170,322611,17.5,77.9,,,,,,,[],false,false,false,false,BallRecovery,Successful,FirstHalf,2025-12-05 23:16:15.684766+00
2879315751,1903251,43,7,40,170,322611,17.5,77.9,36.7,59.3,,,,,"[{""type"":{""value"":141,""displayName"":""PassEndY""},""value"":""59.3""},{""type"":{""value"":212,""displayName"":""Length""},""value"":""23.8""},{""type"":{""value"":213,""displayName"":""Angle""},""value"":""5.72""},{""type"":{""value"":56,""displayName"":""Zone""},""value"":""Back""},{""type"":{""value"":140,""displayName"":""PassEndX""},""value"":""36.7""}]",true,false,false,false,Pass,Successful,FirstHalf,2025-12-05 23:16:15.684766+00
2879315833,1903251,44,7,43,170,108186,36.7,55.3,76.9,22.1,,,,,"[{""type"":{""value"":155,""displayName"":""Chipped""}},{""type"":{""value"":213,""displayName"":""Angle""},""value"":""5.79""},{""type"":{""value"":212,""displayName"":""Length""},""value"":""47.9""},{""type"":{""value"":56,""displayName"":""Zone""},""value"":""Center""},{""type"":{""value"":1,""displayName"":""Longball""}},{""type"":{""value"":140,""displayName"":""PassEndX""},""value"":""76.9""},{""type"":{""value"":141,""displayName"":""PassEndY""},""value"":""22.1""}]",true,false,false,false,Pass,Successful,FirstHalf,2025-12-05 23:16:15.684766+00
2879315863,1903251,118,7,50,167,136741,13.6,43.2,,,,,,,"[{""type"":{""value"":56,""displayName"":""Zone""},""value"":""Back""}]",true,false,false,false,Interception,Successful,FirstHalf,2025-12-05 23:16:15.684766+00
2879315869,1903251,119,7,51,167,313171,10.5,45.8,,,,,,,"[{""type"":{""value"":56,""displayName"":""Zone""},""value"":""Back""}]",true,false,false,false,BallTouch,Successful,FirstHalf,2025-12-05 23:16:15.684766+00
2879315877,1903251,120,7,52,167,313171,10,36.4,,,,,,,"[{""type"":{""value"":56,""displayName"":""Zone""},""value"":""Back""},{""type"":{""value"":233,""displayName"":""OppositeRelatedEvent""},""value"":""47""},{""type"":{""value"":73,""displayName"":""MissLeft""}}]",false,false,false,false,CornerAwarded,Unsuccessful,FirstHalf,2025-12-05 23:16:15.684766+00
2879315885,1903251,45,7,48,170,333044,77.7,22.9,86.4,56.8,,,,,"[{""type"":{""value"":56,""displayName"":""Zone""},""value"":""Center""},{""type"":{""value"":140,""displayName"":""PassEndX""},""value"":""86.4""},{""type"":{""value"":141,""displayName"":""PassEndY""},""value"":""56.8""},{""type"":{""value"":213,""displayName"":""Angle""},""value"":""1.19""},{""type"":{""value"":212,""displayName"":""Length""},""value"":""24.8""}]",true,false,false,false,Pass,Unsuccessful,FirstHalf,2025-12-05 23:16:15.684766+00
2879315935,1903251,47,7,52,170,333044,90,63.6,,,,,,,"[{""type"":{""value"":233,""displayName"":""OppositeRelatedEvent""},""value"":""120""},{""type"":{""value"":73,""displayName"":""MissLeft""}},{""type"":{""value"":56,""displayName"":""Zone""},""value"":""Center""}]",false,false,false,false,CornerAwarded,Successful,FirstHalf,2025-12-05 23:16:15.684766+00
2879316661,1903251,121,8,43,167,394933,4.8,37.2,,,,,,,"[{""type"":{""value"":233,""displayName"":""OppositeRelatedEvent""},""value"":""49""},{""type"":{""value"":56,""displayName"":""Zone""},""value"":""Back""},{""type"":{""value"":285,""displayName"":""Defensive""}}]",false,false,false,false,Aerial,Successful,FirstHalf,2025-12-05 23:16:15.684766+00
2879316673,1903251,122,8,43,167,394933,4.8,37.2,14.5,33.4,,,,,"[{""type"":{""value"":15,""displayName"":""Head""}},{""type"":{""value"":141,""displayName"":""PassEndY""},""value"":""33.4""},{""type"":{""value"":213,""displayName"":""Angle""},""value"":""6.03""},{""type"":{""value"":212,""displayName"":""Length""},""value"":""10.5""},{""type"":{""value"":56,""displayName"":""Zone""},""value"":""Back""},{""type"":{""value"":140,""displayName"":""PassEndX""},""value"":""14.5""}]",true,false,false,false,Clearance,Successful,FirstHalf,2025-12-05 23:16:15.684766+00
2879316677,1903251,48,8,42,170,297395,99.5,99.5,95.2,62.8,,,,,"[{""type"":{""value"":20,""displayName"":""RightFoot""}},{""type"":{""value"":213,""displayName"":""Angle""},""value"":""4.53""},{""type"":{""value"":155,""displayName"":""Chipped""}},{""type"":{""value"":6,""displayName"":""CornerTaken""}},{""type"":{""value"":56,""displayName"":""Zone""},""value"":""Center""},{""type"":{""value"":140,""displayName"":""PassEndX""},""value"":""95.2""},{""type"":{""value"":2,""displayName"":""Cross""}},{""type"":{""value"":212,""displayName"":""Length""},""value"":""25.4""},{""type"":{""value"":141,""displayName"":""PassEndY""},""value"":""62.8""}]",true,false,false,false,Pass,Unsuccessful,FirstHalf,2025-12-05 23:16:15.684766+00
2879316687,1903251,49,8,43,170,145996,95.2,62.8,,,,,,,"[{""type"":{""value"":233,""displayName"":""OppositeRelatedEvent""},""value"":""121""},{""type"":{""value"":286,""displayName"":""Offensive""}},{""type"":{""value"":56,""displayName"":""Zone""},""value"":""Center""}]",false,false,false,false,Aerial,Unsuccessful,FirstHalf,2025-12-05 23:16:15.684766+00
2879316715,1903251,123,8,45,167,331254,23.7,36.9,,,,,,,[],false,false,false,false,BallRecovery,Successful,FirstHalf,2025-12-05 23:16:15.684766+00
2879316801,1903251,124,8,46,167,331254,29.9,43.7,36.8,90.8,,,,,"[{""type"":{""value"":56,""displayName"":""Zone""},""value"":""Back""},{""type"":{""value"":212,""displayName"":""Length""},""value"":""32.8""},{""type"":{""value"":140,""displayName"":""PassEndX""},""value"":""36.8""},{""type"":{""value"":213,""displayName"":""Angle""},""value"":""1.35""},{""type"":{""value"":1,""displayName"":""Longball""}},{""type"":{""value"":141,""displayName"":""PassEndY""},""value"":""90.8""}]",true,false,false,false,Pass,Successful,FirstHalf,2025-12-05 23:16:15.684766+00
2879316877,1903251,125,8,50,167,388098,37.3,92.6,28.8,85.4,,,,,"[{""type"":{""value"":56,""displayName"":""Zone""},""value"":""Back""},{""type"":{""value"":140,""displayName"":""PassEndX""},""value"":""28.8""},{""type"":{""value"":213,""displayName"":""Angle""},""value"":""3.64""},{""type"":{""value"":141,""displayName"":""PassEndY""},""value"":""85.4""},{""type"":{""value"":212,""displayName"":""Length""},""value"":""10.2""}]",true,false,false,false,Pass,Successful,FirstHalf,2025-12-05 23:16:15.684766+00
2879316891,1903251,126,8,54,167,402664,31.5,85.9,30.2,67.6,,,,,"[{""type"":{""value"":141,""displayName"":""PassEndY""},""value"":""67.6""},{""type"":{""value"":140,""displayName"":""PassEndX""},""value"":""30.2""},{""type"":{""value"":213,""displayName"":""Angle""},""value"":""4.60""},{""type"":{""value"":212,""displayName"":""Length""},""value"":""12.5""},{""type"":{""value"":56,""displayName"":""Zone""},""value"":""Back""}]",true,false,false,false,Pass,Successful,FirstHalf,2025-12-05 23:16:15.684766+00
2879316967,1903251,127,8,57,167,422939,31,62,35.6,66.3,,,,,"[{""type"":{""value"":213,""displayName"":""Angle""},""value"":""0.54""},{""type"":{""value"":212,""displayName"":""Length""},""value"":""5.6""},{""type"":{""value"":56,""displayName"":""Zone""},""value"":""Back""},{""type"":{""value"":140,""displayName"":""PassEndX""},""value"":""35.6""},{""type"":{""value"":141,""displayName"":""PassEndY""},""value"":""66.3""}]",true,false,false,false,Pass,Successful,FirstHalf,2025-12-05 23:16:15.684766+00
2879317011,1903251,128,9,0,167,331254,38.5,65.7,40.1,27.9,,,,,"[{""type"":{""value"":141,""displayName"":""PassEndY""},""value"":""27.9""},{""type"":{""value"":140,""displayName"":""PassEndX""},""value"":""40.1""},{""type"":{""value"":56,""displayName"":""Zone""},""value"":""Back""},{""type"":{""value"":213,""displayName"":""Angle""},""value"":""4.78""},{""type"":{""value"":212,""displayName"":""Length""},""value"":""25.8""}]",true,false,false,false,Pass,Successful,FirstHalf,2025-12-05 23:16:15.684766+00
2879317061,1903251,129,9,3,167,313171,42.1,25,41.5,35.4,,,,,"[{""type"":{""value"":141,""displayName"":""PassEndY""},""value"":""35.4""},{""type"":{""value"":212,""displayName"":""Length""},""value"":""7.1""},{""type"":{""value"":140,""displayName"":""PassEndX""},""value"":""41.5""},{""type"":{""value"":213,""displayName"":""Angle""},""value"":""1.66""},{""type"":{""value"":56,""displayName"":""Zone""},""value"":""Back""}]",true,false,false,false,Pass,Successful,FirstHalf,2025-12-05 23:16:15.684766+00
2879317129,1903251,130,9,6,167,331254,42.4,37.4,43.9,64.5,,,,,"[{""type"":{""value"":213,""displayName"":""Angle""},""value"":""1.49""},{""type"":{""value"":141,""displayName"":""PassEndY""},""value"":""64.5""},{""type"":{""value"":212,""displayName"":""Length""},""value"":""18.5""},{""type"":{""value"":56,""displayName"":""Zone""},""value"":""Back""},{""type"":{""value"":140,""displayName"":""PassEndX""},""value"":""43.9""}]",true,false,false,false,Pass,Successful,FirstHalf,2025-12-05 23:16:15.684766+00
2879317147,1903251,131,9,12,167,343382,59.4,83.2,60.5,95.4,,,,,"[{""type"":{""value"":56,""displayName"":""Zone""},""value"":""Left""},{""type"":{""value"":140,""displayName"":""PassEndX""},""value"":""60.5""},{""type"":{""value"":213,""displayName"":""Angle""},""value"":""1.43""},{""type"":{""value"":141,""displayName"":""PassEndY""},""value"":""95.4""},{""type"":{""value"":212,""displayName"":""Length""},""value"":""8.4""}]",true,false,false,false,Pass,Successful,FirstHalf,2025-12-05 23:16:15.684766+00
2879317177,1903251,132,9,14,167,388098,58.8,95.4,45.6,72.9,,,,,"[{""type"":{""value"":213,""displayName"":""Angle""},""value"":""3.98""},{""type"":{""value"":212,""displayName"":""Length""},""value"":""20.6""},{""type"":{""value"":56,""displayName"":""Zone""},""value"":""Back""},{""type"":{""value"":140,""displayName"":""PassEndX""},""value"":""45.6""},{""type"":{""value"":141,""displayName"":""PassEndY""},""value"":""72.9""}]",true,false,false,false,Pass,Successful,FirstHalf,2025-12-05 23:16:15.684766+00
2879317199,1903251,133,9,15,167,402664,45.6,72.9,53.3,53.4,,,,,"[{""type"":{""value"":141,""displayName"":""PassEndY""},""value"":""53.4""},{""type"":{""value"":212,""displayName"":""Length""},""value"":""15.5""},{""type"":{""value"":213,""displayName"":""Angle""},""value"":""5.26""},{""type"":{""value"":140,""displayName"":""PassEndX""},""value"":""53.3""},{""type"":{""value"":56,""displayName"":""Zone""},""value"":""Center""}]",true,false,false,false,Pass,Successful,FirstHalf,2025-12-05 23:16:15.684766+00
2879317205,1903251,134,9,17,167,331254,53.3,53.4,53.3,54.5,,,,,"[{""type"":{""value"":212,""displayName"":""Length""},""value"":""0.7""},{""type"":{""value"":213,""displayName"":""Angle""},""value"":""1.57""},{""type"":{""value"":286,""displayName"":""Offensive""}},{""type"":{""value"":140,""displayName"":""PassEndX""},""value"":""53.3""},{""type"":{""value"":56,""displayName"":""Zone""},""value"":""Center""},{""type"":{""value"":141,""displayName"":""PassEndY""},""value"":""54.5""},{""type"":{""value"":233,""displayName"":""OppositeRelatedEvent""},""value"":""51""}]",true,false,false,false,Pass,Unsuccessful,FirstHalf,2025-12-05 23:16:15.684766+00
2879317225,1903251,51,9,17,170,321020,46.7,45.5,,,,,,,"[{""type"":{""value"":56,""displayName"":""Zone""},""value"":""Back""},{""type"":{""value"":233,""displayName"":""OppositeRelatedEvent""},""value"":""134""},{""type"":{""value"":285,""displayName"":""Defensive""}}]",true,false,false,false,BlockedPass,Successful,FirstHalf,2025-12-05 23:16:15.684766+00
2879317267,1903251,52,9,18,170,108186,61.7,47.3,,,,,,,[],false,false,false,false,BallRecovery,Successful,FirstHalf,2025-12-05 23:16:15.684766+00
2879317281,1903251,53,9,23,170,108186,66,44.4,,,,,,,"[{""type"":{""value"":56,""displayName"":""Zone""},""value"":""Center""},{""type"":{""value"":13,""displayName"":""Foul""}},{""type"":{""value"":286,""displayName"":""Offensive""}},{""type"":{""value"":233,""displayName"":""OppositeRelatedEvent""},""value"":""135""}]",true,false,false,false,Foul,Successful,FirstHalf,2025-12-05 23:16:15.684766+00
2879317283,1903251,135,9,23,167,422939,34,55.6,,,,,,,"[{""type"":{""value"":56,""displayName"":""Zone""},""value"":""Back""},{""type"":{""value"":285,""displayName"":""Defensive""}},{""type"":{""value"":13,""displayName"":""Foul""}},{""type"":{""value"":233,""displayName"":""OppositeRelatedEvent""},""value"":""53""}]",false,false,false,false,Foul,Unsuccessful,FirstHalf,2025-12-05 23:16:15.684766+00
2879317955,1903251,54,10,9,170,297395,64.1,44.7,68.6,18.5,,,,,"[{""type"":{""value"":213,""displayName"":""Angle""},""value"":""4.97""},{""type"":{""value"":56,""displayName"":""Zone""},""value"":""Right""},{""type"":{""value"":212,""displayName"":""Length""},""value"":""18.4""},{""type"":{""value"":140,""displayName"":""PassEndX""},""value"":""68.6""},{""type"":{""value"":141,""displayName"":""PassEndY""},""value"":""18.5""},{""type"":{""value"":5,""displayName"":""FreekickTaken""}}]",true,false,false,false,Pass,Unsuccessful,FirstHalf,2025-12-05 23:16:15.684766+00
2879317997,1903251,136,10,13,167,388098,42.2,75.1,,,,,,,"[{""type"":{""value"":56,""displayName"":""Zone""},""value"":""Back""}]",true,false,false,false,BallTouch,Unsuccessful,FirstHalf,2025-12-05 23:16:15.684766+00
2879318005,1903251,137,10,13,167,388098,43.2,77.4,,,,,,,"[{""type"":{""value"":56,""displayName"":""Zone""},""value"":""Back""},{""type"":{""value"":13,""displayName"":""Foul""}},{""type"":{""value"":285,""displayName"":""Defensive""}},{""type"":{""value"":233,""displayName"":""OppositeRelatedEvent""},""value"":""55""}]",false,false,false,false,Foul,Unsuccessful,FirstHalf,2025-12-05 23:16:15.684766+00
2879318027,1903251,55,10,13,170,333044,56.8,22.6,,,,,,,"[{""type"":{""value"":13,""displayName"":""Foul""}},{""type"":{""value"":286,""displayName"":""Offensive""}},{""type"":{""value"":56,""displayName"":""Zone""},""value"":""Center""},{""type"":{""value"":233,""displayName"":""OppositeRelatedEvent""},""value"":""137""}]",true,false,false,false,Foul,Successful,FirstHalf,2025-12-05 23:16:15.684766+00
2879318539,1903251,56,10,48,170,297395,53,17.3,46.3,30.3,,,,,"[{""type"":{""value"":140,""displayName"":""PassEndX""},""value"":""46.3""},{""type"":{""value"":213,""displayName"":""Angle""},""value"":""2.24""},{""type"":{""value"":56,""displayName"":""Zone""},""value"":""Back""},{""type"":{""value"":5,""displayName"":""FreekickTaken""}},{""type"":{""value"":212,""displayName"":""Length""},""value"":""11.3""},{""type"":{""value"":141,""displayName"":""PassEndY""},""value"":""30.3""}]",true,false,false,false,Pass,Successful,FirstHalf,2025-12-05 23:16:15.684766+00
2879318635,1903251,57,10,51,170,231135,46.1,31.9,100,76.1,,,,,"[{""type"":{""value"":212,""displayName"":""Length""},""value"":""64.7""},{""type"":{""value"":141,""displayName"":""PassEndY""},""value"":""76.1""},{""type"":{""value"":140,""displayName"":""PassEndX""},""value"":""100.0""},{""type"":{""value"":213,""displayName"":""Angle""},""value"":""0.48""},{""type"":{""value"":56,""displayName"":""Zone""},""value"":""Center""},{""type"":{""value"":1,""displayName"":""Longball""}},{""type"":{""value"":155,""displayName"":""Chipped""}}]",true,false,false,false,Pass,Unsuccessful,FirstHalf,2025-12-05 23:16:15.684766+00
2879318905,1903251,139,11,0,167,262515,3.2,43.3,13.9,88.9,,,,,"[{""type"":{""value"":213,""displayName"":""Angle""},""value"":""1.22""},{""type"":{""value"":212,""displayName"":""Length""},""value"":""33.0""},{""type"":{""value"":124,""displayName"":""GoalKick""}},{""type"":{""value"":141,""displayName"":""PassEndY""},""value"":""88.9""},{""type"":{""value"":140,""displayName"":""PassEndX""},""value"":""13.9""},{""type"":{""value"":1,""displayName"":""Longball""}},{""type"":{""value"":56,""displayName"":""Zone""},""value"":""Back""}]",true,false,false,false,Pass,Successful,FirstHalf,2025-12-05 23:16:15.684766+00
2879318937,1903251,140,11,7,167,402664,26.9,92.3,44.7,69.4,,,,,"[{""type"":{""value"":56,""displayName"":""Zone""},""value"":""Back""},{""type"":{""value"":140,""displayName"":""PassEndX""},""value"":""44.7""},{""type"":{""value"":141,""displayName"":""PassEndY""},""value"":""69.4""},{""type"":{""value"":155,""displayName"":""Chipped""}},{""type"":{""value"":212,""displayName"":""Length""},""value"":""24.3""},{""type"":{""value"":213,""displayName"":""Angle""},""value"":""5.59""}]",true,false,false,false,Pass,Successful,FirstHalf,2025-12-05 23:16:15.684766+00
2879319003,1903251,141,11,9,167,315227,45.3,69.9,63.1,88.6,,,,,"[{""type"":{""value"":213,""displayName"":""Angle""},""value"":""0.60""},{""type"":{""value"":155,""displayName"":""Chipped""}},{""type"":{""value"":212,""displayName"":""Length""},""value"":""22.6""},{""type"":{""value"":141,""displayName"":""PassEndY""},""value"":""88.6""},{""type"":{""value"":56,""displayName"":""Zone""},""value"":""Left""},{""type"":{""value"":140,""displayName"":""PassEndX""},""value"":""63.1""}]",true,false,false,false,Pass,Unsuccessful,FirstHalf,2025-12-05 23:16:15.684766+00
2879319017,1903251,59,11,14,170,145996,42.4,16.2,,,,,,,"[{""type"":{""value"":13,""displayName"":""Foul""}},{""type"":{""value"":233,""displayName"":""OppositeRelatedEvent""},""value"":""142""},{""type"":{""value"":56,""displayName"":""Zone""},""value"":""Back""},{""type"":{""value"":286,""displayName"":""Offensive""}}]",true,false,false,false,Foul,Successful,FirstHalf,2025-12-05 23:16:15.684766+00
2879319029,1903251,142,11,14,167,388098,57.6,83.8,,,,,,,"[{""type"":{""value"":285,""displayName"":""Defensive""}},{""type"":{""value"":233,""displayName"":""OppositeRelatedEvent""},""value"":""59""},{""type"":{""value"":13,""displayName"":""Foul""}},{""type"":{""value"":56,""displayName"":""Zone""},""value"":""Left""}]",false,false,false,false,Foul,Unsuccessful,FirstHalf,2025-12-05 23:16:15.684766+00
2879319147,1903251,60,11,19,170,231135,32.5,16.6,37.6,38,,,,,"[{""type"":{""value"":141,""displayName"":""PassEndY""},""value"":""38.0""},{""type"":{""value"":56,""displayName"":""Zone""},""value"":""Back""},{""type"":{""value"":140,""displayName"":""PassEndX""},""value"":""37.6""},{""type"":{""value"":5,""displayName"":""FreekickTaken""}},{""type"":{""value"":213,""displayName"":""Angle""},""value"":""1.22""},{""type"":{""value"":212,""displayName"":""Length""},""value"":""15.5""}]",true,false,false,false,Pass,Successful,FirstHalf,2025-12-05 23:16:15.684766+00
2879319159,1903251,61,11,21,170,321020,37.7,31.5,31,12.9,,,,,"[{""type"":{""value"":141,""displayName"":""PassEndY""},""value"":""12.9""},{""type"":{""value"":140,""displayName"":""PassEndX""},""value"":""31.0""},{""type"":{""value"":212,""displayName"":""Length""},""value"":""14.5""},{""type"":{""value"":56,""displayName"":""Zone""},""value"":""Back""},{""type"":{""value"":213,""displayName"":""Angle""},""value"":""4.20""}]",true,false,false,false,Pass,Successful,FirstHalf,2025-12-05 23:16:15.684766+00
2879319169,1903251,62,11,22,170,231135,30.6,12.8,36.7,7.5,,,,,"[{""type"":{""value"":141,""displayName"":""PassEndY""},""value"":""7.5""},{""type"":{""value"":56,""displayName"":""Zone""},""value"":""Back""},{""type"":{""value"":140,""displayName"":""PassEndX""},""value"":""36.7""},{""type"":{""value"":212,""displayName"":""Length""},""value"":""7.3""},{""type"":{""value"":213,""displayName"":""Angle""},""value"":""5.77""}]",true,false,false,false,Pass,Successful,FirstHalf,2025-12-05 23:16:15.684766+00
2879319209,1903251,63,11,22,170,145996,36.6,7.5,38,18.5,,,,,"[{""type"":{""value"":212,""displayName"":""Length""},""value"":""7.6""},{""type"":{""value"":141,""displayName"":""PassEndY""},""value"":""18.5""},{""type"":{""value"":213,""displayName"":""Angle""},""value"":""1.38""},{""type"":{""value"":56,""displayName"":""Zone""},""value"":""Back""},{""type"":{""value"":140,""displayName"":""PassEndX""},""value"":""38.0""}]",true,false,false,false,Pass,Successful,FirstHalf,2025-12-05 23:16:15.684766+00
2879319245,1903251,64,11,24,170,321020,38,19,53.4,11.4,,,,,"[{""type"":{""value"":212,""displayName"":""Length""},""value"":""17.0""},{""type"":{""value"":141,""displayName"":""PassEndY""},""value"":""11.4""},{""type"":{""value"":56,""displayName"":""Zone""},""value"":""Right""},{""type"":{""value"":213,""displayName"":""Angle""},""value"":""5.97""},{""type"":{""value"":140,""displayName"":""PassEndX""},""value"":""53.4""}]",true,false,false,false,Pass,Successful,FirstHalf,2025-12-05 23:16:15.684766+00
2879319277,1903251,65,11,26,170,108186,53.4,11.4,58.4,2.7,,,,,"[{""type"":{""value"":56,""displayName"":""Zone""},""value"":""Right""},{""type"":{""value"":140,""displayName"":""PassEndX""},""value"":""58.4""},{""type"":{""value"":141,""displayName"":""PassEndY""},""value"":""2.7""},{""type"":{""value"":212,""displayName"":""Length""},""value"":""7.9""},{""type"":{""value"":213,""displayName"":""Angle""},""value"":""5.44""}]",true,false,false,false,Pass,Successful,FirstHalf,2025-12-05 23:16:15.684766+00
2879319291,1903251,66,11,28,170,333044,58.4,3.3,55.5,10.2,,,,,"[{""type"":{""value"":213,""displayName"":""Angle""},""value"":""2.15""},{""type"":{""value"":56,""displayName"":""Zone""},""value"":""Right""},{""type"":{""value"":140,""displayName"":""PassEndX""},""value"":""55.5""},{""type"":{""value"":141,""displayName"":""PassEndY""},""value"":""10.2""},{""type"":{""value"":212,""displayName"":""Length""},""value"":""5.6""}]",true,false,false,false,Pass,Successful,FirstHalf,2025-12-05 23:16:15.684766+00
2879319313,1903251,67,11,29,170,145996,54.8,11.3,46.6,5.1,,,,,"[{""type"":{""value"":141,""displayName"":""PassEndY""},""value"":""5.1""},{""type"":{""value"":213,""displayName"":""Angle""},""value"":""3.60""},{""type"":{""value"":212,""displayName"":""Length""},""value"":""9.6""},{""type"":{""value"":56,""displayName"":""Zone""},""value"":""Back""},{""type"":{""value"":140,""displayName"":""PassEndX""},""value"":""46.6""}]",true,false,false,false,Pass,Successful,FirstHalf,2025-12-05 23:16:15.684766+00
2879319405,1903251,68,11,30,170,333044,46.6,5.1,35.2,27.4,,,,,"[{""type"":{""value"":56,""displayName"":""Zone""},""value"":""Back""},{""type"":{""value"":213,""displayName"":""Angle""},""value"":""2.24""},{""type"":{""value"":140,""displayName"":""PassEndX""},""value"":""35.2""},{""type"":{""value"":212,""displayName"":""Length""},""value"":""19.3""},{""type"":{""value"":141,""displayName"":""PassEndY""},""value"":""27.4""}]",true,false,false,false,Pass,Successful,FirstHalf,2025-12-05 23:16:15.684766+00
2879319497,1903251,69,11,36,170,231135,31.2,37.9,13.2,45.8,,,,,"[{""type"":{""value"":56,""displayName"":""Zone""},""value"":""Back""},{""type"":{""value"":140,""displayName"":""PassEndX""},""value"":""13.2""},{""type"":{""value"":141,""displayName"":""PassEndY""},""value"":""45.8""},{""type"":{""value"":213,""displayName"":""Angle""},""value"":""2.86""},{""type"":{""value"":212,""displayName"":""Length""},""value"":""19.6""}]",true,false,false,false,Pass,Successful,FirstHalf,2025-12-05 23:16:15.684766+00
2879319559,1903251,70,11,41,170,92173,13.1,45.5,63.3,86.3,,,,,"[{""type"":{""value"":1,""displayName"":""Longball""}},{""type"":{""value"":56,""displayName"":""Zone""},""value"":""Left""},{""type"":{""value"":140,""displayName"":""PassEndX""},""value"":""63.3""},{""type"":{""value"":212,""displayName"":""Length""},""value"":""59.6""},{""type"":{""value"":141,""displayName"":""PassEndY""},""value"":""86.3""},{""type"":{""value"":213,""displayName"":""Angle""},""value"":""0.48""}]",true,false,false,false,Pass,Unsuccessful,FirstHalf,2025-12-05 23:16:15.684766+00
2879319671,1903251,71,11,48,170,136824,55.6,74.4,41,73.8,,,,,"[{""type"":{""value"":56,""displayName"":""Zone""},""value"":""Back""},{""type"":{""value"":140,""displayName"":""PassEndX""},""value"":""41.0""},{""type"":{""value"":213,""displayName"":""Angle""},""value"":""3.17""},{""type"":{""value"":141,""displayName"":""PassEndY""},""value"":""73.8""},{""type"":{""value"":212,""displayName"":""Length""},""value"":""15.3""}]",true,false,false,false,Pass,Successful,FirstHalf,2025-12-05 23:16:15.684766+00
2879319719,1903251,72,11,50,170,396976,40.1,71.3,35.3,51.5,,,,,"[{""type"":{""value"":212,""displayName"":""Length""},""value"":""14.4""},{""type"":{""value"":213,""displayName"":""Angle""},""value"":""4.35""},{""type"":{""value"":141,""displayName"":""PassEndY""},""value"":""51.5""},{""type"":{""value"":140,""displayName"":""PassEndX""},""value"":""35.3""},{""type"":{""value"":56,""displayName"":""Zone""},""value"":""Back""}]",true,false,false,false,Pass,Successful,FirstHalf,2025-12-05 23:16:15.684766+00
2879319789,1903251,73,11,53,170,231135,34.2,48,31.5,28.4,,,,,"[{""type"":{""value"":56,""displayName"":""Zone""},""value"":""Back""},{""type"":{""value"":140,""displayName"":""PassEndX""},""value"":""31.5""},{""type"":{""value"":141,""displayName"":""PassEndY""},""value"":""28.4""},{""type"":{""value"":213,""displayName"":""Angle""},""value"":""4.50""},{""type"":{""value"":212,""displayName"":""Length""},""value"":""13.6""}]",true,false,false,false,Pass,Successful,FirstHalf,2025-12-05 23:16:15.684766+00
2879319835,1903251,74,11,56,170,145996,29.9,22.3,11.7,44.6,,,,,"[{""type"":{""value"":140,""displayName"":""PassEndX""},""value"":""11.7""},{""type"":{""value"":141,""displayName"":""PassEndY""},""value"":""44.6""},{""type"":{""value"":56,""displayName"":""Zone""},""value"":""Back""},{""type"":{""value"":213,""displayName"":""Angle""},""value"":""2.47""},{""type"":{""value"":212,""displayName"":""Length""},""value"":""24.4""}]",true,false,false,false,Pass,Successful,FirstHalf,2025-12-05 23:16:15.684766+00
2879319891,1903251,75,11,58,170,92173,11.7,44.6,24.2,44.4,,,,,"[{""type"":{""value"":56,""displayName"":""Zone""},""value"":""Back""},{""type"":{""value"":213,""displayName"":""Angle""},""value"":""6.27""},{""type"":{""value"":212,""displayName"":""Length""},""value"":""13.1""},{""type"":{""value"":140,""displayName"":""PassEndX""},""value"":""24.2""},{""type"":{""value"":141,""displayName"":""PassEndY""},""value"":""44.4""}]",true,false,false,false,Pass,Successful,FirstHalf,2025-12-05 23:16:15.684766+00
2879319959,1903251,76,12,1,170,321020,18.4,47.1,4.6,56.8,,,,,"[{""type"":{""value"":213,""displayName"":""Angle""},""value"":""2.71""},{""type"":{""value"":56,""displayName"":""Zone""},""value"":""Back""},{""type"":{""value"":141,""displayName"":""PassEndY""},""value"":""56.8""},{""type"":{""value"":140,""displayName"":""PassEndX""},""value"":""4.6""},{""type"":{""value"":212,""displayName"":""Length""},""value"":""15.9""}]",true,false,false,false,Pass,Successful,FirstHalf,2025-12-05 23:16:15.684766+00
2879320003,1903251,143,11,45,167,394933,33.3,21.6,46.7,27.4,,,,,"[{""type"":{""value"":140,""displayName"":""PassEndX""},""value"":""46.7""},{""type"":{""value"":213,""displayName"":""Angle""},""value"":""0.27""},{""type"":{""value"":212,""displayName"":""Length""},""value"":""14.6""},{""type"":{""value"":141,""displayName"":""PassEndY""},""value"":""27.4""},{""type"":{""value"":56,""displayName"":""Zone""},""value"":""Back""}]",true,false,false,false,Clearance,Successful,FirstHalf,2025-12-05 23:16:15.684766+00
2879320017,1903251,77,12,5,170,92173,4.5,61.6,46.8,93.7,,,,,"[{""type"":{""value"":212,""displayName"":""Length""},""value"":""49.5""},{""type"":{""value"":213,""displayName"":""Angle""},""value"":""0.46""},{""type"":{""value"":1,""displayName"":""Longball""}},{""type"":{""value"":56,""displayName"":""Zone""},""value"":""Back""},{""type"":{""value"":140,""displayName"":""PassEndX""},""value"":""46.8""},{""type"":{""value"":141,""displayName"":""PassEndY""},""value"":""93.7""},{""type"":{""value"":155,""displayName"":""Chipped""}}]",true,false,false,false,Pass,Unsuccessful,FirstHalf,2025-12-05 23:16:15.684766+00
2879320021,1903251,144,12,7,167,394933,53.2,6.3,,,,,,,"[{""type"":{""value"":233,""displayName"":""OppositeRelatedEvent""},""value"":""78""},{""type"":{""value"":56,""displayName"":""Zone""},""value"":""Right""},{""type"":{""value"":286,""displayName"":""Offensive""}}]",false,false,false,false,Aerial,Successful,FirstHalf,2025-12-05 23:16:15.684766+00
2879320025,1903251,78,12,7,170,322611,46.8,93.7,,,,,,,"[{""type"":{""value"":233,""displayName"":""OppositeRelatedEvent""},""value"":""144""},{""type"":{""value"":56,""displayName"":""Zone""},""value"":""Back""},{""type"":{""value"":285,""displayName"":""Defensive""}}]",false,false,false,false,Aerial,Unsuccessful,FirstHalf,2025-12-05 23:16:15.684766+00
2879320035,1903251,145,12,7,167,394933,53.2,6.3,71.7,10.3,,,,,"[{""type"":{""value"":140,""displayName"":""PassEndX""},""value"":""71.7""},{""type"":{""value"":141,""displayName"":""PassEndY""},""value"":""10.3""},{""type"":{""value"":3,""displayName"":""HeadPass""}},{""type"":{""value"":213,""displayName"":""Angle""},""value"":""0.14""},{""type"":{""value"":212,""displayName"":""Length""},""value"":""19.6""},{""type"":{""value"":56,""displayName"":""Zone""},""value"":""Right""}]",true,false,false,false,Pass,Unsuccessful,FirstHalf,2025-12-05 23:16:15.684766+00
2879320107,1903251,79,12,9,170,136824,33,81.5,25,58.7,,,,,"[{""type"":{""value"":56,""displayName"":""Zone""},""value"":""Back""},{""type"":{""value"":213,""displayName"":""Angle""},""value"":""4.22""},{""type"":{""value"":141,""displayName"":""PassEndY""},""value"":""58.7""},{""type"":{""value"":212,""displayName"":""Length""},""value"":""17.6""},{""type"":{""value"":140,""displayName"":""PassEndX""},""value"":""25.0""}]",true,false,false,false,Pass,Successful,FirstHalf,2025-12-05 23:16:15.684766+00
2879320135,1903251,80,12,14,170,231135,29.1,41.6,48.5,28.7,,,,,"[{""type"":{""value"":56,""displayName"":""Zone""},""value"":""Back""},{""type"":{""value"":140,""displayName"":""PassEndX""},""value"":""48.5""},{""type"":{""value"":213,""displayName"":""Angle""},""value"":""5.88""},{""type"":{""value"":141,""displayName"":""PassEndY""},""value"":""28.7""},{""type"":{""value"":212,""displayName"":""Length""},""value"":""22.2""}]",true,false,false,false,Pass,Successful,FirstHalf,2025-12-05 23:16:15.684766+00
2879320181,1903251,81,12,17,170,297395,49.1,26.5,42.6,11.3,,,,,"[{""type"":{""value"":56,""displayName"":""Zone""},""value"":""Back""},{""type"":{""value"":212,""displayName"":""Length""},""value"":""12.4""},{""type"":{""value"":141,""displayName"":""PassEndY""},""value"":""11.3""},{""type"":{""value"":213,""displayName"":""Angle""},""value"":""4.13""},{""type"":{""value"":140,""displayName"":""PassEndX""},""value"":""42.6""}]",true,false,false,false,Pass,Successful,FirstHalf,2025-12-05 23:16:15.684766+00
2879320267,1903251,82,12,19,170,145996,40.9,17,36.7,44.7,,,,,"[{""type"":{""value"":140,""displayName"":""PassEndX""},""value"":""36.7""},{""type"":{""value"":212,""displayName"":""Length""},""value"":""19.3""},{""type"":{""value"":141,""displayName"":""PassEndY""},""value"":""44.7""},{""type"":{""value"":213,""displayName"":""Angle""},""value"":""1.80""},{""type"":{""value"":56,""displayName"":""Zone""},""value"":""Back""}]",true,false,false,false,Pass,Successful,FirstHalf,2025-12-05 23:16:15.684766+00
2879320323,1903251,83,12,25,170,321020,33.4,40.4,33.8,28.3,,,,,"[{""type"":{""value"":140,""displayName"":""PassEndX""},""value"":""33.8""},{""type"":{""value"":213,""displayName"":""Angle""},""value"":""4.76""},{""type"":{""value"":56,""displayName"":""Zone""},""value"":""Back""},{""type"":{""value"":141,""displayName"":""PassEndY""},""value"":""28.3""},{""type"":{""value"":212,""displayName"":""Length""},""value"":""8.2""}]",true,false,false,false,Pass,Successful,FirstHalf,2025-12-05 23:16:15.684766+00
2879320471,1903251,146,12,34,167,331254,19.8,6.4,,,,,,,"[{""type"":{""value"":56,""displayName"":""Zone""},""value"":""Back""},{""type"":{""value"":178,""displayName"":""StandingSave""}},{""type"":{""value"":285,""displayName"":""Defensive""}},{""type"":{""value"":233,""displayName"":""OppositeRelatedEvent""},""value"":""85""}]",true,false,false,false,Tackle,Unsuccessful,FirstHalf,2025-12-05 23:16:15.684766+00
2879320509,1903251,84,12,27,170,231135,36.6,27.7,69.3,95.8,,,,,"[{""type"":{""value"":155,""displayName"":""Chipped""}},{""type"":{""value"":1,""displayName"":""Longball""}},{""type"":{""value"":56,""displayName"":""Zone""},""value"":""Left""},{""type"":{""value"":140,""displayName"":""PassEndX""},""value"":""69.3""},{""type"":{""value"":213,""displayName"":""Angle""},""value"":""0.93""},{""type"":{""value"":212,""displayName"":""Length""},""value"":""57.6""},{""type"":{""value"":141,""displayName"":""PassEndY""},""value"":""95.8""}]",true,false,false,false,Pass,Successful,FirstHalf,2025-12-05 23:16:15.684766+00
2879320571,1903251,85,12,34,170,136824,80.2,93.6,,,,,,,"[{""type"":{""value"":286,""displayName"":""Offensive""}},{""type"":{""value"":56,""displayName"":""Zone""},""value"":""Left""},{""type"":{""value"":233,""displayName"":""OppositeRelatedEvent""},""value"":""146""}]",true,false,false,false,Dispossessed,Successful,FirstHalf,2025-12-05 23:16:15.684766+00
2879320575,1903251,86,12,39,170,136824,88.7,91.1,,,,,,,"[{""type"":{""value"":56,""displayName"":""Zone""},""value"":""Left""},{""type"":{""value"":286,""displayName"":""Offensive""}},{""type"":{""value"":233,""displayName"":""OppositeRelatedEvent""},""value"":""147""}]",true,false,false,false,TakeOn,Unsuccessful,FirstHalf,2025-12-05 23:16:15.684766+00
2879320597,1903251,147,12,39,167,394933,11.3,8.9,,,,,,,"[{""type"":{""value"":285,""displayName"":""Defensive""}},{""type"":{""value"":233,""displayName"":""OppositeRelatedEvent""},""value"":""86""},{""type"":{""value"":56,""displayName"":""Zone""},""value"":""Back""},{""type"":{""value"":178,""displayName"":""StandingSave""}}]",true,false,false,false,Tackle,Successful,FirstHalf,2025-12-05 23:16:15.684766+00
2879320603,1903251,148,12,40,167,331254,11.1,8.8,,,,,,,[],false,false,false,false,BallRecovery,Successful,FirstHalf,2025-12-05 23:16:15.684766+00
2879320625,1903251,149,12,41,167,331254,11.1,8.8,9.1,15.2,,,,,"[{""type"":{""value"":212,""displayName"":""Length""},""value"":""4.8""},{""type"":{""value"":141,""displayName"":""PassEndY""},""value"":""15.2""},{""type"":{""value"":56,""displayName"":""Zone""},""value"":""Back""},{""type"":{""value"":213,""displayName"":""Angle""},""value"":""2.02""},{""type"":{""value"":140,""displayName"":""PassEndX""},""value"":""9.1""}]",true,false,false,false,Pass,Successful,FirstHalf,2025-12-05 23:16:15.684766+00
2879320643,1903251,150,12,42,167,313171,9.3,15.2,29.5,1.1,,,,,"[{""type"":{""value"":56,""displayName"":""Zone""},""value"":""Back""},{""type"":{""value"":140,""displayName"":""PassEndX""},""value"":""29.5""},{""type"":{""value"":213,""displayName"":""Angle""},""value"":""5.86""},{""type"":{""value"":212,""displayName"":""Length""},""value"":""23.3""},{""type"":{""value"":141,""displayName"":""PassEndY""},""value"":""1.1""}]",true,false,false,false,Pass,Unsuccessful,FirstHalf,2025-12-05 23:16:15.684766+00
2879320665,1903251,87,12,43,170,322611,69.7,94.8,,,,,,,[],false,false,false,false,BallRecovery,Successful,FirstHalf,2025-12-05 23:16:15.684766+00
2879320689,1903251,88,12,45,170,322611,68.6,94.6,55.8,82.9,,,,,"[{""type"":{""value"":56,""displayName"":""Zone""},""value"":""Left""},{""type"":{""value"":212,""displayName"":""Length""},""value"":""15.6""},{""type"":{""value"":213,""displayName"":""Angle""},""value"":""3.68""},{""type"":{""value"":140,""displayName"":""PassEndX""},""value"":""55.8""},{""type"":{""value"":141,""displayName"":""PassEndY""},""value"":""82.9""}]",true,false,false,false,Pass,Successful,FirstHalf,2025-12-05 23:16:15.684766+00
2879320705,1903251,89,12,46,170,396976,55.2,83.6,61.7,96.1,,,,,"[{""type"":{""value"":56,""displayName"":""Zone""},""value"":""Left""},{""type"":{""value"":212,""displayName"":""Length""},""value"":""10.9""},{""type"":{""value"":213,""displayName"":""Angle""},""value"":""0.89""},{""type"":{""value"":140,""displayName"":""PassEndX""},""value"":""61.7""},{""type"":{""value"":141,""displayName"":""PassEndY""},""value"":""96.1""}]",true,false,false,false,Pass,Successful,FirstHalf,2025-12-05 23:16:15.684766+00
2879320765,1903251,90,12,48,170,322611,60.9,94.3,60.8,82.7,,,,,"[{""type"":{""value"":56,""displayName"":""Zone""},""value"":""Left""},{""type"":{""value"":212,""displayName"":""Length""},""value"":""7.9""},{""type"":{""value"":213,""displayName"":""Angle""},""value"":""4.70""},{""type"":{""value"":141,""displayName"":""PassEndY""},""value"":""82.7""},{""type"":{""value"":140,""displayName"":""PassEndX""},""value"":""60.8""}]",true,false,false,false,Pass,Successful,FirstHalf,2025-12-05 23:16:15.684766+00
2879320835,1903251,91,12,51,170,321020,59.2,80.6,41,78.2,,,,,"[{""type"":{""value"":141,""displayName"":""PassEndY""},""value"":""78.2""},{""type"":{""value"":56,""displayName"":""Zone""},""value"":""Back""},{""type"":{""value"":140,""displayName"":""PassEndX""},""value"":""41.0""},{""type"":{""value"":213,""displayName"":""Angle""},""value"":""3.23""},{""type"":{""value"":212,""displayName"":""Length""},""value"":""19.2""}]",true,false,false,false,Pass,Successful,FirstHalf,2025-12-05 23:16:15.684766+00
2879320867,1903251,92,12,54,170,396976,41.1,74.6,35.4,48.2,,,,,"[{""type"":{""value"":140,""displayName"":""PassEndX""},""value"":""35.4""},{""type"":{""value"":56,""displayName"":""Zone""},""value"":""Back""},{""type"":{""value"":212,""displayName"":""Length""},""value"":""18.9""},{""type"":{""value"":213,""displayName"":""Angle""},""value"":""4.39""},{""type"":{""value"":141,""displayName"":""PassEndY""},""value"":""48.2""}]",true,false,false,false,Pass,Successful,FirstHalf,2025-12-05 23:16:15.684766+00
2879320887,1903251,93,12,56,170,231135,32.3,44.4,36.3,22.7,,,,,"[{""type"":{""value"":56,""displayName"":""Zone""},""value"":""Back""},{""type"":{""value"":140,""displayName"":""PassEndX""},""value"":""36.3""},{""type"":{""value"":141,""displayName"":""PassEndY""},""value"":""22.7""},{""type"":{""value"":212,""displayName"":""Length""},""value"":""15.3""},{""type"":{""value"":213,""displayName"":""Angle""},""value"":""4.99""}]",true,false,false,false,Pass,Successful,FirstHalf,2025-12-05 23:16:15.684766+00
2879320937,1903251,94,12,57,170,145996,35.3,23.8,14.5,47.7,,,,,"[{""type"":{""value"":56,""displayName"":""Zone""},""value"":""Back""},{""type"":{""value"":140,""displayName"":""PassEndX""},""value"":""14.5""},{""type"":{""value"":141,""displayName"":""PassEndY""},""value"":""47.7""},{""type"":{""value"":213,""displayName"":""Angle""},""value"":""2.50""},{""type"":{""value"":212,""displayName"":""Length""},""value"":""27.2""}]",true,false,false,false,Pass,Successful,FirstHalf,2025-12-05 23:16:15.684766+00
2879321007,1903251,95,13,0,170,92173,13,46.7,17.2,19,,,,,"[{""type"":{""value"":140,""displayName"":""PassEndX""},""value"":""17.2""},{""type"":{""value"":56,""displayName"":""Zone""},""value"":""Back""},{""type"":{""value"":213,""displayName"":""Angle""},""value"":""4.94""},{""type"":{""value"":212,""displayName"":""Length""},""value"":""19.3""},{""type"":{""value"":141,""displayName"":""PassEndY""},""value"":""19.0""}]",true,false,false,false,Pass,Successful,FirstHalf,2025-12-05 23:16:15.684766+00
2879321049,1903251,96,13,4,170,231135,18.8,15.6,32.6,5.7,,,,,"[{""type"":{""value"":141,""displayName"":""PassEndY""},""value"":""5.7""},{""type"":{""value"":140,""displayName"":""PassEndX""},""value"":""32.6""},{""type"":{""value"":56,""displayName"":""Zone""},""value"":""Back""},{""type"":{""value"":213,""displayName"":""Angle""},""value"":""5.85""},{""type"":{""value"":212,""displayName"":""Length""},""value"":""16.0""}]",true,false,false,false,Pass,Successful,FirstHalf,2025-12-05 23:16:15.684766+00
2879321061,1903251,97,13,6,170,297395,36.4,7.8,,,,,,,"[{""type"":{""value"":233,""displayName"":""OppositeRelatedEvent""},""value"":""151""},{""type"":{""value"":286,""displayName"":""Offensive""}},{""type"":{""value"":56,""displayName"":""Zone""},""value"":""Back""}]",true,false,false,false,Dispossessed,Successful,FirstHalf,2025-12-05 23:16:15.684766+00
2879321089,1903251,151,13,6,167,468847,63.6,92.2,,,,,,,"[{""type"":{""value"":285,""displayName"":""Defensive""}},{""type"":{""value"":233,""displayName"":""OppositeRelatedEvent""},""value"":""97""},{""type"":{""value"":56,""displayName"":""Zone""},""value"":""Left""},{""type"":{""value"":178,""displayName"":""StandingSave""}}]",true,false,false,false,Tackle,Successful,FirstHalf,2025-12-05 23:16:15.684766+00
2879321097,1903251,152,13,8,167,388098,64.7,87.5,,,,,,,[],false,false,false,false,BallRecovery,Successful,FirstHalf,2025-12-05 23:16:15.684766+00
2879321117,1903251,153,13,8,167,388098,64.7,87.5,75.9,70.5,,,,,"[{""type"":{""value"":140,""displayName"":""PassEndX""},""value"":""75.9""},{""type"":{""value"":141,""displayName"":""PassEndY""},""value"":""70.5""},{""type"":{""value"":213,""displayName"":""Angle""},""value"":""5.51""},{""type"":{""value"":212,""displayName"":""Length""},""value"":""16.5""},{""type"":{""value"":56,""displayName"":""Zone""},""value"":""Center""}]",true,false,false,false,Pass,Unsuccessful,FirstHalf,2025-12-05 23:16:15.684766+00
2879321145,1903251,99,13,10,170,321020,26.3,26.9,,,,,,,[],false,false,false,false,BallRecovery,Successful,FirstHalf,2025-12-05 23:16:15.684766+00
2879321183,1903251,100,13,11,170,321020,26.3,26.9,34.6,36.9,,,,,"[{""type"":{""value"":141,""displayName"":""PassEndY""},""value"":""36.9""},{""type"":{""value"":140,""displayName"":""PassEndX""},""value"":""34.6""},{""type"":{""value"":212,""displayName"":""Length""},""value"":""11.1""},{""type"":{""value"":213,""displayName"":""Angle""},""value"":""0.66""},{""type"":{""value"":56,""displayName"":""Zone""},""value"":""Back""}]",true,false,false,false,Pass,Successful,FirstHalf,2025-12-05 23:16:15.684766+00
2879321311,1903251,101,13,13,170,136824,34.5,41.3,40.5,67.9,,,,,"[{""type"":{""value"":213,""displayName"":""Angle""},""value"":""1.24""},{""type"":{""value"":212,""displayName"":""Length""},""value"":""19.2""},{""type"":{""value"":56,""displayName"":""Zone""},""value"":""Back""},{""type"":{""value"":140,""displayName"":""PassEndX""},""value"":""40.5""},{""type"":{""value"":141,""displayName"":""PassEndY""},""value"":""67.9""}]",true,false,false,false,Pass,Successful,FirstHalf,2025-12-05 23:16:15.684766+00
2879321329,1903251,154,13,20,167,394933,13.9,10.5,,,,,,,"[{""type"":{""value"":56,""displayName"":""Zone""},""value"":""Back""}]",true,false,false,false,Interception,Successful,FirstHalf,2025-12-05 23:16:15.684766+00
2879321337,1903251,102,13,19,170,363686,74.8,78.6,86.1,89.5,,,,,"[{""type"":{""value"":140,""displayName"":""PassEndX""},""value"":""86.1""},{""type"":{""value"":141,""displayName"":""PassEndY""},""value"":""89.5""},{""type"":{""value"":213,""displayName"":""Angle""},""value"":""0.56""},{""type"":{""value"":56,""displayName"":""Zone""},""value"":""Left""},{""type"":{""value"":212,""displayName"":""Length""},""value"":""14.0""}]",true,false,false,false,Pass,Unsuccessful,FirstHalf,2025-12-05 23:16:15.684766+00
2879321585,1903251,105,13,28,170,363686,79.1,100,73.8,85.9,,,,,"[{""type"":{""value"":141,""displayName"":""PassEndY""},""value"":""85.9""},{""type"":{""value"":212,""displayName"":""Length""},""value"":""11.6""},{""type"":{""value"":140,""displayName"":""PassEndX""},""value"":""73.8""},{""type"":{""value"":213,""displayName"":""Angle""},""value"":""4.21""},{""type"":{""value"":107,""displayName"":""ThrowIn""}},{""type"":{""value"":56,""displayName"":""Zone""},""value"":""Left""}]",true,false,false,false,Pass,Successful,FirstHalf,2025-12-05 23:16:15.684766+00
2879321603,1903251,106,13,30,170,136824,74.4,81.2,96.1,58.4,,,,,"[{""type"":{""value"":155,""displayName"":""Chipped""}},{""type"":{""value"":56,""displayName"":""Zone""},""value"":""Center""},{""type"":{""value"":141,""displayName"":""PassEndY""},""value"":""58.4""},{""type"":{""value"":140,""displayName"":""PassEndX""},""value"":""96.1""},{""type"":{""value"":213,""displayName"":""Angle""},""value"":""5.69""},{""type"":{""value"":212,""displayName"":""Length""},""value"":""27.6""}]",true,false,false,false,Pass,Unsuccessful,FirstHalf,2025-12-05 23:16:15.684766+00
2879321615,1903251,156,13,33,167,262515,3,47.9,,,,,,,[],false,false,false,false,KeeperPickup,Successful,FirstHalf,2025-12-05 23:16:15.684766+00
2879321901,1903251,158,13,45,167,262515,7.9,49.7,13.9,65.5,,,,,"[{""type"":{""value"":140,""displayName"":""PassEndX""},""value"":""13.9""},{""type"":{""value"":141,""displayName"":""PassEndY""},""value"":""65.5""},{""type"":{""value"":212,""displayName"":""Length""},""value"":""12.5""},{""type"":{""value"":213,""displayName"":""Angle""},""value"":""1.04""},{""type"":{""value"":56,""displayName"":""Zone""},""value"":""Back""}]",true,false,false,false,Pass,Successful,FirstHalf,2025-12-05 23:16:15.684766+00
2879321965,1903251,159,13,47,167,343382,13.5,63.4,13.1,31.5,,,,,"[{""type"":{""value"":140,""displayName"":""PassEndX""},""value"":""13.1""},{""type"":{""value"":141,""displayName"":""PassEndY""},""value"":""31.5""},{""type"":{""value"":213,""displayName"":""Angle""},""value"":""4.69""},{""type"":{""value"":212,""displayName"":""Length""},""value"":""21.7""},{""type"":{""value"":56,""displayName"":""Zone""},""value"":""Back""}]",true,false,false,false,Pass,Successful,FirstHalf,2025-12-05 23:16:15.684766+00
2879322003,1903251,160,13,52,167,313171,12.1,31,17.2,12.2,,,,,"[{""type"":{""value"":56,""displayName"":""Zone""},""value"":""Back""},{""type"":{""value"":140,""displayName"":""PassEndX""},""value"":""17.2""},{""type"":{""value"":141,""displayName"":""PassEndY""},""value"":""12.2""},{""type"":{""value"":213,""displayName"":""Angle""},""value"":""5.11""},{""type"":{""value"":212,""displayName"":""Length""},""value"":""13.9""}]",true,false,false,false,Pass,Successful,FirstHalf,2025-12-05 23:16:15.684766+00
2879322069,1903251,161,13,54,167,136741,22.4,12.6,36,2.3,,,,,"[{""type"":{""value"":56,""displayName"":""Zone""},""value"":""Back""},{""type"":{""value"":140,""displayName"":""PassEndX""},""value"":""36.0""},{""type"":{""value"":141,""displayName"":""PassEndY""},""value"":""2.3""},{""type"":{""value"":213,""displayName"":""Angle""},""value"":""5.83""},{""type"":{""value"":212,""displayName"":""Length""},""value"":""15.9""}]",true,false,false,false,Pass,Successful,FirstHalf,2025-12-05 23:16:15.684766+00
2879322083,1903251,162,13,58,167,394933,40.8,15.2,42.4,30,,,,,"[{""type"":{""value"":141,""displayName"":""PassEndY""},""value"":""30.0""},{""type"":{""value"":212,""displayName"":""Length""},""value"":""10.2""},{""type"":{""value"":56,""displayName"":""Zone""},""value"":""Back""},{""type"":{""value"":213,""displayName"":""Angle""},""value"":""1.41""},{""type"":{""value"":140,""displayName"":""PassEndX""},""value"":""42.4""}]",true,false,false,false,Pass,Successful,FirstHalf,2025-12-05 23:16:15.684766+00
2879322297,1903251,163,13,59,167,331254,42.5,30.3,34.7,24,,,,,"[{""type"":{""value"":212,""displayName"":""Length""},""value"":""9.2""},{""type"":{""value"":213,""displayName"":""Angle""},""value"":""3.62""},{""type"":{""value"":141,""displayName"":""PassEndY""},""value"":""24.0""},{""type"":{""value"":140,""displayName"":""PassEndX""},""value"":""34.7""},{""type"":{""value"":56,""displayName"":""Zone""},""value"":""Back""}]",true,false,false,false,Pass,Successful,FirstHalf,2025-12-05 23:16:15.684766+00
2879322313,1903251,164,14,7,167,136741,44.4,12.1,44.4,2.3,,,,,"[{""type"":{""value"":141,""displayName"":""PassEndY""},""value"":""2.3""},{""type"":{""value"":212,""displayName"":""Length""},""value"":""6.7""},{""type"":{""value"":213,""displayName"":""Angle""},""value"":""4.71""},{""type"":{""value"":56,""displayName"":""Zone""},""value"":""Back""},{""type"":{""value"":140,""displayName"":""PassEndX""},""value"":""44.4""}]",true,false,false,false,Pass,Successful,FirstHalf,2025-12-05 23:16:15.684766+00
2879322389,1903251,165,14,8,167,394933,46.3,2.9,39.6,18.6,,,,,"[{""type"":{""value"":213,""displayName"":""Angle""},""value"":""2.15""},{""type"":{""value"":212,""displayName"":""Length""},""value"":""12.8""},{""type"":{""value"":141,""displayName"":""PassEndY""},""value"":""18.6""},{""type"":{""value"":140,""displayName"":""PassEndX""},""value"":""39.6""},{""type"":{""value"":56,""displayName"":""Zone""},""value"":""Back""}]",true,false,false,false,Pass,Successful,FirstHalf,2025-12-05 23:16:15.684766+00
2879322455,1903251,166,14,16,167,422939,44.6,21.9,47.3,2.2,,,,,"[{""type"":{""value"":212,""displayName"":""Length""},""value"":""13.7""},{""type"":{""value"":141,""displayName"":""PassEndY""},""value"":""2.2""},{""type"":{""value"":213,""displayName"":""Angle""},""value"":""4.92""},{""type"":{""value"":56,""displayName"":""Zone""},""value"":""Back""},{""type"":{""value"":140,""displayName"":""PassEndX""},""value"":""47.3""}]",true,false,false,false,Pass,Successful,FirstHalf,2025-12-05 23:16:15.684766+00
2879322525,1903251,167,14,18,167,394933,41.4,4.7,12.4,37.1,,,,,"[{""type"":{""value"":140,""displayName"":""PassEndX""},""value"":""12.4""},{""type"":{""value"":213,""displayName"":""Angle""},""value"":""2.52""},{""type"":{""value"":56,""displayName"":""Zone""},""value"":""Back""},{""type"":{""value"":1,""displayName"":""Longball""}},{""type"":{""value"":212,""displayName"":""Length""},""value"":""37.6""},{""type"":{""value"":141,""displayName"":""PassEndY""},""value"":""37.1""}]",true,false,false,false,Pass,Successful,FirstHalf,2025-12-05 23:16:15.684766+00
2879322665,1903251,168,14,26,167,262515,14.6,47.3,24.8,20,,,,,"[{""type"":{""value"":212,""displayName"":""Length""},""value"":""21.4""},{""type"":{""value"":213,""displayName"":""Angle""},""value"":""5.24""},{""type"":{""value"":56,""displayName"":""Zone""},""value"":""Back""},{""type"":{""value"":140,""displayName"":""PassEndX""},""value"":""24.8""},{""type"":{""value"":141,""displayName"":""PassEndY""},""value"":""20.0""}]",true,false,false,false,Pass,Successful,FirstHalf,2025-12-05 23:16:15.684766+00
2879322727,1903251,169,14,31,167,313171,30.2,14.9,41.9,30.7,,,,,"[{""type"":{""value"":213,""displayName"":""Angle""},""value"":""0.72""},{""type"":{""value"":212,""displayName"":""Length""},""value"":""16.3""},{""type"":{""value"":141,""displayName"":""PassEndY""},""value"":""30.7""},{""type"":{""value"":140,""displayName"":""PassEndX""},""value"":""41.9""},{""type"":{""value"":56,""displayName"":""Zone""},""value"":""Back""}]",true,false,false,false,Pass,Successful,FirstHalf,2025-12-05 23:16:15.684766+00
2879322807,1903251,170,14,33,167,331254,43,30.6,61.3,5.3,,,,,"[{""type"":{""value"":56,""displayName"":""Zone""},""value"":""Right""},{""type"":{""value"":213,""displayName"":""Angle""},""value"":""5.55""},{""type"":{""value"":212,""displayName"":""Length""},""value"":""25.8""},{""type"":{""value"":140,""displayName"":""PassEndX""},""value"":""61.3""},{""type"":{""value"":141,""displayName"":""PassEndY""},""value"":""5.3""}]",true,false,false,false,Pass,Successful,FirstHalf,2025-12-05 23:16:15.684766+00
2879322819,1903251,171,14,37,167,394933,69.8,32.9,70.8,53.2,,,,,"[{""type"":{""value"":141,""displayName"":""PassEndY""},""value"":""53.2""},{""type"":{""value"":56,""displayName"":""Zone""},""value"":""Center""},{""type"":{""value"":140,""displayName"":""PassEndX""},""value"":""70.8""},{""type"":{""value"":213,""displayName"":""Angle""},""value"":""1.49""},{""type"":{""value"":212,""displayName"":""Length""},""value"":""13.8""}]",true,false,false,false,Pass,Successful,FirstHalf,2025-12-05 23:16:15.684766+00
2879322835,1903251,172,14,39,167,315227,71.5,50.4,,,,,,,"[{""type"":{""value"":56,""displayName"":""Zone""},""value"":""Center""}]",true,false,false,false,BallTouch,Successful,FirstHalf,2025-12-05 23:16:15.684766+00
2879322883,1903251,173,14,40,167,388098,74,56.9,86.8,71.5,,,,,"[{""type"":{""value"":141,""displayName"":""PassEndY""},""value"":""71.5""},{""type"":{""value"":140,""displayName"":""PassEndX""},""value"":""86.8""},{""type"":{""value"":213,""displayName"":""Angle""},""value"":""0.64""},{""type"":{""value"":212,""displayName"":""Length""},""value"":""16.7""},{""type"":{""value"":56,""displayName"":""Zone""},""value"":""Center""}]",true,false,false,false,Pass,Successful,FirstHalf,2025-12-05 23:16:15.684766+00
2879322895,1903251,174,14,42,167,468847,89.6,70.2,,,,,,,"[{""type"":{""value"":56,""displayName"":""Zone""},""value"":""Center""}]",true,false,false,false,BallTouch,Unsuccessful,FirstHalf,2025-12-05 23:16:15.684766+00
2879322947,1903251,108,14,43,170,231135,6.5,32.7,8.3,29.7,,,,,"[{""type"":{""value"":213,""displayName"":""Angle""},""value"":""5.46""},{""type"":{""value"":56,""displayName"":""Zone""},""value"":""Back""},{""type"":{""value"":212,""displayName"":""Length""},""value"":""2.8""},{""type"":{""value"":141,""displayName"":""PassEndY""},""value"":""29.7""},{""type"":{""value"":140,""displayName"":""PassEndX""},""value"":""8.3""}]",true,false,false,false,Clearance,Successful,FirstHalf,2025-12-05 23:16:15.684766+00
2879323359,1903251,176,14,44,167,468847,84.2,79.9,,,,,,,"[{""type"":{""value"":56,""displayName"":""Zone""},""value"":""Left""}]",true,false,false,false,BallTouch,Successful,FirstHalf,2025-12-05 23:16:15.684766+00
2879323799,1903251,110,15,25,170,145996,23.4,0,40.8,18,,,,,"[{""type"":{""value"":213,""displayName"":""Angle""},""value"":""0.63""},{""type"":{""value"":212,""displayName"":""Length""},""value"":""22.5""},{""type"":{""value"":107,""displayName"":""ThrowIn""}},{""type"":{""value"":1,""displayName"":""Longball""}},{""type"":{""value"":140,""displayName"":""PassEndX""},""value"":""40.8""},{""type"":{""value"":56,""displayName"":""Zone""},""value"":""Back""},{""type"":{""value"":141,""displayName"":""PassEndY""},""value"":""18.0""}]",true,false,false,false,Pass,Successful,FirstHalf,2025-12-05 23:16:15.684766+00
2879323819,1903251,111,15,28,170,108186,37.4,19.9,37,14.3,,,,,"[{""type"":{""value"":213,""displayName"":""Angle""},""value"":""4.60""},{""type"":{""value"":56,""displayName"":""Zone""},""value"":""Back""},{""type"":{""value"":212,""displayName"":""Length""},""value"":""3.8""},{""type"":{""value"":140,""displayName"":""PassEndX""},""value"":""37.0""},{""type"":{""value"":141,""displayName"":""PassEndY""},""value"":""14.3""}]",true,false,false,false,Pass,Unsuccessful,FirstHalf,2025-12-05 23:16:15.684766+00
2879323843,1903251,177,15,28,167,343382,62.9,85.7,58.2,71.4,,,,,"[{""type"":{""value"":212,""displayName"":""Length""},""value"":""10.9""},{""type"":{""value"":141,""displayName"":""PassEndY""},""value"":""71.4""},{""type"":{""value"":213,""displayName"":""Angle""},""value"":""4.24""},{""type"":{""value"":56,""displayName"":""Zone""},""value"":""Center""},{""type"":{""value"":140,""displayName"":""PassEndX""},""value"":""58.2""}]",true,false,false,false,Pass,Successful,FirstHalf,2025-12-05 23:16:15.684766+00
2879323867,1903251,178,15,30,167,422939,56.8,70.8,46.5,57,,,,,"[{""type"":{""value"":56,""displayName"":""Zone""},""value"":""Back""},{""type"":{""value"":140,""displayName"":""PassEndX""},""value"":""46.5""},{""type"":{""value"":213,""displayName"":""Angle""},""value"":""3.86""},{""type"":{""value"":212,""displayName"":""Length""},""value"":""14.3""},{""type"":{""value"":141,""displayName"":""PassEndY""},""value"":""57.0""}]",true,false,false,false,Pass,Successful,FirstHalf,2025-12-05 23:16:15.684766+00
2879323873,1903251,179,15,31,167,313171,46.4,56.9,,,,,,,[],false,false,false,false,BallRecovery,Successful,FirstHalf,2025-12-05 23:16:15.684766+00
2879324067,1903251,180,15,35,167,313171,47,56,47.1,74.7,,,,,"[{""type"":{""value"":141,""displayName"":""PassEndY""},""value"":""74.7""},{""type"":{""value"":140,""displayName"":""PassEndX""},""value"":""47.1""},{""type"":{""value"":213,""displayName"":""Angle""},""value"":""1.56""},{""type"":{""value"":212,""displayName"":""Length""},""value"":""12.7""},{""type"":{""value"":56,""displayName"":""Zone""},""value"":""Back""}]",true,false,false,false,Pass,Successful,FirstHalf,2025-12-05 23:16:15.684766+00
2879324109,1903251,181,15,40,167,402664,65.1,78.1,56.5,72.4,,,,,"[{""type"":{""value"":56,""displayName"":""Zone""},""value"":""Center""},{""type"":{""value"":212,""displayName"":""Length""},""value"":""9.8""},{""type"":{""value"":141,""displayName"":""PassEndY""},""value"":""72.4""},{""type"":{""value"":140,""displayName"":""PassEndX""},""value"":""56.5""},{""type"":{""value"":213,""displayName"":""Angle""},""value"":""3.55""}]",true,false,false,false,Pass,Successful,FirstHalf,2025-12-05 23:16:15.684766+00
2879324195,1903251,182,15,42,167,422939,54.7,70.8,62.2,8.8,,,,,"[{""type"":{""value"":213,""displayName"":""Angle""},""value"":""4.90""},{""type"":{""value"":1,""displayName"":""Longball""}},{""type"":{""value"":56,""displayName"":""Zone""},""value"":""Right""},{""type"":{""value"":141,""displayName"":""PassEndY""},""value"":""8.8""},{""type"":{""value"":140,""displayName"":""PassEndX""},""value"":""62.2""},{""type"":{""value"":212,""displayName"":""Length""},""value"":""42.9""}]",true,false,false,false,Pass,Successful,FirstHalf,2025-12-05 23:16:15.684766+00
2879324277,1903251,183,15,48,167,394933,71.3,10.7,60.1,16.1,,,,,"[{""type"":{""value"":140,""displayName"":""PassEndX""},""value"":""60.1""},{""type"":{""value"":56,""displayName"":""Zone""},""value"":""Right""},{""type"":{""value"":141,""displayName"":""PassEndY""},""value"":""16.1""},{""type"":{""value"":212,""displayName"":""Length""},""value"":""12.3""},{""type"":{""value"":213,""displayName"":""Angle""},""value"":""2.84""}]",true,false,false,false,Pass,Successful,FirstHalf,2025-12-05 23:16:15.684766+00
2879324299,1903251,184,15,51,167,313171,61.9,15.9,65.8,29.2,,,,,"[{""type"":{""value"":56,""displayName"":""Zone""},""value"":""Center""},{""type"":{""value"":213,""displayName"":""Angle""},""value"":""1.15""},{""type"":{""value"":140,""displayName"":""PassEndX""},""value"":""65.8""},{""type"":{""value"":141,""displayName"":""PassEndY""},""value"":""29.2""},{""type"":{""value"":212,""displayName"":""Length""},""value"":""9.9""}]",true,false,false,false,Pass,Successful,FirstHalf,2025-12-05 23:16:15.684766+00
2879324339,1903251,185,15,52,167,331254,65.8,29.2,58.3,36.6,,,,,"[{""type"":{""value"":141,""displayName"":""PassEndY""},""value"":""36.6""},{""type"":{""value"":212,""displayName"":""Length""},""value"":""9.3""},{""type"":{""value"":156,""displayName"":""LayOff""}},{""type"":{""value"":140,""displayName"":""PassEndX""},""value"":""58.3""},{""type"":{""value"":56,""displayName"":""Zone""},""value"":""Center""},{""type"":{""value"":213,""displayName"":""Angle""},""value"":""2.57""}]",true,false,false,false,Pass,Successful,FirstHalf,2025-12-05 23:16:15.684766+00
2879324379,1903251,186,15,55,167,422939,62.4,34.8,70.8,24.7,,,,,"[{""type"":{""value"":141,""displayName"":""PassEndY""},""value"":""24.7""},{""type"":{""value"":140,""displayName"":""PassEndX""},""value"":""70.8""},{""type"":{""value"":212,""displayName"":""Length""},""value"":""11.2""},{""type"":{""value"":213,""displayName"":""Angle""},""value"":""5.62""},{""type"":{""value"":56,""displayName"":""Zone""},""value"":""Center""}]",true,false,false,false,Pass,Successful,FirstHalf,2025-12-05 23:16:15.684766+00
2879324415,1903251,187,15,57,167,331254,72,24.7,85.9,9.4,,,,,"[{""type"":{""value"":140,""displayName"":""PassEndX""},""value"":""85.9""},{""type"":{""value"":213,""displayName"":""Angle""},""value"":""5.66""},{""type"":{""value"":56,""displayName"":""Zone""},""value"":""Right""},{""type"":{""value"":141,""displayName"":""PassEndY""},""value"":""9.4""},{""type"":{""value"":212,""displayName"":""Length""},""value"":""17.9""}]",true,false,false,false,Pass,Successful,FirstHalf,2025-12-05 23:16:15.684766+00
2879324421,1903251,112,15,59,170,322611,14.5,85.6,,,,,,,"[{""type"":{""value"":285,""displayName"":""Defensive""}},{""type"":{""value"":233,""displayName"":""OppositeRelatedEvent""},""value"":""188""},{""type"":{""value"":56,""displayName"":""Zone""},""value"":""Back""}]",true,false,false,false,BlockedPass,Successful,FirstHalf,2025-12-05 23:16:15.684766+00
2879324423,1903251,188,15,59,167,394933,85.9,9.4,85.5,14.4,,,,,"[{""type"":{""value"":56,""displayName"":""Zone""},""value"":""Right""},{""type"":{""value"":286,""displayName"":""Offensive""}},{""type"":{""value"":140,""displayName"":""PassEndX""},""value"":""85.5""},{""type"":{""value"":141,""displayName"":""PassEndY""},""value"":""14.4""},{""type"":{""value"":212,""displayName"":""Length""},""value"":""3.4""},{""type"":{""value"":213,""displayName"":""Angle""},""value"":""1.69""},{""type"":{""value"":233,""displayName"":""OppositeRelatedEvent""},""value"":""112""}]",true,false,false,false,Pass,Unsuccessful,FirstHalf,2025-12-05 23:16:15.684766+00
2879324465,1903251,113,16,0,170,136824,18.4,85,10.6,84.2,,,,,"[{""type"":{""value"":140,""displayName"":""PassEndX""},""value"":""10.6""},{""type"":{""value"":212,""displayName"":""Length""},""value"":""8.2""},{""type"":{""value"":141,""displayName"":""PassEndY""},""value"":""84.2""},{""type"":{""value"":56,""displayName"":""Zone""},""value"":""Back""},{""type"":{""value"":213,""displayName"":""Angle""},""value"":""3.21""}]",true,false,false,false,Pass,Successful,FirstHalf,2025-12-05 23:16:15.684766+00
2879324469,1903251,114,16,1,170,322611,10.4,83.2,,,,,,,[],false,false,false,false,BallRecovery,Successful,FirstHalf,2025-12-05 23:16:15.684766+00
2879324509,1903251,115,16,2,170,322611,10.4,83.2,36.3,68.5,,,,,"[{""type"":{""value"":213,""displayName"":""Angle""},""value"":""5.93""},{""type"":{""value"":155,""displayName"":""Chipped""}},{""type"":{""value"":56,""displayName"":""Zone""},""value"":""Back""},{""type"":{""value"":140,""displayName"":""PassEndX""},""value"":""36.3""},{""type"":{""value"":141,""displayName"":""PassEndY""},""value"":""68.5""},{""type"":{""value"":212,""displayName"":""Length""},""value"":""29.0""}]",true,false,false,false,Pass,Unsuccessful,FirstHalf,2025-12-05 23:16:15.684766+00
2879324541,1903251,189,16,4,167,313171,64.4,25,70.5,27.4,,,,,"[{""type"":{""value"":213,""displayName"":""Angle""},""value"":""0.25""},{""type"":{""value"":56,""displayName"":""Zone""},""value"":""Center""},{""type"":{""value"":140,""displayName"":""PassEndX""},""value"":""70.5""},{""type"":{""value"":141,""displayName"":""PassEndY""},""value"":""27.4""},{""type"":{""value"":212,""displayName"":""Length""},""value"":""6.6""}]",true,false,false,false,Pass,Successful,FirstHalf,2025-12-05 23:16:15.684766+00
2879324553,1903251,190,16,4,167,313171,63.1,26.6,,,,,,,[],false,false,false,false,BallRecovery,Successful,FirstHalf,2025-12-05 23:16:15.684766+00
2879324567,1903251,191,16,6,167,422939,70.5,27.4,64.7,23.1,,,,,"[{""type"":{""value"":213,""displayName"":""Angle""},""value"":""3.59""},{""type"":{""value"":141,""displayName"":""PassEndY""},""value"":""23.1""},{""type"":{""value"":212,""displayName"":""Length""},""value"":""6.8""},{""type"":{""value"":140,""displayName"":""PassEndX""},""value"":""64.7""},{""type"":{""value"":56,""displayName"":""Zone""},""value"":""Center""},{""type"":{""value"":156,""displayName"":""LayOff""}}]",true,false,false,false,Pass,Successful,FirstHalf,2025-12-05 23:16:15.684766+00
2879324597,1903251,192,16,7,167,313171,64.7,23.1,75.2,21.9,,,,,"[{""type"":{""value"":56,""displayName"":""Zone""},""value"":""Center""},{""type"":{""value"":213,""displayName"":""Angle""},""value"":""6.21""},{""type"":{""value"":212,""displayName"":""Length""},""value"":""11.1""},{""type"":{""value"":141,""displayName"":""PassEndY""},""value"":""21.9""},{""type"":{""value"":140,""displayName"":""PassEndX""},""value"":""75.2""}]",true,false,false,false,Pass,Successful,FirstHalf,2025-12-05 23:16:15.684766+00
2879324619,1903251,193,16,9,167,331254,75.2,21.9,80.3,28.3,,,,,"[{""type"":{""value"":213,""displayName"":""Angle""},""value"":""0.68""},{""type"":{""value"":141,""displayName"":""PassEndY""},""value"":""28.3""},{""type"":{""value"":212,""displayName"":""Length""},""value"":""6.9""},{""type"":{""value"":140,""displayName"":""PassEndX""},""value"":""80.3""},{""type"":{""value"":56,""displayName"":""Zone""},""value"":""Center""}]",true,false,false,false,Pass,Successful,FirstHalf,2025-12-05 23:16:15.684766+00
2879324621,1903251,194,16,10,167,313171,80.3,28.3,88.4,19.4,,,,,"[{""type"":{""value"":140,""displayName"":""PassEndX""},""value"":""88.4""},{""type"":{""value"":56,""displayName"":""Zone""},""value"":""Right""},{""type"":{""value"":141,""displayName"":""PassEndY""},""value"":""19.4""},{""type"":{""value"":212,""displayName"":""Length""},""value"":""10.4""},{""type"":{""value"":213,""displayName"":""Angle""},""value"":""5.66""}]",true,false,false,false,Pass,Successful,FirstHalf,2025-12-05 23:16:15.684766+00
2879324655,1903251,195,16,11,167,394933,88.4,19.4,88.2,55.8,,,,,"[{""type"":{""value"":141,""displayName"":""PassEndY""},""value"":""55.8""},{""type"":{""value"":140,""displayName"":""PassEndX""},""value"":""88.2""},{""type"":{""value"":56,""displayName"":""Zone""},""value"":""Center""},{""type"":{""value"":155,""displayName"":""Chipped""}},{""type"":{""value"":213,""displayName"":""Angle""},""value"":""1.58""},{""type"":{""value"":212,""displayName"":""Length""},""value"":""24.8""},{""type"":{""value"":2,""displayName"":""Cross""}},{""type"":{""value"":20,""displayName"":""RightFoot""}}]",true,false,false,false,Pass,Unsuccessful,FirstHalf,2025-12-05 23:16:15.684766+00
2879324727,1903251,117,16,12,170,333044,8,39.3,25.8,31.3,,,,,"[{""type"":{""value"":141,""displayName"":""PassEndY""},""value"":""31.3""},{""type"":{""value"":212,""displayName"":""Length""},""value"":""19.5""},{""type"":{""value"":140,""displayName"":""PassEndX""},""value"":""25.8""},{""type"":{""value"":56,""displayName"":""Zone""},""value"":""Back""},{""type"":{""value"":213,""displayName"":""Angle""},""value"":""6.00""},{""type"":{""value"":15,""displayName"":""Head""}}]",true,false,false,false,Clearance,Successful,FirstHalf,2025-12-05 23:16:15.684766+00
2879324823,1903251,196,16,20,167,422939,66.6,75.1,70.2,65.7,,,,,"[{""type"":{""value"":212,""displayName"":""Length""},""value"":""7.4""},{""type"":{""value"":141,""displayName"":""PassEndY""},""value"":""65.7""},{""type"":{""value"":140,""displayName"":""PassEndX""},""value"":""70.2""},{""type"":{""value"":56,""displayName"":""Zone""},""value"":""Center""},{""type"":{""value"":213,""displayName"":""Angle""},""value"":""5.25""}]",true,false,false,false,Pass,Successful,FirstHalf,2025-12-05 23:16:15.684766+00
2879324847,1903251,197,16,21,167,331254,70.2,66.6,67,76,,,,,"[{""type"":{""value"":213,""displayName"":""Angle""},""value"":""2.05""},{""type"":{""value"":212,""displayName"":""Length""},""value"":""7.2""},{""type"":{""value"":141,""displayName"":""PassEndY""},""value"":""76.0""},{""type"":{""value"":56,""displayName"":""Zone""},""value"":""Center""},{""type"":{""value"":140,""displayName"":""PassEndX""},""value"":""67.0""}]",true,false,false,false,Pass,Successful,FirstHalf,2025-12-05 23:16:15.684766+00
2879324861,1903251,198,16,22,167,422939,67,76.6,72.8,81.4,,,,,"[{""type"":{""value"":212,""displayName"":""Length""},""value"":""6.9""},{""type"":{""value"":141,""displayName"":""PassEndY""},""value"":""81.4""},{""type"":{""value"":140,""displayName"":""PassEndX""},""value"":""72.8""},{""type"":{""value"":56,""displayName"":""Zone""},""value"":""Left""},{""type"":{""value"":213,""displayName"":""Angle""},""value"":""0.49""}]",true,false,false,false,Pass,Successful,FirstHalf,2025-12-05 23:16:15.684766+00
2879324867,1903251,199,16,23,167,468847,72.7,81.7,65.3,77.8,,,,,"[{""type"":{""value"":213,""displayName"":""Angle""},""value"":""3.47""},{""type"":{""value"":212,""displayName"":""Length""},""value"":""8.2""},{""type"":{""value"":140,""displayName"":""PassEndX""},""value"":""65.3""},{""type"":{""value"":56,""displayName"":""Zone""},""value"":""Center""},{""type"":{""value"":141,""displayName"":""PassEndY""},""value"":""77.8""}]",true,false,false,false,Pass,Successful,FirstHalf,2025-12-05 23:16:15.684766+00
2879324887,1903251,200,16,24,167,422939,65,77.8,71.6,84.8,,,,,"[{""type"":{""value"":213,""displayName"":""Angle""},""value"":""0.60""},{""type"":{""value"":212,""displayName"":""Length""},""value"":""8.4""},{""type"":{""value"":141,""displayName"":""PassEndY""},""value"":""84.8""},{""type"":{""value"":140,""displayName"":""PassEndX""},""value"":""71.6""},{""type"":{""value"":56,""displayName"":""Zone""},""value"":""Left""}]",true,false,false,false,Pass,Successful,FirstHalf,2025-12-05 23:16:15.684766+00
2879324911,1903251,201,16,25,167,468847,71.3,84.7,75.3,74.8,,,,,"[{""type"":{""value"":56,""displayName"":""Zone""},""value"":""Center""},{""type"":{""value"":212,""displayName"":""Length""},""value"":""7.9""},{""type"":{""value"":213,""displayName"":""Angle""},""value"":""5.27""},{""type"":{""value"":140,""displayName"":""PassEndX""},""value"":""75.3""},{""type"":{""value"":141,""displayName"":""PassEndY""},""value"":""74.8""}]",true,false,false,false,Pass,Successful,FirstHalf,2025-12-05 23:16:15.684766+00
2879324961,1903251,202,16,26,167,331254,75.2,75.1,84,91.2,,,,,"[{""type"":{""value"":56,""displayName"":""Zone""},""value"":""Left""},{""type"":{""value"":213,""displayName"":""Angle""},""value"":""0.87""},{""type"":{""value"":140,""displayName"":""PassEndX""},""value"":""84.0""},{""type"":{""value"":212,""displayName"":""Length""},""value"":""14.3""},{""type"":{""value"":141,""displayName"":""PassEndY""},""value"":""91.2""}]",true,false,false,false,Pass,Successful,FirstHalf,2025-12-05 23:16:15.684766+00
2879324975,1903251,203,16,28,167,388098,89.2,87.3,88.6,52.3,,,,,"[{""type"":{""value"":56,""displayName"":""Zone""},""value"":""Center""},{""type"":{""value"":22,""displayName"":""RegularPlay""}},{""type"":{""value"":212,""displayName"":""Length""},""value"":""23.8""},{""type"":{""value"":213,""displayName"":""Angle""},""value"":""4.69""},{""type"":{""value"":72,""displayName"":""LeftFoot""}},{""type"":{""value"":140,""displayName"":""PassEndX""},""value"":""88.6""},{""type"":{""value"":141,""displayName"":""PassEndY""},""value"":""52.3""},{""type"":{""value"":154,""displayName"":""IntentionalAssist""}},{""type"":{""value"":210,""displayName"":""ShotAssist""},""value"":""16""},{""type"":{""value"":2,""displayName"":""Cross""}},{""type"":{""value"":11111,""displayName"":""IntentionalGoalAssist""}},{""type"":{""value"":11113,""displayName"":""KeyPass""}}]",true,false,false,false,Pass,Successful,FirstHalf,2025-12-05 23:16:15.684766+00
2879325059,1903251,205,16,30,167,315227,88.6,52.3,,,,,25.9,51.7,"[{""type"":{""value"":79,""displayName"":""HighCentre""}},{""type"":{""value"":22,""displayName"":""RegularPlay""}},{""type"":{""value"":29,""displayName"":""Assisted""}},{""type"":{""value"":72,""displayName"":""LeftFoot""}},{""type"":{""value"":154,""displayName"":""IntentionalAssist""}},{""type"":{""value"":17,""displayName"":""BoxCentre""}},{""type"":{""value"":328,""displayName"":""FirstTouch""}},{""type"":{""value"":56,""displayName"":""Zone""},""value"":""Center""},{""type"":{""value"":55,""displayName"":""RelatedEventId""},""value"":""203""},{""type"":{""value"":102,""displayName"":""GoalMouthY""},""value"":""51.7""},{""type"":{""value"":103,""displayName"":""GoalMouthZ""},""value"":""25.9""}]",true,true,true,false,Goal,Successful,FirstHalf,2025-12-05 23:16:15.684766+00
2879325971,1903251,118,17,39,170,108186,50,50.5,44.2,52.3,,,,,"[{""type"":{""value"":56,""displayName"":""Zone""},""value"":""Back""},{""type"":{""value"":213,""displayName"":""Angle""},""value"":""2.94""},{""type"":{""value"":140,""displayName"":""PassEndX""},""value"":""44.2""},{""type"":{""value"":141,""displayName"":""PassEndY""},""value"":""52.3""},{""type"":{""value"":212,""displayName"":""Length""},""value"":""6.2""}]",true,false,false,false,Pass,Successful,FirstHalf,2025-12-05 23:16:15.684766+00
2879325985,1903251,119,17,47,170,231135,27.5,19.4,74,9.6,,,,,"[{""type"":{""value"":140,""displayName"":""PassEndX""},""value"":""74.0""},{""type"":{""value"":141,""displayName"":""PassEndY""},""value"":""9.6""},{""type"":{""value"":7,""displayName"":""PlayerCaughtOffside""},""value"":""108186""},{""type"":{""value"":56,""displayName"":""Zone""},""value"":""Right""},{""type"":{""value"":1,""displayName"":""Longball""}}]",true,false,false,false,OffsidePass,Successful,FirstHalf,2025-12-05 23:16:15.684766+00
2879326023,1903251,206,17,47,167,402664,40.3,68.3,,,,,,,[],false,false,false,false,OffsideProvoked,Successful,FirstHalf,2025-12-05 23:16:15.684766+00
2879326125,1903251,207,17,56,167,422939,23.8,85.7,21.4,69.7,,,,,"[{""type"":{""value"":141,""displayName"":""PassEndY""},""value"":""69.7""},{""type"":{""value"":140,""displayName"":""PassEndX""},""value"":""21.4""},{""type"":{""value"":212,""displayName"":""Length""},""value"":""11.2""},{""type"":{""value"":213,""displayName"":""Angle""},""value"":""4.48""},{""type"":{""value"":56,""displayName"":""Zone""},""value"":""Back""},{""type"":{""value"":241,""displayName"":""IndirectFreekickTaken""}},{""type"":{""value"":5,""displayName"":""FreekickTaken""}}]",true,false,false,false,Pass,Successful,FirstHalf,2025-12-05 23:16:15.684766+00
2879326199,1903251,209,18,8,167,136741,47.3,20.4,46.6,4.7,,,,,"[{""type"":{""value"":140,""displayName"":""PassEndX""},""value"":""46.6""},{""type"":{""value"":213,""displayName"":""Angle""},""value"":""4.64""},{""type"":{""value"":56,""displayName"":""Zone""},""value"":""Back""},{""type"":{""value"":141,""displayName"":""PassEndY""},""value"":""4.7""},{""type"":{""value"":212,""displayName"":""Length""},""value"":""10.7""}]",true,false,false,false,Pass,Successful,FirstHalf,2025-12-05 23:16:15.684766+00
2879326225,1903251,210,18,10,167,394933,45.6,6.7,33.5,25.8,,,,,"[{""type"":{""value"":213,""displayName"":""Angle""},""value"":""2.35""},{""type"":{""value"":212,""displayName"":""Length""},""value"":""18.2""},{""type"":{""value"":56,""displayName"":""Zone""},""value"":""Back""},{""type"":{""value"":141,""displayName"":""PassEndY""},""value"":""25.8""},{""type"":{""value"":140,""displayName"":""PassEndX""},""value"":""33.5""}]",true,false,false,false,Pass,Successful,FirstHalf,2025-12-05 23:16:15.684766+00
2879326253,1903251,211,18,12,167,313171,33.5,25.9,38.4,32.7,,,,,"[{""type"":{""value"":141,""displayName"":""PassEndY""},""value"":""32.7""},{""type"":{""value"":212,""displayName"":""Length""},""value"":""6.9""},{""type"":{""value"":213,""displayName"":""Angle""},""value"":""0.73""},{""type"":{""value"":56,""displayName"":""Zone""},""value"":""Back""},{""type"":{""value"":140,""displayName"":""PassEndX""},""value"":""38.4""}]",true,false,false,false,Pass,Successful,FirstHalf,2025-12-05 23:16:15.684766+00
2879326269,1903251,212,18,14,167,343382,35.7,30.7,29.3,18,,,,,"[{""type"":{""value"":56,""displayName"":""Zone""},""value"":""Back""},{""type"":{""value"":213,""displayName"":""Angle""},""value"":""4.05""},{""type"":{""value"":140,""displayName"":""PassEndX""},""value"":""29.3""},{""type"":{""value"":212,""displayName"":""Length""},""value"":""10.9""},{""type"":{""value"":141,""displayName"":""PassEndY""},""value"":""18.0""}]",true,false,false,false,Pass,Successful,FirstHalf,2025-12-05 23:16:15.684766+00
2879326293,1903251,213,18,15,167,313171,29.1,17.7,41.1,5,,,,,"[{""type"":{""value"":140,""displayName"":""PassEndX""},""value"":""41.1""},{""type"":{""value"":56,""displayName"":""Zone""},""value"":""Back""},{""type"":{""value"":141,""displayName"":""PassEndY""},""value"":""5.0""},{""type"":{""value"":212,""displayName"":""Length""},""value"":""15.3""},{""type"":{""value"":213,""displayName"":""Angle""},""value"":""5.68""}]",true,false,false,false,Pass,Successful,FirstHalf,2025-12-05 23:16:15.684766+00
2879326307,1903251,214,18,19,167,394933,45.7,17.3,70.1,17.4,,,,,"[{""type"":{""value"":213,""displayName"":""Angle""},""value"":""0.00""},{""type"":{""value"":140,""displayName"":""PassEndX""},""value"":""70.1""},{""type"":{""value"":141,""displayName"":""PassEndY""},""value"":""17.4""},{""type"":{""value"":56,""displayName"":""Zone""},""value"":""Right""},{""type"":{""value"":212,""displayName"":""Length""},""value"":""25.6""}]",true,false,false,false,Pass,Unsuccessful,FirstHalf,2025-12-05 23:16:15.684766+00
2879326315,1903251,120,18,22,170,322611,27.8,80.6,,,,,,,[],false,false,false,false,BallRecovery,Successful,FirstHalf,2025-12-05 23:16:15.684766+00
2879326339,1903251,121,18,23,170,322611,27.8,80.6,9.5,52.4,,,,,"[{""type"":{""value"":56,""displayName"":""Zone""},""value"":""Back""},{""type"":{""value"":141,""displayName"":""PassEndY""},""value"":""52.4""},{""type"":{""value"":140,""displayName"":""PassEndX""},""value"":""9.5""},{""type"":{""value"":213,""displayName"":""Angle""},""value"":""3.93""},{""type"":{""value"":212,""displayName"":""Length""},""value"":""27.1""}]",true,false,false,false,Pass,Successful,FirstHalf,2025-12-05 23:16:15.684766+00
2879326361,1903251,122,18,24,170,92173,9.7,50.9,20.5,30.3,,,,,"[{""type"":{""value"":213,""displayName"":""Angle""},""value"":""5.39""},{""type"":{""value"":212,""displayName"":""Length""},""value"":""18.0""},{""type"":{""value"":141,""displayName"":""PassEndY""},""value"":""30.3""},{""type"":{""value"":140,""displayName"":""PassEndX""},""value"":""20.5""},{""type"":{""value"":56,""displayName"":""Zone""},""value"":""Back""}]",true,false,false,false,Pass,Successful,FirstHalf,2025-12-05 23:16:15.684766+00
2879326393,1903251,123,18,27,170,231135,22.6,28.3,30.9,36.3,,,,,"[{""type"":{""value"":56,""displayName"":""Zone""},""value"":""Back""},{""type"":{""value"":141,""displayName"":""PassEndY""},""value"":""36.3""},{""type"":{""value"":212,""displayName"":""Length""},""value"":""10.3""},{""type"":{""value"":213,""displayName"":""Angle""},""value"":""0.56""},{""type"":{""value"":140,""displayName"":""PassEndX""},""value"":""30.9""}]",true,false,false,false,Pass,Successful,FirstHalf,2025-12-05 23:16:15.684766+00
2879326407,1903251,124,18,31,170,297395,35.9,27.2,36.4,13.7,,,,,"[{""type"":{""value"":213,""displayName"":""Angle""},""value"":""4.77""},{""type"":{""value"":212,""displayName"":""Length""},""value"":""9.2""},{""type"":{""value"":141,""displayName"":""PassEndY""},""value"":""13.7""},{""type"":{""value"":140,""displayName"":""PassEndX""},""value"":""36.4""},{""type"":{""value"":56,""displayName"":""Zone""},""value"":""Back""}]",true,false,false,false,Pass,Successful,FirstHalf,2025-12-05 23:16:15.684766+00
2879326447,1903251,125,18,32,170,145996,36.4,13.7,29.1,26.3,,,,,"[{""type"":{""value"":56,""displayName"":""Zone""},""value"":""Back""},{""type"":{""value"":141,""displayName"":""PassEndY""},""value"":""26.3""},{""type"":{""value"":140,""displayName"":""PassEndX""},""value"":""29.1""},{""type"":{""value"":213,""displayName"":""Angle""},""value"":""2.30""},{""type"":{""value"":212,""displayName"":""Length""},""value"":""11.5""}]",true,false,false,false,Pass,Successful,FirstHalf,2025-12-05 23:16:15.684766+00
2879326495,1903251,126,18,35,170,231135,28.7,32.2,9.5,47.1,,,,,"[{""type"":{""value"":56,""displayName"":""Zone""},""value"":""Back""},{""type"":{""value"":213,""displayName"":""Angle""},""value"":""2.68""},{""type"":{""value"":141,""displayName"":""PassEndY""},""value"":""47.1""},{""type"":{""value"":140,""displayName"":""PassEndX""},""value"":""9.5""},{""type"":{""value"":212,""displayName"":""Length""},""value"":""22.6""}]",true,false,false,false,Pass,Successful,FirstHalf,2025-12-05 23:16:15.684766+00
2879326527,1903251,127,18,38,170,92173,9.9,45,18.9,47.7,,,,,"[{""type"":{""value"":141,""displayName"":""PassEndY""},""value"":""47.7""},{""type"":{""value"":140,""displayName"":""PassEndX""},""value"":""18.9""},{""type"":{""value"":213,""displayName"":""Angle""},""value"":""0.19""},{""type"":{""value"":56,""displayName"":""Zone""},""value"":""Back""},{""type"":{""value"":212,""displayName"":""Length""},""value"":""9.6""}]",true,false,false,false,Pass,Successful,FirstHalf,2025-12-05 23:16:15.684766+00
2879326547,1903251,128,18,40,170,321020,18.9,47.7,9,23,,,,,"[{""type"":{""value"":213,""displayName"":""Angle""},""value"":""4.16""},{""type"":{""value"":141,""displayName"":""PassEndY""},""value"":""23.0""},{""type"":{""value"":212,""displayName"":""Length""},""value"":""19.8""},{""type"":{""value"":156,""displayName"":""LayOff""}},{""type"":{""value"":56,""displayName"":""Zone""},""value"":""Back""},{""type"":{""value"":140,""displayName"":""PassEndX""},""value"":""9.0""}]",true,false,false,false,Pass,Successful,FirstHalf,2025-12-05 23:16:15.684766+00
2879326611,1903251,129,18,42,170,231135,10.9,24.2,4.5,46.8,,,,,"[{""type"":{""value"":141,""displayName"":""PassEndY""},""value"":""46.8""},{""type"":{""value"":140,""displayName"":""PassEndX""},""value"":""4.5""},{""type"":{""value"":56,""displayName"":""Zone""},""value"":""Back""},{""type"":{""value"":213,""displayName"":""Angle""},""value"":""1.98""},{""type"":{""value"":212,""displayName"":""Length""},""value"":""16.8""}]",true,false,false,false,Pass,Successful,FirstHalf,2025-12-05 23:16:15.684766+00
2879326631,1903251,130,18,47,170,92173,7.6,46.5,10.4,74.3,,,,,"[{""type"":{""value"":141,""displayName"":""PassEndY""},""value"":""74.3""},{""type"":{""value"":56,""displayName"":""Zone""},""value"":""Back""},{""type"":{""value"":140,""displayName"":""PassEndX""},""value"":""10.4""},{""type"":{""value"":212,""displayName"":""Length""},""value"":""19.1""},{""type"":{""value"":213,""displayName"":""Angle""},""value"":""1.42""}]",true,false,false,false,Pass,Successful,FirstHalf,2025-12-05 23:16:15.684766+00
2879326655,1903251,131,18,49,170,396976,10.4,74.3,22.2,96.1,,,,,"[{""type"":{""value"":141,""displayName"":""PassEndY""},""value"":""96.1""},{""type"":{""value"":212,""displayName"":""Length""},""value"":""19.3""},{""type"":{""value"":213,""displayName"":""Angle""},""value"":""0.87""},{""type"":{""value"":56,""displayName"":""Zone""},""value"":""Back""},{""type"":{""value"":140,""displayName"":""PassEndX""},""value"":""22.2""}]",true,false,false,false,Pass,Successful,FirstHalf,2025-12-05 23:16:15.684766+00
2879326675,1903251,132,18,51,170,322611,22.2,96.1,38.8,77,,,,,"[{""type"":{""value"":140,""displayName"":""PassEndX""},""value"":""38.8""},{""type"":{""value"":213,""displayName"":""Angle""},""value"":""5.64""},{""type"":{""value"":56,""displayName"":""Zone""},""value"":""Back""},{""type"":{""value"":212,""displayName"":""Length""},""value"":""21.7""},{""type"":{""value"":141,""displayName"":""PassEndY""},""value"":""77.0""}]",true,false,false,false,Pass,Successful,FirstHalf,2025-12-05 23:16:15.684766+00
2879326703,1903251,133,18,54,170,108186,35.8,77.4,30.1,65.8,,,,,"[{""type"":{""value"":212,""displayName"":""Length""},""value"":""9.9""},{""type"":{""value"":141,""displayName"":""PassEndY""},""value"":""65.8""},{""type"":{""value"":213,""displayName"":""Angle""},""value"":""4.06""},{""type"":{""value"":140,""displayName"":""PassEndX""},""value"":""30.1""},{""type"":{""value"":56,""displayName"":""Zone""},""value"":""Back""}]",true,false,false,false,Pass,Successful,FirstHalf,2025-12-05 23:16:15.684766+00
2879326755,1903251,134,18,57,170,136824,31.5,61,58,4.2,,,,,"[{""type"":{""value"":140,""displayName"":""PassEndX""},""value"":""58.0""},{""type"":{""value"":155,""displayName"":""Chipped""}},{""type"":{""value"":1,""displayName"":""Longball""}},{""type"":{""value"":56,""displayName"":""Zone""},""value"":""Right""},{""type"":{""value"":213,""displayName"":""Angle""},""value"":""5.34""},{""type"":{""value"":141,""displayName"":""PassEndY""},""value"":""4.2""},{""type"":{""value"":212,""displayName"":""Length""},""value"":""47.6""}]",true,false,false,false,Pass,Successful,FirstHalf,2025-12-05 23:16:15.684766+00
2879326767,1903251,135,19,2,170,333044,53.9,16.2,72.6,49.8,,,,,"[{""type"":{""value"":212,""displayName"":""Length""},""value"":""30.1""},{""type"":{""value"":213,""displayName"":""Angle""},""value"":""0.86""},{""type"":{""value"":56,""displayName"":""Zone""},""value"":""Center""},{""type"":{""value"":140,""displayName"":""PassEndX""},""value"":""72.6""},{""type"":{""value"":141,""displayName"":""PassEndY""},""value"":""49.8""}]",true,false,false,false,Pass,Unsuccessful,FirstHalf,2025-12-05 23:16:15.684766+00
2879326781,1903251,216,19,4,167,313171,29.3,44.2,,,,,,,[],false,false,false,false,BallRecovery,Successful,FirstHalf,2025-12-05 23:16:15.684766+00
2879326815,1903251,217,19,6,167,313171,31.3,39.7,31.5,53,,,,,"[{""type"":{""value"":212,""displayName"":""Length""},""value"":""9.0""},{""type"":{""value"":141,""displayName"":""PassEndY""},""value"":""53.0""},{""type"":{""value"":213,""displayName"":""Angle""},""value"":""1.55""},{""type"":{""value"":56,""displayName"":""Zone""},""value"":""Back""},{""type"":{""value"":140,""displayName"":""PassEndX""},""value"":""31.5""}]",true,false,false,false,Pass,Successful,FirstHalf,2025-12-05 23:16:15.684766+00
2879326835,1903251,218,19,8,167,422939,31.5,54.2,34.2,70.3,,,,,"[{""type"":{""value"":213,""displayName"":""Angle""},""value"":""1.32""},{""type"":{""value"":212,""displayName"":""Length""},""value"":""11.3""},{""type"":{""value"":56,""displayName"":""Zone""},""value"":""Back""},{""type"":{""value"":140,""displayName"":""PassEndX""},""value"":""34.2""},{""type"":{""value"":141,""displayName"":""PassEndY""},""value"":""70.3""}]",true,false,false,false,Pass,Successful,FirstHalf,2025-12-05 23:16:15.684766+00
2879326855,1903251,219,19,11,167,388098,38.8,76.1,35.8,91.8,,,,,"[{""type"":{""value"":140,""displayName"":""PassEndX""},""value"":""35.8""},{""type"":{""value"":141,""displayName"":""PassEndY""},""value"":""91.8""},{""type"":{""value"":212,""displayName"":""Length""},""value"":""11.1""},{""type"":{""value"":213,""displayName"":""Angle""},""value"":""1.86""},{""type"":{""value"":56,""displayName"":""Zone""},""value"":""Back""}]",true,false,false,false,Pass,Successful,FirstHalf,2025-12-05 23:16:15.684766+00
2879326873,1903251,220,19,13,167,468847,36.1,92.3,46,93.5,,,,,"[{""type"":{""value"":213,""displayName"":""Angle""},""value"":""0.08""},{""type"":{""value"":212,""displayName"":""Length""},""value"":""10.4""},{""type"":{""value"":141,""displayName"":""PassEndY""},""value"":""93.5""},{""type"":{""value"":56,""displayName"":""Zone""},""value"":""Back""},{""type"":{""value"":140,""displayName"":""PassEndX""},""value"":""46.0""}]",true,false,false,false,Pass,Successful,FirstHalf,2025-12-05 23:16:15.684766+00
2879326875,1903251,221,19,15,167,388098,46.4,94.2,,,,,,,"[{""type"":{""value"":233,""displayName"":""OppositeRelatedEvent""},""value"":""136""},{""type"":{""value"":56,""displayName"":""Zone""},""value"":""Back""},{""type"":{""value"":286,""displayName"":""Offensive""}}]",true,false,false,false,TakeOn,Successful,FirstHalf,2025-12-05 23:16:15.684766+00
2879326887,1903251,136,19,15,170,333044,53.6,5.8,,,,,,,"[{""type"":{""value"":56,""displayName"":""Zone""},""value"":""Right""},{""type"":{""value"":285,""displayName"":""Defensive""}},{""type"":{""value"":233,""displayName"":""OppositeRelatedEvent""},""value"":""221""}]",false,false,false,false,Challenge,Unsuccessful,FirstHalf,2025-12-05 23:16:15.684766+00
2879326901,1903251,222,19,18,167,388098,58.1,93.2,,,,,,,"[{""type"":{""value"":286,""displayName"":""Offensive""}},{""type"":{""value"":56,""displayName"":""Zone""},""value"":""Left""},{""type"":{""value"":233,""displayName"":""OppositeRelatedEvent""},""value"":""137""}]",true,false,false,false,Dispossessed,Successful,FirstHalf,2025-12-05 23:16:15.684766+00
2879326979,1903251,137,19,18,170,145996,41.9,6.8,,,,,,,"[{""type"":{""value"":56,""displayName"":""Zone""},""value"":""Back""},{""type"":{""value"":233,""displayName"":""OppositeRelatedEvent""},""value"":""222""},{""type"":{""value"":285,""displayName"":""Defensive""}}]",true,false,false,false,Tackle,Successful,FirstHalf,2025-12-05 23:16:15.684766+00
2879326985,1903251,138,19,22,170,231135,23.3,7.2,,,,,,,[],false,false,false,false,BallRecovery,Successful,FirstHalf,2025-12-05 23:16:15.684766+00
2879327051,1903251,139,19,27,170,231135,25.1,28.1,25.3,66.9,,,,,"[{""type"":{""value"":213,""displayName"":""Angle""},""value"":""1.56""},{""type"":{""value"":212,""displayName"":""Length""},""value"":""26.4""},{""type"":{""value"":141,""displayName"":""PassEndY""},""value"":""66.9""},{""type"":{""value"":140,""displayName"":""PassEndX""},""value"":""25.3""},{""type"":{""value"":56,""displayName"":""Zone""},""value"":""Back""}]",true,false,false,false,Pass,Successful,FirstHalf,2025-12-05 23:16:15.684766+00
2879327077,1903251,140,19,28,170,396976,25.3,66.6,22.3,35.8,,,,,"[{""type"":{""value"":141,""displayName"":""PassEndY""},""value"":""35.8""},{""type"":{""value"":56,""displayName"":""Zone""},""value"":""Back""},{""type"":{""value"":140,""displayName"":""PassEndX""},""value"":""22.3""},{""type"":{""value"":213,""displayName"":""Angle""},""value"":""4.56""},{""type"":{""value"":212,""displayName"":""Length""},""value"":""21.2""}]",true,false,false,false,Pass,Successful,FirstHalf,2025-12-05 23:16:15.684766+00
2879327101,1903251,141,19,30,170,231135,22.4,34.3,24.3,20.6,,,,,"[{""type"":{""value"":212,""displayName"":""Length""},""value"":""9.5""},{""type"":{""value"":140,""displayName"":""PassEndX""},""value"":""24.3""},{""type"":{""value"":141,""displayName"":""PassEndY""},""value"":""20.6""},{""type"":{""value"":213,""displayName"":""Angle""},""value"":""4.92""},{""type"":{""value"":56,""displayName"":""Zone""},""value"":""Back""}]",true,false,false,false,Pass,Successful,FirstHalf,2025-12-05 23:16:15.684766+00
2879327143,1903251,142,19,33,170,145996,24.8,17.3,32.8,7,,,,,"[{""type"":{""value"":140,""displayName"":""PassEndX""},""value"":""32.8""},{""type"":{""value"":212,""displayName"":""Length""},""value"":""10.9""},{""type"":{""value"":141,""displayName"":""PassEndY""},""value"":""7.0""},{""type"":{""value"":56,""displayName"":""Zone""},""value"":""Back""},{""type"":{""value"":213,""displayName"":""Angle""},""value"":""5.59""}]",true,false,false,false,Pass,Successful,FirstHalf,2025-12-05 23:16:15.684766+00
2879327147,1903251,143,19,37,170,297395,33.7,14.5,,,,,,,"[{""type"":{""value"":13,""displayName"":""Foul""}},{""type"":{""value"":233,""displayName"":""OppositeRelatedEvent""},""value"":""223""},{""type"":{""value"":56,""displayName"":""Zone""},""value"":""Back""},{""type"":{""value"":286,""displayName"":""Offensive""}}]",true,false,false,false,Foul,Successful,FirstHalf,2025-12-05 23:16:15.684766+00
2879327153,1903251,223,19,37,167,468847,66.3,85.5,,,,,,,"[{""type"":{""value"":13,""displayName"":""Foul""}},{""type"":{""value"":56,""displayName"":""Zone""},""value"":""Left""},{""type"":{""value"":285,""displayName"":""Defensive""}},{""type"":{""value"":233,""displayName"":""OppositeRelatedEvent""},""value"":""143""}]",false,false,false,false,Foul,Unsuccessful,FirstHalf,2025-12-05 23:16:15.684766+00
2879327189,1903251,144,19,42,170,297395,33.8,18.6,29.1,35.8,,,,,"[{""type"":{""value"":212,""displayName"":""Length""},""value"":""12.7""},{""type"":{""value"":141,""displayName"":""PassEndY""},""value"":""35.8""},{""type"":{""value"":140,""displayName"":""PassEndX""},""value"":""29.1""},{""type"":{""value"":5,""displayName"":""FreekickTaken""}},{""type"":{""value"":213,""displayName"":""Angle""},""value"":""1.97""},{""type"":{""value"":56,""displayName"":""Zone""},""value"":""Back""}]",true,false,false,false,Pass,Successful,FirstHalf,2025-12-05 23:16:15.684766+00
2879327191,1903251,145,19,43,170,321020,30.7,40.5,36.7,54.2,,,,,"[{""type"":{""value"":140,""displayName"":""PassEndX""},""value"":""36.7""},{""type"":{""value"":56,""displayName"":""Zone""},""value"":""Back""},{""type"":{""value"":213,""displayName"":""Angle""},""value"":""0.98""},{""type"":{""value"":212,""displayName"":""Length""},""value"":""11.2""},{""type"":{""value"":141,""displayName"":""PassEndY""},""value"":""54.2""}]",true,false,false,false,Pass,Successful,FirstHalf,2025-12-05 23:16:15.684766+00
2879327197,1903251,146,19,44,170,136824,36.7,54.2,56.3,56.5,,,,,"[{""type"":{""value"":56,""displayName"":""Zone""},""value"":""Center""},{""type"":{""value"":140,""displayName"":""PassEndX""},""value"":""56.3""},{""type"":{""value"":212,""displayName"":""Length""},""value"":""20.6""},{""type"":{""value"":141,""displayName"":""PassEndY""},""value"":""56.5""},{""type"":{""value"":213,""displayName"":""Angle""},""value"":""0.08""}]",true,false,false,false,Pass,Successful,FirstHalf,2025-12-05 23:16:15.684766+00
2879327205,1903251,147,19,45,170,363686,56.3,56.5,56.9,89.9,,,,,"[{""type"":{""value"":140,""displayName"":""PassEndX""},""value"":""56.9""},{""type"":{""value"":141,""displayName"":""PassEndY""},""value"":""89.9""},{""type"":{""value"":212,""displayName"":""Length""},""value"":""22.7""},{""type"":{""value"":213,""displayName"":""Angle""},""value"":""1.54""},{""type"":{""value"":56,""displayName"":""Zone""},""value"":""Left""}]",true,false,false,false,Pass,Successful,FirstHalf,2025-12-05 23:16:15.684766+00
2879327213,1903251,148,19,47,170,322611,57.5,90.2,54.3,81,,,,,"[{""type"":{""value"":140,""displayName"":""PassEndX""},""value"":""54.3""},{""type"":{""value"":141,""displayName"":""PassEndY""},""value"":""81.0""},{""type"":{""value"":56,""displayName"":""Zone""},""value"":""Left""},{""type"":{""value"":212,""displayName"":""Length""},""value"":""7.1""},{""type"":{""value"":213,""displayName"":""Angle""},""value"":""4.22""}]",true,false,false,false,Pass,Successful,FirstHalf,2025-12-05 23:16:15.684766+00
2879327253,1903251,149,19,49,170,136824,53.4,79.4,40.1,51.2,,,,,"[{""type"":{""value"":141,""displayName"":""PassEndY""},""value"":""51.2""},{""type"":{""value"":140,""displayName"":""PassEndX""},""value"":""40.1""},{""type"":{""value"":213,""displayName"":""Angle""},""value"":""4.08""},{""type"":{""value"":212,""displayName"":""Length""},""value"":""23.7""},{""type"":{""value"":56,""displayName"":""Zone""},""value"":""Back""}]",true,false,false,false,Pass,Successful,FirstHalf,2025-12-05 23:16:15.684766+00
2879327283,1903251,150,19,54,170,231135,50.7,39.9,50.2,22.1,,,,,"[{""type"":{""value"":212,""displayName"":""Length""},""value"":""12.1""},{""type"":{""value"":140,""displayName"":""PassEndX""},""value"":""50.2""},{""type"":{""value"":141,""displayName"":""PassEndY""},""value"":""22.1""},{""type"":{""value"":56,""displayName"":""Zone""},""value"":""Center""},{""type"":{""value"":213,""displayName"":""Angle""},""value"":""4.67""}]",true,false,false,false,Pass,Successful,FirstHalf,2025-12-05 23:16:15.684766+00
2879327315,1903251,151,19,56,170,145996,52.9,22.7,45.4,34.5,,,,,"[{""type"":{""value"":212,""displayName"":""Length""},""value"":""11.2""},{""type"":{""value"":140,""displayName"":""PassEndX""},""value"":""45.4""},{""type"":{""value"":141,""displayName"":""PassEndY""},""value"":""34.5""},{""type"":{""value"":56,""displayName"":""Zone""},""value"":""Back""},{""type"":{""value"":213,""displayName"":""Angle""},""value"":""2.35""}]",true,false,false,false,Pass,Successful,FirstHalf,2025-12-05 23:16:15.684766+00
2879327331,1903251,152,19,59,170,231135,45.4,34.5,55.6,40.8,,,,,"[{""type"":{""value"":212,""displayName"":""Length""},""value"":""11.5""},{""type"":{""value"":213,""displayName"":""Angle""},""value"":""0.38""},{""type"":{""value"":56,""displayName"":""Zone""},""value"":""Center""},{""type"":{""value"":141,""displayName"":""PassEndY""},""value"":""40.8""},{""type"":{""value"":140,""displayName"":""PassEndX""},""value"":""55.6""}]",true,false,false,false,Pass,Successful,FirstHalf,2025-12-05 23:16:15.684766+00
2879327345,1903251,153,20,0,170,321020,55.6,40.8,46.3,24.5,,,,,"[{""type"":{""value"":213,""displayName"":""Angle""},""value"":""3.99""},{""type"":{""value"":140,""displayName"":""PassEndX""},""value"":""46.3""},{""type"":{""value"":56,""displayName"":""Zone""},""value"":""Back""},{""type"":{""value"":141,""displayName"":""PassEndY""},""value"":""24.5""},{""type"":{""value"":212,""displayName"":""Length""},""value"":""14.8""},{""type"":{""value"":156,""displayName"":""LayOff""}}]",true,false,false,false,Pass,Successful,FirstHalf,2025-12-05 23:16:15.684766+00
2879327381,1903251,154,20,1,170,145996,46.3,24.5,40.7,38.1,,,,,"[{""type"":{""value"":213,""displayName"":""Angle""},""value"":""2.14""},{""type"":{""value"":140,""displayName"":""PassEndX""},""value"":""40.7""},{""type"":{""value"":56,""displayName"":""Zone""},""value"":""Back""},{""type"":{""value"":141,""displayName"":""PassEndY""},""value"":""38.1""},{""type"":{""value"":212,""displayName"":""Length""},""value"":""11.0""}]",true,false,false,false,Pass,Successful,FirstHalf,2025-12-05 23:16:15.684766+00
2879327427,1903251,155,20,5,170,231135,46.3,43.7,55.8,83.8,,,,,"[{""type"":{""value"":141,""displayName"":""PassEndY""},""value"":""83.8""},{""type"":{""value"":212,""displayName"":""Length""},""value"":""29.0""},{""type"":{""value"":140,""displayName"":""PassEndX""},""value"":""55.8""},{""type"":{""value"":56,""displayName"":""Zone""},""value"":""Left""},{""type"":{""value"":213,""displayName"":""Angle""},""value"":""1.22""}]",true,false,false,false,Pass,Successful,FirstHalf,2025-12-05 23:16:15.684766+00
2879327483,1903251,156,20,10,170,136824,59.1,83.8,53.6,63.9,,,,,"[{""type"":{""value"":213,""displayName"":""Angle""},""value"":""4.31""},{""type"":{""value"":212,""displayName"":""Length""},""value"":""14.7""},{""type"":{""value"":56,""displayName"":""Zone""},""value"":""Center""},{""type"":{""value"":140,""displayName"":""PassEndX""},""value"":""53.6""},{""type"":{""value"":141,""displayName"":""PassEndY""},""value"":""63.9""}]",true,false,false,false,Pass,Successful,FirstHalf,2025-12-05 23:16:15.684766+00
2879327513,1903251,157,20,15,170,321020,53.5,45.2,66.5,12.2,,,,,"[{""type"":{""value"":141,""displayName"":""PassEndY""},""value"":""12.2""},{""type"":{""value"":212,""displayName"":""Length""},""value"":""26.3""},{""type"":{""value"":213,""displayName"":""Angle""},""value"":""5.26""},{""type"":{""value"":56,""displayName"":""Zone""},""value"":""Right""},{""type"":{""value"":140,""displayName"":""PassEndX""},""value"":""66.5""}]",true,false,false,false,Pass,Successful,FirstHalf,2025-12-05 23:16:15.684766+00
2879327523,1903251,158,20,18,170,333044,67.4,11,58.9,11,,,,,"[{""type"":{""value"":213,""displayName"":""Angle""},""value"":""3.14""},{""type"":{""value"":212,""displayName"":""Length""},""value"":""8.9""},{""type"":{""value"":156,""displayName"":""LayOff""}},{""type"":{""value"":56,""displayName"":""Zone""},""value"":""Right""},{""type"":{""value"":141,""displayName"":""PassEndY""},""value"":""11.0""},{""type"":{""value"":140,""displayName"":""PassEndX""},""value"":""58.9""}]",true,false,false,false,Pass,Successful,FirstHalf,2025-12-05 23:16:15.684766+00
2879327555,1903251,159,20,19,170,145996,58.6,11,40,33.1,,,,,"[{""type"":{""value"":56,""displayName"":""Zone""},""value"":""Back""},{""type"":{""value"":213,""displayName"":""Angle""},""value"":""2.49""},{""type"":{""value"":140,""displayName"":""PassEndX""},""value"":""40.0""},{""type"":{""value"":141,""displayName"":""PassEndY""},""value"":""33.1""},{""type"":{""value"":212,""displayName"":""Length""},""value"":""24.6""}]",true,false,false,false,Pass,Successful,FirstHalf,2025-12-05 23:16:15.684766+00
2879327575,1903251,160,20,23,170,231135,45.5,46.2,81.9,84.8,,,,,"[{""type"":{""value"":1,""displayName"":""Longball""}},{""type"":{""value"":140,""displayName"":""PassEndX""},""value"":""81.9""},{""type"":{""value"":56,""displayName"":""Zone""},""value"":""Left""},{""type"":{""value"":155,""displayName"":""Chipped""}},{""type"":{""value"":213,""displayName"":""Angle""},""value"":""0.60""},{""type"":{""value"":141,""displayName"":""PassEndY""},""value"":""84.8""},{""type"":{""value"":212,""displayName"":""Length""},""value"":""46.4""}]",true,false,false,false,Pass,Unsuccessful,FirstHalf,2025-12-05 23:16:15.684766+00
2879327585,1903251,224,20,27,167,394933,18.8,17.7,24.1,24.1,,,,,"[{""type"":{""value"":212,""displayName"":""Length""},""value"":""7.1""},{""type"":{""value"":213,""displayName"":""Angle""},""value"":""0.66""},{""type"":{""value"":56,""displayName"":""Zone""},""value"":""Back""},{""type"":{""value"":140,""displayName"":""PassEndX""},""value"":""24.1""},{""type"":{""value"":141,""displayName"":""PassEndY""},""value"":""24.1""},{""type"":{""value"":15,""displayName"":""Head""}}]",true,false,false,false,Clearance,Successful,FirstHalf,2025-12-05 23:16:15.684766+00
2879327603,1903251,225,20,29,167,331254,24.1,24.1,23.7,5.5,,,,,"[{""type"":{""value"":141,""displayName"":""PassEndY""},""value"":""5.5""},{""type"":{""value"":140,""displayName"":""PassEndX""},""value"":""23.7""},{""type"":{""value"":213,""displayName"":""Angle""},""value"":""4.68""},{""type"":{""value"":212,""displayName"":""Length""},""value"":""12.7""},{""type"":{""value"":56,""displayName"":""Zone""},""value"":""Back""}]",true,false,false,false,Pass,Successful,FirstHalf,2025-12-05 23:16:15.684766+00
2879327609,1903251,226,20,31,167,394933,24,5.5,,,,,,,[],false,false,false,false,BallRecovery,Successful,FirstHalf,2025-12-05 23:16:15.684766+00
2879327629,1903251,227,20,31,167,394933,24,5.5,38.8,67.2,,,,,"[{""type"":{""value"":155,""displayName"":""Chipped""}},{""type"":{""value"":213,""displayName"":""Angle""},""value"":""1.22""},{""type"":{""value"":141,""displayName"":""PassEndY""},""value"":""67.2""},{""type"":{""value"":212,""displayName"":""Length""},""value"":""44.7""},{""type"":{""value"":1,""displayName"":""Longball""}},{""type"":{""value"":140,""displayName"":""PassEndX""},""value"":""38.8""},{""type"":{""value"":56,""displayName"":""Zone""},""value"":""Back""}]",true,false,false,false,Pass,Successful,FirstHalf,2025-12-05 23:16:15.684766+00
2879327633,1903251,228,20,34,167,388098,38.9,68.1,35.6,59.1,,,,,"[{""type"":{""value"":213,""displayName"":""Angle""},""value"":""4.20""},{""type"":{""value"":212,""displayName"":""Length""},""value"":""7.0""},{""type"":{""value"":156,""displayName"":""LayOff""}},{""type"":{""value"":141,""displayName"":""PassEndY""},""value"":""59.1""},{""type"":{""value"":56,""displayName"":""Zone""},""value"":""Back""},{""type"":{""value"":140,""displayName"":""PassEndX""},""value"":""35.6""}]",true,false,false,false,Pass,Successful,FirstHalf,2025-12-05 23:16:15.684766+00
2879327693,1903251,229,20,35,167,343382,35.6,59.1,68.3,67.5,,,,,"[{""type"":{""value"":1,""displayName"":""Longball""}},{""type"":{""value"":141,""displayName"":""PassEndY""},""value"":""67.5""},{""type"":{""value"":212,""displayName"":""Length""},""value"":""34.8""},{""type"":{""value"":213,""displayName"":""Angle""},""value"":""0.16""},{""type"":{""value"":155,""displayName"":""Chipped""}},{""type"":{""value"":56,""displayName"":""Zone""},""value"":""Center""},{""type"":{""value"":140,""displayName"":""PassEndX""},""value"":""68.3""}]",true,false,false,false,Pass,Successful,FirstHalf,2025-12-05 23:16:15.684766+00
2879327695,1903251,230,20,42,167,315227,71.6,73.2,,,,,,,"[{""type"":{""value"":56,""displayName"":""Zone""},""value"":""Center""},{""type"":{""value"":286,""displayName"":""Offensive""}},{""type"":{""value"":233,""displayName"":""OppositeRelatedEvent""},""value"":""161""}]",true,false,false,false,TakeOn,Unsuccessful,FirstHalf,2025-12-05 23:16:15.684766+00
2879327705,1903251,161,20,42,170,396976,28.4,26.8,,,,,,,"[{""type"":{""value"":285,""displayName"":""Defensive""}},{""type"":{""value"":178,""displayName"":""StandingSave""}},{""type"":{""value"":56,""displayName"":""Zone""},""value"":""Back""},{""type"":{""value"":233,""displayName"":""OppositeRelatedEvent""},""value"":""230""}]",true,false,false,false,Tackle,Unsuccessful,FirstHalf,2025-12-05 23:16:15.684766+00
2879327727,1903251,231,20,44,167,388098,64.8,72.6,,,,,,,"[{""type"":{""value"":233,""displayName"":""OppositeRelatedEvent""},""value"":""162""},{""type"":{""value"":56,""displayName"":""Zone""},""value"":""Center""},{""type"":{""value"":286,""displayName"":""Offensive""}}]",true,false,false,false,TakeOn,Unsuccessful,FirstHalf,2025-12-05 23:16:15.684766+00
2879327743,1903251,162,20,44,170,396976,35.2,27.4,,,,,,,"[{""type"":{""value"":285,""displayName"":""Defensive""}},{""type"":{""value"":178,""displayName"":""StandingSave""}},{""type"":{""value"":233,""displayName"":""OppositeRelatedEvent""},""value"":""231""},{""type"":{""value"":56,""displayName"":""Zone""},""value"":""Back""}]",true,false,false,false,Tackle,Successful,FirstHalf,2025-12-05 23:16:15.684766+00
2879327749,1903251,163,20,45,170,396976,40.3,31.5,,,,,,,[],false,false,false,false,BallRecovery,Successful,FirstHalf,2025-12-05 23:16:15.684766+00
2879327757,1903251,232,20,47,167,136741,46.1,56,,,,,,,"[{""type"":{""value"":285,""displayName"":""Defensive""}},{""type"":{""value"":56,""displayName"":""Zone""},""value"":""Back""},{""type"":{""value"":233,""displayName"":""OppositeRelatedEvent""},""value"":""164""}]",false,false,false,false,Challenge,Unsuccessful,FirstHalf,2025-12-05 23:16:15.684766+00
2879327771,1903251,164,20,47,170,396976,53.9,44,,,,,,,"[{""type"":{""value"":233,""displayName"":""OppositeRelatedEvent""},""value"":""232""},{""type"":{""value"":286,""displayName"":""Offensive""}},{""type"":{""value"":56,""displayName"":""Zone""},""value"":""Center""}]",true,false,false,false,TakeOn,Successful,FirstHalf,2025-12-05 23:16:15.684766+00
2879327817,1903251,165,20,49,170,396976,54.6,49.5,63.3,84.8,,,,,"[{""type"":{""value"":213,""displayName"":""Angle""},""value"":""1.21""},{""type"":{""value"":56,""displayName"":""Zone""},""value"":""Left""},{""type"":{""value"":212,""displayName"":""Length""},""value"":""25.7""},{""type"":{""value"":141,""displayName"":""PassEndY""},""value"":""84.8""},{""type"":{""value"":140,""displayName"":""PassEndX""},""value"":""63.3""}]",true,false,false,false,Pass,Successful,FirstHalf,2025-12-05 23:16:15.684766+00
2879327819,1903251,166,20,55,170,136824,84.8,73.6,90.3,50.8,,,,,"[{""type"":{""value"":72,""displayName"":""LeftFoot""}},{""type"":{""value"":213,""displayName"":""Angle""},""value"":""5.07""},{""type"":{""value"":56,""displayName"":""Zone""},""value"":""Center""},{""type"":{""value"":140,""displayName"":""PassEndX""},""value"":""90.3""},{""type"":{""value"":212,""displayName"":""Length""},""value"":""16.5""},{""type"":{""value"":141,""displayName"":""PassEndY""},""value"":""50.8""},{""type"":{""value"":2,""displayName"":""Cross""}}]",true,false,false,false,Pass,Unsuccessful,FirstHalf,2025-12-05 23:16:15.684766+00
2879327847,1903251,167,20,58,170,321020,64.4,55.1,,,,,,,"[{""type"":{""value"":13,""displayName"":""Foul""}},{""type"":{""value"":285,""displayName"":""Defensive""}},{""type"":{""value"":56,""displayName"":""Zone""},""value"":""Center""},{""type"":{""value"":233,""displayName"":""OppositeRelatedEvent""},""value"":""234""}]",false,false,false,false,Foul,Unsuccessful,FirstHalf,2025-12-05 23:16:15.684766+00
2879327855,1903251,233,20,56,167,402664,9.8,52.7,32.8,42.1,,,,,"[{""type"":{""value"":56,""displayName"":""Zone""},""value"":""Back""},{""type"":{""value"":212,""displayName"":""Length""},""value"":""25.2""},{""type"":{""value"":213,""displayName"":""Angle""},""value"":""5.99""},{""type"":{""value"":140,""displayName"":""PassEndX""},""value"":""32.8""},{""type"":{""value"":141,""displayName"":""PassEndY""},""value"":""42.1""}]",true,false,false,false,Clearance,Successful,FirstHalf,2025-12-05 23:16:15.684766+00
2879327861,1903251,234,20,58,167,331254,35.6,44.9,,,,,,,"[{""type"":{""value"":13,""displayName"":""Foul""}},{""type"":{""value"":233,""displayName"":""OppositeRelatedEvent""},""value"":""167""},{""type"":{""value"":286,""displayName"":""Offensive""}},{""type"":{""value"":56,""displayName"":""Zone""},""value"":""Back""}]",true,false,false,false,Foul,Successful,FirstHalf,2025-12-05 23:16:15.684766+00
2879328193,1903251,236,21,28,167,402664,37.2,64.8,47.4,69.5,,,,,"[{""type"":{""value"":212,""displayName"":""Length""},""value"":""11.2""},{""type"":{""value"":141,""displayName"":""PassEndY""},""value"":""69.5""},{""type"":{""value"":140,""displayName"":""PassEndX""},""value"":""47.4""},{""type"":{""value"":56,""displayName"":""Zone""},""value"":""Back""},{""type"":{""value"":213,""displayName"":""Angle""},""value"":""0.29""}]",true,false,false,false,Pass,Successful,FirstHalf,2025-12-05 23:16:15.684766+00
2879328197,1903251,237,21,33,167,343382,49.9,80.3,45,67.3,,,,,"[{""type"":{""value"":140,""displayName"":""PassEndX""},""value"":""45.0""},{""type"":{""value"":213,""displayName"":""Angle""},""value"":""4.19""},{""type"":{""value"":141,""displayName"":""PassEndY""},""value"":""67.3""},{""type"":{""value"":212,""displayName"":""Length""},""value"":""10.2""},{""type"":{""value"":56,""displayName"":""Zone""},""value"":""Back""}]",true,false,false,false,Pass,Successful,FirstHalf,2025-12-05 23:16:15.684766+00
2879328215,1903251,238,21,37,167,388098,41.2,72.7,35.4,57.9,,,,,"[{""type"":{""value"":212,""displayName"":""Length""},""value"":""11.8""},{""type"":{""value"":213,""displayName"":""Angle""},""value"":""4.17""},{""type"":{""value"":141,""displayName"":""PassEndY""},""value"":""57.9""},{""type"":{""value"":140,""displayName"":""PassEndX""},""value"":""35.4""},{""type"":{""value"":56,""displayName"":""Zone""},""value"":""Back""}]",true,false,false,false,Pass,Successful,FirstHalf,2025-12-05 23:16:15.684766+00
2879328239,1903251,239,21,38,167,313171,35.4,57.9,37.3,31.9,,,,,"[{""type"":{""value"":212,""displayName"":""Length""},""value"":""17.8""},{""type"":{""value"":141,""displayName"":""PassEndY""},""value"":""31.9""},{""type"":{""value"":213,""displayName"":""Angle""},""value"":""4.82""},{""type"":{""value"":56,""displayName"":""Zone""},""value"":""Back""},{""type"":{""value"":140,""displayName"":""PassEndX""},""value"":""37.3""}]",true,false,false,false,Pass,Successful,FirstHalf,2025-12-05 23:16:15.684766+00
2879328297,1903251,240,21,41,167,136741,44.5,29.4,62.6,3.4,,,,,"[{""type"":{""value"":212,""displayName"":""Length""},""value"":""26.0""},{""type"":{""value"":141,""displayName"":""PassEndY""},""value"":""3.4""},{""type"":{""value"":213,""displayName"":""Angle""},""value"":""5.53""},{""type"":{""value"":56,""displayName"":""Zone""},""value"":""Right""},{""type"":{""value"":140,""displayName"":""PassEndX""},""value"":""62.6""}]",true,false,false,false,Pass,Successful,FirstHalf,2025-12-05 23:16:15.684766+00
2879328311,1903251,241,21,45,167,394933,57.8,6.1,40.2,8.5,,,,,"[{""type"":{""value"":141,""displayName"":""PassEndY""},""value"":""8.5""},{""type"":{""value"":140,""displayName"":""PassEndX""},""value"":""40.2""},{""type"":{""value"":212,""displayName"":""Length""},""value"":""18.6""},{""type"":{""value"":56,""displayName"":""Zone""},""value"":""Back""},{""type"":{""value"":213,""displayName"":""Angle""},""value"":""3.05""}]",true,false,false,false,Pass,Successful,FirstHalf,2025-12-05 23:16:15.684766+00
2879328327,1903251,242,21,48,167,136741,40.2,9.4,33.9,37.4,,,,,"[{""type"":{""value"":212,""displayName"":""Length""},""value"":""20.2""},{""type"":{""value"":141,""displayName"":""PassEndY""},""value"":""37.4""},{""type"":{""value"":140,""displayName"":""PassEndX""},""value"":""33.9""},{""type"":{""value"":213,""displayName"":""Angle""},""value"":""1.91""},{""type"":{""value"":56,""displayName"":""Zone""},""value"":""Back""}]",true,false,false,false,Pass,Successful,FirstHalf,2025-12-05 23:16:15.684766+00
2879328347,1903251,243,21,54,167,313171,34.7,36.3,34.7,23.3,,,,,"[{""type"":{""value"":140,""displayName"":""PassEndX""},""value"":""34.7""},{""type"":{""value"":56,""displayName"":""Zone""},""value"":""Back""},{""type"":{""value"":212,""displayName"":""Length""},""value"":""8.8""},{""type"":{""value"":141,""displayName"":""PassEndY""},""value"":""23.3""},{""type"":{""value"":213,""displayName"":""Angle""},""value"":""4.71""}]",true,false,false,false,Pass,Successful,FirstHalf,2025-12-05 23:16:15.684766+00
2879328371,1903251,244,21,56,167,136741,34.7,25,41,28.6,,,,,"[{""type"":{""value"":213,""displayName"":""Angle""},""value"":""0.35""},{""type"":{""value"":212,""displayName"":""Length""},""value"":""7.1""},{""type"":{""value"":141,""displayName"":""PassEndY""},""value"":""28.6""},{""type"":{""value"":140,""displayName"":""PassEndX""},""value"":""41.0""},{""type"":{""value"":56,""displayName"":""Zone""},""value"":""Back""}]",true,false,false,false,Pass,Successful,FirstHalf,2025-12-05 23:16:15.684766+00
2879328409,1903251,245,21,57,167,422939,41,28.6,40.4,8.2,,,,,"[{""type"":{""value"":141,""displayName"":""PassEndY""},""value"":""8.2""},{""type"":{""value"":140,""displayName"":""PassEndX""},""value"":""40.4""},{""type"":{""value"":213,""displayName"":""Angle""},""value"":""4.67""},{""type"":{""value"":212,""displayName"":""Length""},""value"":""13.9""},{""type"":{""value"":56,""displayName"":""Zone""},""value"":""Back""}]",true,false,false,false,Pass,Successful,FirstHalf,2025-12-05 23:16:15.684766+00
2879328421,1903251,246,22,0,167,331254,39.9,10,33.7,25.2,,,,,"[{""type"":{""value"":140,""displayName"":""PassEndX""},""value"":""33.7""},{""type"":{""value"":213,""displayName"":""Angle""},""value"":""2.13""},{""type"":{""value"":56,""displayName"":""Zone""},""value"":""Back""},{""type"":{""value"":141,""displayName"":""PassEndY""},""value"":""25.2""},{""type"":{""value"":212,""displayName"":""Length""},""value"":""12.2""}]",true,false,false,false,Pass,Successful,FirstHalf,2025-12-05 23:16:15.684766+00
2879328453,1903251,247,22,2,167,136741,33.9,27.4,66.1,71.2,,,,,"[{""type"":{""value"":155,""displayName"":""Chipped""}},{""type"":{""value"":212,""displayName"":""Length""},""value"":""45.1""},{""type"":{""value"":213,""displayName"":""Angle""},""value"":""0.72""},{""type"":{""value"":140,""displayName"":""PassEndX""},""value"":""66.1""},{""type"":{""value"":56,""displayName"":""Zone""},""value"":""Center""},{""type"":{""value"":1,""displayName"":""Longball""}},{""type"":{""value"":141,""displayName"":""PassEndY""},""value"":""71.2""}]",true,false,false,false,Pass,Unsuccessful,FirstHalf,2025-12-05 23:16:15.684766+00
2879328457,1903251,170,22,5,170,145996,41.4,28.3,,,,,,,[],false,false,false,false,BallRecovery,Successful,FirstHalf,2025-12-05 23:16:15.684766+00
2879328471,1903251,171,22,6,170,145996,41.4,28.3,36.9,34.2,,,,,"[{""type"":{""value"":213,""displayName"":""Angle""},""value"":""2.44""},{""type"":{""value"":212,""displayName"":""Length""},""value"":""6.2""},{""type"":{""value"":56,""displayName"":""Zone""},""value"":""Back""},{""type"":{""value"":140,""displayName"":""PassEndX""},""value"":""36.9""},{""type"":{""value"":141,""displayName"":""PassEndY""},""value"":""34.2""}]",true,false,false,false,Pass,Successful,FirstHalf,2025-12-05 23:16:15.684766+00
2879328523,1903251,172,22,6,170,231135,36.8,34.6,43.5,7.2,,,,,"[{""type"":{""value"":213,""displayName"":""Angle""},""value"":""5.07""},{""type"":{""value"":212,""displayName"":""Length""},""value"":""19.9""},{""type"":{""value"":56,""displayName"":""Zone""},""value"":""Back""},{""type"":{""value"":141,""displayName"":""PassEndY""},""value"":""7.2""},{""type"":{""value"":140,""displayName"":""PassEndX""},""value"":""43.5""}]",true,false,false,false,Pass,Successful,FirstHalf,2025-12-05 23:16:15.684766+00
2879328539,1903251,173,22,11,170,333044,38.5,14.6,33,27.5,,,,,"[{""type"":{""value"":213,""displayName"":""Angle""},""value"":""2.15""},{""type"":{""value"":56,""displayName"":""Zone""},""value"":""Back""},{""type"":{""value"":140,""displayName"":""PassEndX""},""value"":""33.0""},{""type"":{""value"":141,""displayName"":""PassEndY""},""value"":""27.5""},{""type"":{""value"":212,""displayName"":""Length""},""value"":""10.5""}]",true,false,false,false,Pass,Successful,FirstHalf,2025-12-05 23:16:15.684766+00
2879328571,1903251,174,22,13,170,231135,33,27.4,38.5,34.8,,,,,"[{""type"":{""value"":213,""displayName"":""Angle""},""value"":""0.72""},{""type"":{""value"":212,""displayName"":""Length""},""value"":""7.7""},{""type"":{""value"":141,""displayName"":""PassEndY""},""value"":""34.8""},{""type"":{""value"":140,""displayName"":""PassEndX""},""value"":""38.5""},{""type"":{""value"":56,""displayName"":""Zone""},""value"":""Back""}]",true,false,false,false,Pass,Successful,FirstHalf,2025-12-05 23:16:15.684766+00
2879328611,1903251,175,22,15,170,321020,41.5,33.1,66.1,96,,,,,"[{""type"":{""value"":213,""displayName"":""Angle""},""value"":""1.03""},{""type"":{""value"":141,""displayName"":""PassEndY""},""value"":""96.0""},{""type"":{""value"":212,""displayName"":""Length""},""value"":""50.0""},{""type"":{""value"":140,""displayName"":""PassEndX""},""value"":""66.1""},{""type"":{""value"":1,""displayName"":""Longball""}},{""type"":{""value"":56,""displayName"":""Zone""},""value"":""Left""},{""type"":{""value"":155,""displayName"":""Chipped""}}]",true,false,false,false,Pass,Successful,FirstHalf,2025-12-05 23:16:15.684766+00
2879328629,1903251,176,22,20,170,322611,71.2,85.9,69.2,80.9,,,,,"[{""type"":{""value"":140,""displayName"":""PassEndX""},""value"":""69.2""},{""type"":{""value"":212,""displayName"":""Length""},""value"":""4.0""},{""type"":{""value"":141,""displayName"":""PassEndY""},""value"":""80.9""},{""type"":{""value"":56,""displayName"":""Zone""},""value"":""Left""},{""type"":{""value"":213,""displayName"":""Angle""},""value"":""4.16""}]",true,false,false,false,Pass,Unsuccessful,FirstHalf,2025-12-05 23:16:15.684766+00
2879328643,1903251,248,22,22,167,331254,30.8,19.1,,,,,,,"[{""type"":{""value"":56,""displayName"":""Zone""},""value"":""Back""}]",true,false,false,false,Interception,Successful,FirstHalf,2025-12-05 23:16:15.684766+00
2879328671,1903251,249,22,24,167,262515,9.1,43,,,,,,,[],false,false,false,false,BallRecovery,Successful,FirstHalf,2025-12-05 23:16:15.684766+00
2879328703,1903251,250,22,25,167,262515,9.3,44,14.7,41.8,,,,,"[{""type"":{""value"":213,""displayName"":""Angle""},""value"":""6.03""},{""type"":{""value"":56,""displayName"":""Zone""},""value"":""Back""},{""type"":{""value"":212,""displayName"":""Length""},""value"":""5.9""},{""type"":{""value"":140,""displayName"":""PassEndX""},""value"":""14.7""},{""type"":{""value"":141,""displayName"":""PassEndY""},""value"":""41.8""}]",true,false,false,false,Pass,Successful,FirstHalf,2025-12-05 23:16:15.684766+00
2879328753,1903251,251,22,26,167,313171,14.3,41.5,19,52.8,,,,,"[{""type"":{""value"":213,""displayName"":""Angle""},""value"":""1.00""},{""type"":{""value"":212,""displayName"":""Length""},""value"":""9.1""},{""type"":{""value"":141,""displayName"":""PassEndY""},""value"":""52.8""},{""type"":{""value"":140,""displayName"":""PassEndX""},""value"":""19.0""},{""type"":{""value"":56,""displayName"":""Zone""},""value"":""Back""}]",true,false,false,false,Pass,Successful,FirstHalf,2025-12-05 23:16:15.684766+00
2879328765,1903251,252,22,30,167,422939,24.5,52.2,27.8,65.8,,,,,"[{""type"":{""value"":141,""displayName"":""PassEndY""},""value"":""65.8""},{""type"":{""value"":56,""displayName"":""Zone""},""value"":""Back""},{""type"":{""value"":140,""displayName"":""PassEndX""},""value"":""27.8""},{""type"":{""value"":213,""displayName"":""Angle""},""value"":""1.21""},{""type"":{""value"":212,""displayName"":""Length""},""value"":""9.9""}]",true,false,false,false,Pass,Successful,FirstHalf,2025-12-05 23:16:15.684766+00
2879328797,1903251,253,22,32,167,343382,27.8,67.2,21.6,75.4,,,,,"[{""type"":{""value"":56,""displayName"":""Zone""},""value"":""Back""},{""type"":{""value"":213,""displayName"":""Angle""},""value"":""2.43""},{""type"":{""value"":140,""displayName"":""PassEndX""},""value"":""21.6""},{""type"":{""value"":141,""displayName"":""PassEndY""},""value"":""75.4""},{""type"":{""value"":212,""displayName"":""Length""},""value"":""8.6""}]",true,false,false,false,Pass,Successful,FirstHalf,2025-12-05 23:16:15.684766+00
2879328835,1903251,254,22,35,167,402664,19.8,72.1,9.3,46.3,,,,,"[{""type"":{""value"":141,""displayName"":""PassEndY""},""value"":""46.3""},{""type"":{""value"":56,""displayName"":""Zone""},""value"":""Back""},{""type"":{""value"":140,""displayName"":""PassEndX""},""value"":""9.3""},{""type"":{""value"":213,""displayName"":""Angle""},""value"":""4.15""},{""type"":{""value"":212,""displayName"":""Length""},""value"":""20.7""}]",true,false,false,false,Pass,Successful,FirstHalf,2025-12-05 23:16:15.684766+00
2879328869,1903251,255,22,38,167,262515,9,45.7,16.5,25.3,,,,,"[{""type"":{""value"":212,""displayName"":""Length""},""value"":""16.0""},{""type"":{""value"":213,""displayName"":""Angle""},""value"":""5.23""},{""type"":{""value"":141,""displayName"":""PassEndY""},""value"":""25.3""},{""type"":{""value"":140,""displayName"":""PassEndX""},""value"":""16.5""},{""type"":{""value"":56,""displayName"":""Zone""},""value"":""Back""}]",true,false,false,false,Pass,Successful,FirstHalf,2025-12-05 23:16:15.684766+00
2879328899,1903251,256,22,42,167,313171,23.6,23.9,34.5,44.6,,,,,"[{""type"":{""value"":213,""displayName"":""Angle""},""value"":""0.89""},{""type"":{""value"":56,""displayName"":""Zone""},""value"":""Back""},{""type"":{""value"":212,""displayName"":""Length""},""value"":""18.1""},{""type"":{""value"":141,""displayName"":""PassEndY""},""value"":""44.6""},{""type"":{""value"":140,""displayName"":""PassEndX""},""value"":""34.5""}]",true,false,false,false,Pass,Successful,FirstHalf,2025-12-05 23:16:15.684766+00
2879328919,1903251,258,22,46,167,388098,35.2,43.8,,,,,,,"[{""type"":{""value"":56,""displayName"":""Zone""},""value"":""Back""}]",true,false,false,false,BallTouch,Unsuccessful,FirstHalf,2025-12-05 23:16:15.684766+00
2879328947,1903251,178,22,48,170,321020,65.7,61.8,61.6,56.3,,,,,"[{""type"":{""value"":213,""displayName"":""Angle""},""value"":""3.86""},{""type"":{""value"":141,""displayName"":""PassEndY""},""value"":""56.3""},{""type"":{""value"":212,""displayName"":""Length""},""value"":""5.7""},{""type"":{""value"":140,""displayName"":""PassEndX""},""value"":""61.6""},{""type"":{""value"":56,""displayName"":""Zone""},""value"":""Center""}]",true,false,false,false,Pass,Successful,FirstHalf,2025-12-05 23:16:15.684766+00
2879328949,1903251,179,22,49,170,297395,61.6,56.3,,,,,,,[],false,false,false,false,BallRecovery,Successful,FirstHalf,2025-12-05 23:16:15.684766+00
2879328959,1903251,180,22,49,170,297395,61.6,56.3,65.9,69.9,,,,,"[{""type"":{""value"":56,""displayName"":""Zone""},""value"":""Center""},{""type"":{""value"":140,""displayName"":""PassEndX""},""value"":""65.9""},{""type"":{""value"":141,""displayName"":""PassEndY""},""value"":""69.9""},{""type"":{""value"":212,""displayName"":""Length""},""value"":""10.3""},{""type"":{""value"":213,""displayName"":""Angle""},""value"":""1.12""}]",true,false,false,false,Pass,Successful,FirstHalf,2025-12-05 23:16:15.684766+00
2879329007,1903251,181,22,51,170,363686,72.8,74.7,85.1,91.8,,,,,"[{""type"":{""value"":141,""displayName"":""PassEndY""},""value"":""91.8""},{""type"":{""value"":56,""displayName"":""Zone""},""value"":""Left""},{""type"":{""value"":140,""displayName"":""PassEndX""},""value"":""85.1""},{""type"":{""value"":213,""displayName"":""Angle""},""value"":""0.73""},{""type"":{""value"":212,""displayName"":""Length""},""value"":""17.4""}]",true,false,false,false,Pass,Successful,FirstHalf,2025-12-05 23:16:15.684766+00
2879329023,1903251,182,22,55,170,136824,89.3,85.3,77.3,79.7,,,,,"[{""type"":{""value"":56,""displayName"":""Zone""},""value"":""Left""},{""type"":{""value"":140,""displayName"":""PassEndX""},""value"":""77.3""},{""type"":{""value"":212,""displayName"":""Length""},""value"":""13.2""},{""type"":{""value"":141,""displayName"":""PassEndY""},""value"":""79.7""},{""type"":{""value"":213,""displayName"":""Angle""},""value"":""3.44""}]",true,false,false,false,Pass,Successful,FirstHalf,2025-12-05 23:16:15.684766+00
2879329043,1903251,183,22,58,170,322611,76.6,78.9,69.9,71.3,,,,,"[{""type"":{""value"":212,""displayName"":""Length""},""value"":""8.7""},{""type"":{""value"":213,""displayName"":""Angle""},""value"":""3.78""},{""type"":{""value"":141,""displayName"":""PassEndY""},""value"":""71.3""},{""type"":{""value"":140,""displayName"":""PassEndX""},""value"":""69.9""},{""type"":{""value"":56,""displayName"":""Zone""},""value"":""Center""}]",true,false,false,false,Pass,Successful,FirstHalf,2025-12-05 23:16:15.684766+00
2879329055,1903251,184,23,0,170,396976,70.1,77.6,75.3,96.1,,,,,"[{""type"":{""value"":56,""displayName"":""Zone""},""value"":""Left""},{""type"":{""value"":213,""displayName"":""Angle""},""value"":""1.16""},{""type"":{""value"":141,""displayName"":""PassEndY""},""value"":""96.1""},{""type"":{""value"":212,""displayName"":""Length""},""value"":""13.7""},{""type"":{""value"":140,""displayName"":""PassEndX""},""value"":""75.3""}]",true,false,false,false,Pass,Successful,FirstHalf,2025-12-05 23:16:15.684766+00
2879329083,1903251,185,23,2,170,136824,75,93.1,89.7,69.7,,,,,"[{""type"":{""value"":213,""displayName"":""Angle""},""value"":""5.48""},{""type"":{""value"":210,""displayName"":""ShotAssist""},""value"":""15""},{""type"":{""value"":154,""displayName"":""IntentionalAssist""}},{""type"":{""value"":56,""displayName"":""Zone""},""value"":""Center""},{""type"":{""value"":212,""displayName"":""Length""},""value"":""22.2""},{""type"":{""value"":141,""displayName"":""PassEndY""},""value"":""69.7""},{""type"":{""value"":140,""displayName"":""PassEndX""},""value"":""89.7""},{""type"":{""value"":11113,""displayName"":""KeyPass""}}]",true,false,false,false,Pass,Successful,FirstHalf,2025-12-05 23:16:15.684766+00
2879329087,1903251,186,23,5,170,363686,90.3,63.4,,,98,52.5,3.2,53.1,"[{""type"":{""value"":29,""displayName"":""Assisted""}},{""type"":{""value"":147,""displayName"":""BlockedY""},""value"":""52.5""},{""type"":{""value"":56,""displayName"":""Zone""},""value"":""Center""},{""type"":{""value"":64,""displayName"":""BoxLeft""}},{""type"":{""value"":20,""displayName"":""RightFoot""}},{""type"":{""value"":76,""displayName"":""LowLeft""}},{""type"":{""value"":103,""displayName"":""GoalMouthZ""},""value"":""3.2""},{""type"":{""value"":102,""displayName"":""GoalMouthY""},""value"":""53.1""},{""type"":{""value"":55,""displayName"":""RelatedEventId""},""value"":""185""},{""type"":{""value"":146,""displayName"":""BlockedX""},""value"":""98.0""},{""type"":{""value"":22,""displayName"":""RegularPlay""}},{""type"":{""value"":154,""displayName"":""IntentionalAssist""}},{""type"":{""value"":233,""displayName"":""OppositeRelatedEvent""},""value"":""259""}]",true,true,false,false,SavedShot,Successful,FirstHalf,2025-12-05 23:16:15.684766+00
2879329093,1903251,259,23,5,167,262515,3.1,48.2,,,,,,,"[{""type"":{""value"":56,""displayName"":""Zone""},""value"":""Back""},{""type"":{""value"":182,""displayName"":""Hands""}},{""type"":{""value"":233,""displayName"":""OppositeRelatedEvent""},""value"":""186""},{""type"":{""value"":179,""displayName"":""DivingSave""}},{""type"":{""value"":174,""displayName"":""ParriedDanger""}},{""type"":{""value"":11115,""displayName"":""KeeperSaveInTheBox""}}]",true,false,false,false,Save,Successful,FirstHalf,2025-12-05 23:16:15.684766+00
2879329129,1903251,260,23,9,167,468847,12.2,52.2,48,40.7,,,,,"[{""type"":{""value"":56,""displayName"":""Zone""},""value"":""Back""},{""type"":{""value"":141,""displayName"":""PassEndY""},""value"":""40.7""},{""type"":{""value"":140,""displayName"":""PassEndX""},""value"":""48.0""},{""type"":{""value"":212,""displayName"":""Length""},""value"":""38.4""},{""type"":{""value"":213,""displayName"":""Angle""},""value"":""6.08""}]",true,false,false,false,Clearance,Successful,FirstHalf,2025-12-05 23:16:15.684766+00
2879329141,1903251,187,23,10,170,231135,51.6,55.7,63.1,42,,,,,"[{""type"":{""value"":141,""displayName"":""PassEndY""},""value"":""42.0""},{""type"":{""value"":140,""displayName"":""PassEndX""},""value"":""63.1""},{""type"":{""value"":56,""displayName"":""Zone""},""value"":""Center""},{""type"":{""value"":3,""displayName"":""HeadPass""}},{""type"":{""value"":213,""displayName"":""Angle""},""value"":""5.63""},{""type"":{""value"":212,""displayName"":""Length""},""value"":""15.3""}]",true,false,false,false,Pass,Successful,FirstHalf,2025-12-05 23:16:15.684766+00
2879329167,1903251,188,23,14,170,297395,54.3,37,61.5,13.8,,,,,"[{""type"":{""value"":56,""displayName"":""Zone""},""value"":""Right""},{""type"":{""value"":213,""displayName"":""Angle""},""value"":""5.16""},{""type"":{""value"":212,""displayName"":""Length""},""value"":""17.5""},{""type"":{""value"":141,""displayName"":""PassEndY""},""value"":""13.8""},{""type"":{""value"":140,""displayName"":""PassEndX""},""value"":""61.5""}]",true,false,false,false,Pass,Successful,FirstHalf,2025-12-05 23:16:15.684766+00
2879329215,1903251,189,23,17,170,145996,60.8,16.1,94.4,29.7,,,,,"[{""type"":{""value"":212,""displayName"":""Length""},""value"":""36.5""},{""type"":{""value"":140,""displayName"":""PassEndX""},""value"":""94.4""},{""type"":{""value"":141,""displayName"":""PassEndY""},""value"":""29.7""},{""type"":{""value"":1,""displayName"":""Longball""}},{""type"":{""value"":213,""displayName"":""Angle""},""value"":""0.26""},{""type"":{""value"":56,""displayName"":""Zone""},""value"":""Center""}]",true,false,false,false,Pass,Unsuccessful,FirstHalf,2025-12-05 23:16:15.684766+00
2879329221,1903251,261,23,20,167,262515,4.2,66.3,,,,,,,[],false,false,false,false,BallRecovery,Successful,FirstHalf,2025-12-05 23:16:15.684766+00
2879329383,1903251,263,23,23,167,262515,6.4,64.4,21.2,54.2,,,,,"[{""type"":{""value"":56,""displayName"":""Zone""},""value"":""Back""},{""type"":{""value"":141,""displayName"":""PassEndY""},""value"":""54.2""},{""type"":{""value"":140,""displayName"":""PassEndX""},""value"":""21.2""},{""type"":{""value"":213,""displayName"":""Angle""},""value"":""5.86""},{""type"":{""value"":212,""displayName"":""Length""},""value"":""17.0""}]",true,false,false,false,Pass,Successful,FirstHalf,2025-12-05 23:16:15.684766+00
2879329393,1903251,264,23,39,167,468847,57.6,94.2,,,,,,,"[{""type"":{""value"":56,""displayName"":""Zone""},""value"":""Left""}]",true,false,false,false,BallTouch,Unsuccessful,FirstHalf,2025-12-05 23:16:15.684766+00
2879329399,1903251,191,23,43,170,145996,40.6,4.6,57.8,8.7,,,,,"[{""type"":{""value"":212,""displayName"":""Length""},""value"":""18.3""},{""type"":{""value"":213,""displayName"":""Angle""},""value"":""0.15""},{""type"":{""value"":140,""displayName"":""PassEndX""},""value"":""57.8""},{""type"":{""value"":141,""displayName"":""PassEndY""},""value"":""8.7""},{""type"":{""value"":56,""displayName"":""Zone""},""value"":""Right""}]",true,false,false,false,Pass,Unsuccessful,FirstHalf,2025-12-05 23:16:15.684766+00
2879329447,1903251,192,23,48,170,145996,60.8,24.4,,,,,,,"[{""type"":{""value"":233,""displayName"":""OppositeRelatedEvent""},""value"":""266""},{""type"":{""value"":56,""displayName"":""Zone""},""value"":""Center""},{""type"":{""value"":13,""displayName"":""Foul""}},{""type"":{""value"":285,""displayName"":""Defensive""}}]",false,false,false,false,Foul,Unsuccessful,FirstHalf,2025-12-05 23:16:15.684766+00
2879329449,1903251,265,23,44,167,402664,36.6,90.8,44.1,82.3,,,,,"[{""type"":{""value"":56,""displayName"":""Zone""},""value"":""Back""},{""type"":{""value"":213,""displayName"":""Angle""},""value"":""5.65""},{""type"":{""value"":212,""displayName"":""Length""},""value"":""9.8""},{""type"":{""value"":140,""displayName"":""PassEndX""},""value"":""44.1""},{""type"":{""value"":141,""displayName"":""PassEndY""},""value"":""82.3""}]",true,false,false,false,Pass,Successful,FirstHalf,2025-12-05 23:16:15.684766+00
2879329451,1903251,266,23,48,167,343382,39.2,75.6,,,,,,,"[{""type"":{""value"":233,""displayName"":""OppositeRelatedEvent""},""value"":""192""},{""type"":{""value"":13,""displayName"":""Foul""}},{""type"":{""value"":286,""displayName"":""Offensive""}},{""type"":{""value"":56,""displayName"":""Zone""},""value"":""Back""}]",true,false,false,false,Foul,Successful,FirstHalf,2025-12-05 23:16:15.684766+00
2879329521,1903251,267,24,1,167,422939,38.7,66.6,43.3,67.8,,,,,"[{""type"":{""value"":5,""displayName"":""FreekickTaken""}},{""type"":{""value"":213,""displayName"":""Angle""},""value"":""0.17""},{""type"":{""value"":212,""displayName"":""Length""},""value"":""4.9""},{""type"":{""value"":140,""displayName"":""PassEndX""},""value"":""43.3""},{""type"":{""value"":56,""displayName"":""Zone""},""value"":""Back""},{""type"":{""value"":141,""displayName"":""PassEndY""},""value"":""67.8""}]",true,false,false,false,Pass,Successful,FirstHalf,2025-12-05 23:16:15.684766+00
2879329535,1903251,268,24,3,167,331254,43.4,67.8,42.3,83.6,,,,,"[{""type"":{""value"":141,""displayName"":""PassEndY""},""value"":""83.6""},{""type"":{""value"":140,""displayName"":""PassEndX""},""value"":""42.3""},{""type"":{""value"":212,""displayName"":""Length""},""value"":""10.8""},{""type"":{""value"":213,""displayName"":""Angle""},""value"":""1.68""},{""type"":{""value"":56,""displayName"":""Zone""},""value"":""Back""}]",true,false,false,false,Pass,Successful,FirstHalf,2025-12-05 23:16:15.684766+00
2879329545,1903251,269,24,4,167,402664,42.3,83.6,61.5,93.2,,,,,"[{""type"":{""value"":141,""displayName"":""PassEndY""},""value"":""93.2""},{""type"":{""value"":212,""displayName"":""Length""},""value"":""21.2""},{""type"":{""value"":213,""displayName"":""Angle""},""value"":""0.31""},{""type"":{""value"":140,""displayName"":""PassEndX""},""value"":""61.5""},{""type"":{""value"":56,""displayName"":""Zone""},""value"":""Left""}]",true,false,false,false,Pass,Successful,FirstHalf,2025-12-05 23:16:15.684766+00
2879329549,1903251,270,24,5,167,388098,61.3,93.2,66.3,74.1,,,,,"[{""type"":{""value"":140,""displayName"":""PassEndX""},""value"":""66.3""},{""type"":{""value"":212,""displayName"":""Length""},""value"":""14.0""},{""type"":{""value"":141,""displayName"":""PassEndY""},""value"":""74.1""},{""type"":{""value"":213,""displayName"":""Angle""},""value"":""5.10""},{""type"":{""value"":56,""displayName"":""Zone""},""value"":""Center""}]",true,false,false,false,Pass,Unsuccessful,FirstHalf,2025-12-05 23:16:15.684766+00
2879329551,1903251,193,24,6,170,231135,33.7,25.9,,,,,,,"[{""type"":{""value"":56,""displayName"":""Zone""},""value"":""Back""}]",true,false,false,false,Interception,Successful,FirstHalf,2025-12-05 23:16:15.684766+00
2879329561,1903251,194,24,8,170,297395,35.5,14.6,,,,,,,[],false,false,false,false,BallRecovery,Successful,FirstHalf,2025-12-05 23:16:15.684766+00
2879329573,1903251,195,24,8,170,297395,35.5,14.6,44.3,6.6,,,,,"[{""type"":{""value"":212,""displayName"":""Length""},""value"":""10.7""},{""type"":{""value"":213,""displayName"":""Angle""},""value"":""5.75""},{""type"":{""value"":141,""displayName"":""PassEndY""},""value"":""6.6""},{""type"":{""value"":140,""displayName"":""PassEndX""},""value"":""44.3""},{""type"":{""value"":56,""displayName"":""Zone""},""value"":""Back""}]",true,false,false,false,Pass,Successful,FirstHalf,2025-12-05 23:16:15.684766+00
2879329615,1903251,196,24,9,170,333044,45.1,6.6,60.7,38.1,,,,,"[{""type"":{""value"":155,""displayName"":""Chipped""}},{""type"":{""value"":141,""displayName"":""PassEndY""},""value"":""38.1""},{""type"":{""value"":140,""displayName"":""PassEndX""},""value"":""60.7""},{""type"":{""value"":56,""displayName"":""Zone""},""value"":""Center""},{""type"":{""value"":212,""displayName"":""Length""},""value"":""27.0""},{""type"":{""value"":213,""displayName"":""Angle""},""value"":""0.92""}]",true,false,false,false,Pass,Successful,FirstHalf,2025-12-05 23:16:15.684766+00
2879329633,1903251,197,24,14,170,363686,59.3,37.2,59.3,60.2,,,,,"[{""type"":{""value"":56,""displayName"":""Zone""},""value"":""Center""},{""type"":{""value"":140,""displayName"":""PassEndX""},""value"":""59.3""},{""type"":{""value"":141,""displayName"":""PassEndY""},""value"":""60.2""},{""type"":{""value"":213,""displayName"":""Angle""},""value"":""1.57""},{""type"":{""value"":212,""displayName"":""Length""},""value"":""15.6""}]",true,false,false,false,Pass,Successful,FirstHalf,2025-12-05 23:16:15.684766+00
2879329661,1903251,198,24,15,170,321020,59.3,60.2,61.3,80.9,,,,,"[{""type"":{""value"":213,""displayName"":""Angle""},""value"":""1.42""},{""type"":{""value"":212,""displayName"":""Length""},""value"":""14.2""},{""type"":{""value"":141,""displayName"":""PassEndY""},""value"":""80.9""},{""type"":{""value"":140,""displayName"":""PassEndX""},""value"":""61.3""},{""type"":{""value"":56,""displayName"":""Zone""},""value"":""Left""}]",true,false,false,false,Pass,Successful,FirstHalf,2025-12-05 23:16:15.684766+00
2879329693,1903251,199,24,20,170,136824,75.6,74.9,70.6,64.9,,,,,"[{""type"":{""value"":56,""displayName"":""Zone""},""value"":""Center""},{""type"":{""value"":213,""displayName"":""Angle""},""value"":""4.05""},{""type"":{""value"":140,""displayName"":""PassEndX""},""value"":""70.6""},{""type"":{""value"":212,""displayName"":""Length""},""value"":""8.6""},{""type"":{""value"":141,""displayName"":""PassEndY""},""value"":""64.9""}]",true,false,false,false,Pass,Successful,FirstHalf,2025-12-05 23:16:15.684766+00
2879329747,1903251,200,24,24,170,321020,67.5,74.7,69.3,92.5,,,,,"[{""type"":{""value"":213,""displayName"":""Angle""},""value"":""1.42""},{""type"":{""value"":141,""displayName"":""PassEndY""},""value"":""92.5""},{""type"":{""value"":212,""displayName"":""Length""},""value"":""12.3""},{""type"":{""value"":140,""displayName"":""PassEndX""},""value"":""69.3""},{""type"":{""value"":56,""displayName"":""Zone""},""value"":""Left""}]",true,false,false,false,Pass,Successful,FirstHalf,2025-12-05 23:16:15.684766+00
2879329779,1903251,201,24,27,170,136824,71.2,91.6,76.2,74.6,,,,,"[{""type"":{""value"":212,""displayName"":""Length""},""value"":""12.7""},{""type"":{""value"":141,""displayName"":""PassEndY""},""value"":""74.6""},{""type"":{""value"":213,""displayName"":""Angle""},""value"":""5.14""},{""type"":{""value"":56,""displayName"":""Zone""},""value"":""Center""},{""type"":{""value"":140,""displayName"":""PassEndX""},""value"":""76.2""}]",true,false,false,false,Pass,Successful,FirstHalf,2025-12-05 23:16:15.684766+00
2879329781,1903251,202,24,31,170,363686,75.6,75.4,,,,,,,"[{""type"":{""value"":233,""displayName"":""OppositeRelatedEvent""},""value"":""271""},{""type"":{""value"":56,""displayName"":""Zone""},""value"":""Center""},{""type"":{""value"":286,""displayName"":""Offensive""}}]",true,false,false,false,Dispossessed,Successful,FirstHalf,2025-12-05 23:16:15.684766+00
2879329791,1903251,271,24,31,167,422939,24.4,24.6,,,,,,,"[{""type"":{""value"":233,""displayName"":""OppositeRelatedEvent""},""value"":""202""},{""type"":{""value"":56,""displayName"":""Zone""},""value"":""Back""},{""type"":{""value"":285,""displayName"":""Defensive""}},{""type"":{""value"":178,""displayName"":""StandingSave""}}]",true,false,false,false,Tackle,Unsuccessful,FirstHalf,2025-12-05 23:16:15.684766+00
2879329793,1903251,203,24,32,170,363686,76.1,76.7,,,,,,,"[{""type"":{""value"":56,""displayName"":""Zone""},""value"":""Center""}]",true,false,false,false,BallTouch,Successful,FirstHalf,2025-12-05 23:16:15.684766+00
2879329813,1903251,272,24,34,167,313171,26,22.1,,,,,,,[],false,false,false,false,BallRecovery,Successful,FirstHalf,2025-12-05 23:16:15.684766+00
2879329819,1903251,273,24,34,167,313171,26,22.1,30,31.2,,,,,"[{""type"":{""value"":213,""displayName"":""Angle""},""value"":""0.97""},{""type"":{""value"":212,""displayName"":""Length""},""value"":""7.5""},{""type"":{""value"":140,""displayName"":""PassEndX""},""value"":""30.0""},{""type"":{""value"":141,""displayName"":""PassEndY""},""value"":""31.2""},{""type"":{""value"":56,""displayName"":""Zone""},""value"":""Back""}]",true,false,false,false,Pass,Successful,FirstHalf,2025-12-05 23:16:15.684766+00
2879329825,1903251,274,24,35,167,136741,29.8,26.6,,,,,,,"[{""type"":{""value"":56,""displayName"":""Zone""},""value"":""Back""},{""type"":{""value"":233,""displayName"":""OppositeRelatedEvent""},""value"":""204""},{""type"":{""value"":285,""displayName"":""Defensive""}}]",true,false,false,false,TakeOn,Successful,FirstHalf,2025-12-05 23:16:15.684766+00
2879329835,1903251,204,24,35,170,321020,70.2,73.4,,,,,,,"[{""type"":{""value"":286,""displayName"":""Offensive""}},{""type"":{""value"":56,""displayName"":""Zone""},""value"":""Center""},{""type"":{""value"":233,""displayName"":""OppositeRelatedEvent""},""value"":""274""}]",false,false,false,false,Challenge,Unsuccessful,FirstHalf,2025-12-05 23:16:15.684766+00
2879329843,1903251,275,24,35,167,136741,29.9,26.8,36.2,10.6,,,,,"[{""type"":{""value"":56,""displayName"":""Zone""},""value"":""Back""},{""type"":{""value"":213,""displayName"":""Angle""},""value"":""5.25""},{""type"":{""value"":140,""displayName"":""PassEndX""},""value"":""36.2""},{""type"":{""value"":141,""displayName"":""PassEndY""},""value"":""10.6""},{""type"":{""value"":212,""displayName"":""Length""},""value"":""12.8""}]",true,false,false,false,Pass,Successful,FirstHalf,2025-12-05 23:16:15.684766+00
2879329861,1903251,205,24,37,170,396976,62.5,86.2,,,,,,,"[{""type"":{""value"":13,""displayName"":""Foul""}},{""type"":{""value"":285,""displayName"":""Defensive""}},{""type"":{""value"":56,""displayName"":""Zone""},""value"":""Left""},{""type"":{""value"":233,""displayName"":""OppositeRelatedEvent""},""value"":""276""}]",false,false,false,false,Foul,Unsuccessful,FirstHalf,2025-12-05 23:16:15.684766+00
2879329883,1903251,276,24,37,167,313171,37.5,13.8,,,,,,,"[{""type"":{""value"":286,""displayName"":""Offensive""}},{""type"":{""value"":13,""displayName"":""Foul""}},{""type"":{""value"":233,""displayName"":""OppositeRelatedEvent""},""value"":""205""},{""type"":{""value"":56,""displayName"":""Zone""},""value"":""Back""}]",true,false,false,false,Foul,Successful,FirstHalf,2025-12-05 23:16:15.684766+00
2879330013,1903251,277,23,38,167,388098,59.9,84.4,58,94.8,,,,,"[{""type"":{""value"":141,""displayName"":""PassEndY""},""value"":""94.8""},{""type"":{""value"":140,""displayName"":""PassEndX""},""value"":""58.0""},{""type"":{""value"":212,""displayName"":""Length""},""value"":""7.3""},{""type"":{""value"":56,""displayName"":""Zone""},""value"":""Left""},{""type"":{""value"":213,""displayName"":""Angle""},""value"":""1.85""}]",true,false,false,false,Pass,Successful,FirstHalf,2025-12-05 23:16:15.684766+00
2879330043,1903251,278,25,4,167,313171,36.1,26.7,37.2,22.8,,,,,"[{""type"":{""value"":213,""displayName"":""Angle""},""value"":""5.12""},{""type"":{""value"":5,""displayName"":""FreekickTaken""}},{""type"":{""value"":140,""displayName"":""PassEndX""},""value"":""37.2""},{""type"":{""value"":56,""displayName"":""Zone""},""value"":""Back""},{""type"":{""value"":141,""displayName"":""PassEndY""},""value"":""22.8""},{""type"":{""value"":212,""displayName"":""Length""},""value"":""2.9""}]",true,false,false,false,Pass,Successful,FirstHalf,2025-12-05 23:16:15.684766+00
2879330051,1903251,279,25,5,167,394933,37.2,22.8,33.3,34.5,,,,,"[{""type"":{""value"":212,""displayName"":""Length""},""value"":""8.9""},{""type"":{""value"":141,""displayName"":""PassEndY""},""value"":""34.5""},{""type"":{""value"":213,""displayName"":""Angle""},""value"":""2.05""},{""type"":{""value"":56,""displayName"":""Zone""},""value"":""Back""},{""type"":{""value"":140,""displayName"":""PassEndX""},""value"":""33.3""}]",true,false,false,false,Pass,Successful,FirstHalf,2025-12-05 23:16:15.684766+00
2879330069,1903251,280,25,6,167,313171,32.8,35.5,33.7,67.5,,,,,"[{""type"":{""value"":56,""displayName"":""Zone""},""value"":""Back""},{""type"":{""value"":212,""displayName"":""Length""},""value"":""21.8""},{""type"":{""value"":213,""displayName"":""Angle""},""value"":""1.53""},{""type"":{""value"":141,""displayName"":""PassEndY""},""value"":""67.5""},{""type"":{""value"":140,""displayName"":""PassEndX""},""value"":""33.7""}]",true,false,false,false,Pass,Successful,FirstHalf,2025-12-05 23:16:15.684766+00
2879330083,1903251,281,25,9,167,402664,35.4,72,39.3,66.7,,,,,"[{""type"":{""value"":141,""displayName"":""PassEndY""},""value"":""66.7""},{""type"":{""value"":140,""displayName"":""PassEndX""},""value"":""39.3""},{""type"":{""value"":213,""displayName"":""Angle""},""value"":""5.56""},{""type"":{""value"":212,""displayName"":""Length""},""value"":""5.5""},{""type"":{""value"":56,""displayName"":""Zone""},""value"":""Back""}]",true,false,false,false,Pass,Successful,FirstHalf,2025-12-05 23:16:15.684766+00
2879330125,1903251,282,25,13,167,343382,42.4,66.7,46.9,83.3,,,,,"[{""type"":{""value"":212,""displayName"":""Length""},""value"":""12.2""},{""type"":{""value"":141,""displayName"":""PassEndY""},""value"":""83.3""},{""type"":{""value"":140,""displayName"":""PassEndX""},""value"":""46.9""},{""type"":{""value"":56,""displayName"":""Zone""},""value"":""Back""},{""type"":{""value"":213,""displayName"":""Angle""},""value"":""1.17""}]",true,false,false,false,Pass,Successful,FirstHalf,2025-12-05 23:16:15.684766+00
2879330151,1903251,283,25,17,167,468847,79.4,81.1,82.6,93.5,,,,,"[{""type"":{""value"":140,""displayName"":""PassEndX""},""value"":""82.6""},{""type"":{""value"":56,""displayName"":""Zone""},""value"":""Left""},{""type"":{""value"":213,""displayName"":""Angle""},""value"":""1.19""},{""type"":{""value"":212,""displayName"":""Length""},""value"":""9.1""},{""type"":{""value"":141,""displayName"":""PassEndY""},""value"":""93.5""}]",true,false,false,false,Pass,Successful,FirstHalf,2025-12-05 23:16:15.684766+00
2879330175,1903251,284,25,21,167,388098,82.5,90.5,64.8,75.6,,,,,"[{""type"":{""value"":56,""displayName"":""Zone""},""value"":""Center""},{""type"":{""value"":141,""displayName"":""PassEndY""},""value"":""75.6""},{""type"":{""value"":212,""displayName"":""Length""},""value"":""21.2""},{""type"":{""value"":140,""displayName"":""PassEndX""},""value"":""64.8""},{""type"":{""value"":213,""displayName"":""Angle""},""value"":""3.64""}]",true,false,false,false,Pass,Successful,FirstHalf,2025-12-05 23:16:15.684766+00
2879330191,1903251,285,25,25,167,402664,64.6,72.6,60.3,35.2,,,,,"[{""type"":{""value"":56,""displayName"":""Zone""},""value"":""Center""},{""type"":{""value"":212,""displayName"":""Length""},""value"":""25.8""},{""type"":{""value"":213,""displayName"":""Angle""},""value"":""4.54""},{""type"":{""value"":141,""displayName"":""PassEndY""},""value"":""35.2""},{""type"":{""value"":140,""displayName"":""PassEndX""},""value"":""60.3""}]",true,false,false,false,Pass,Successful,FirstHalf,2025-12-05 23:16:15.684766+00
2879330237,1903251,286,25,28,167,394933,61.1,27.7,73.7,5,,,,,"[{""type"":{""value"":213,""displayName"":""Angle""},""value"":""5.42""},{""type"":{""value"":56,""displayName"":""Zone""},""value"":""Right""},{""type"":{""value"":212,""displayName"":""Length""},""value"":""20.3""},{""type"":{""value"":140,""displayName"":""PassEndX""},""value"":""73.7""},{""type"":{""value"":141,""displayName"":""PassEndY""},""value"":""5.0""}]",true,false,false,false,Pass,Successful,FirstHalf,2025-12-05 23:16:15.684766+00
2879330259,1903251,287,25,32,167,136741,71.1,8.8,72.7,20.1,,,,,"[{""type"":{""value"":141,""displayName"":""PassEndY""},""value"":""20.1""},{""type"":{""value"":56,""displayName"":""Zone""},""value"":""Right""},{""type"":{""value"":140,""displayName"":""PassEndX""},""value"":""72.7""},{""type"":{""value"":212,""displayName"":""Length""},""value"":""7.9""},{""type"":{""value"":213,""displayName"":""Angle""},""value"":""1.36""}]",true,false,false,false,Pass,Successful,FirstHalf,2025-12-05 23:16:15.684766+00
2879330265,1903251,288,25,34,167,343382,73.3,9.1,67.2,2.5,,,,,"[{""type"":{""value"":140,""displayName"":""PassEndX""},""value"":""67.2""},{""type"":{""value"":213,""displayName"":""Angle""},""value"":""3.75""},{""type"":{""value"":56,""displayName"":""Zone""},""value"":""Right""},{""type"":{""value"":141,""displayName"":""PassEndY""},""value"":""2.5""},{""type"":{""value"":212,""displayName"":""Length""},""value"":""7.8""}]",true,false,false,false,Pass,Successful,FirstHalf,2025-12-05 23:16:15.684766+00
2879330281,1903251,289,25,36,167,136741,67.2,2.5,57.8,12.5,,,,,"[{""type"":{""value"":56,""displayName"":""Zone""},""value"":""Right""},{""type"":{""value"":140,""displayName"":""PassEndX""},""value"":""57.8""},{""type"":{""value"":141,""displayName"":""PassEndY""},""value"":""12.5""},{""type"":{""value"":213,""displayName"":""Angle""},""value"":""2.54""},{""type"":{""value"":212,""displayName"":""Length""},""value"":""12.0""}]",true,false,false,false,Pass,Successful,FirstHalf,2025-12-05 23:16:15.684766+00
2879330299,1903251,290,25,37,167,394933,57.9,12.6,60.7,28.9,,,,,"[{""type"":{""value"":212,""displayName"":""Length""},""value"":""11.5""},{""type"":{""value"":213,""displayName"":""Angle""},""value"":""1.31""},{""type"":{""value"":141,""displayName"":""PassEndY""},""value"":""28.9""},{""type"":{""value"":140,""displayName"":""PassEndX""},""value"":""60.7""},{""type"":{""value"":56,""displayName"":""Zone""},""value"":""Center""}]",true,false,false,false,Pass,Successful,FirstHalf,2025-12-05 23:16:15.684766+00
2879330381,1903251,291,25,39,167,422939,63,32.1,88.3,85.6,,,,,"[{""type"":{""value"":56,""displayName"":""Zone""},""value"":""Left""},{""type"":{""value"":1,""displayName"":""Longball""}},{""type"":{""value"":212,""displayName"":""Length""},""value"":""45.0""},{""type"":{""value"":213,""displayName"":""Angle""},""value"":""0.94""},{""type"":{""value"":155,""displayName"":""Chipped""}},{""type"":{""value"":141,""displayName"":""PassEndY""},""value"":""85.6""},{""type"":{""value"":140,""displayName"":""PassEndX""},""value"":""88.3""}]",true,false,false,false,Pass,Successful,FirstHalf,2025-12-05 23:16:15.684766+00
2879330425,1903251,292,25,46,167,388098,97.6,72.7,97.3,13.1,,,,,"[{""type"":{""value"":1,""displayName"":""Longball""}},{""type"":{""value"":56,""displayName"":""Zone""},""value"":""Right""},{""type"":{""value"":155,""displayName"":""Chipped""}},{""type"":{""value"":213,""displayName"":""Angle""},""value"":""4.70""},{""type"":{""value"":212,""displayName"":""Length""},""value"":""40.5""},{""type"":{""value"":140,""displayName"":""PassEndX""},""value"":""97.3""},{""type"":{""value"":141,""displayName"":""PassEndY""},""value"":""13.1""}]",true,false,false,false,Pass,Successful,FirstHalf,2025-12-05 23:16:15.684766+00
2879330441,1903251,293,25,50,167,343382,97.3,13.1,82.5,21.2,,,,,"[{""type"":{""value"":213,""displayName"":""Angle""},""value"":""2.80""},{""type"":{""value"":141,""displayName"":""PassEndY""},""value"":""21.2""},{""type"":{""value"":212,""displayName"":""Length""},""value"":""16.5""},{""type"":{""value"":140,""displayName"":""PassEndX""},""value"":""82.5""},{""type"":{""value"":56,""displayName"":""Zone""},""value"":""Center""}]",true,false,false,false,Pass,Successful,FirstHalf,2025-12-05 23:16:15.684766+00
2879330465,1903251,294,25,52,167,394933,84.4,21.3,90.8,54.6,,,,,"[{""type"":{""value"":213,""displayName"":""Angle""},""value"":""1.28""},{""type"":{""value"":20,""displayName"":""RightFoot""}},{""type"":{""value"":212,""displayName"":""Length""},""value"":""23.6""},{""type"":{""value"":56,""displayName"":""Zone""},""value"":""Center""},{""type"":{""value"":140,""displayName"":""PassEndX""},""value"":""90.8""},{""type"":{""value"":154,""displayName"":""IntentionalAssist""}},{""type"":{""value"":155,""displayName"":""Chipped""}},{""type"":{""value"":141,""displayName"":""PassEndY""},""value"":""54.6""},{""type"":{""value"":2,""displayName"":""Cross""}},{""type"":{""value"":210,""displayName"":""ShotAssist""},""value"":""15""},{""type"":{""value"":11113,""displayName"":""KeyPass""}}]",true,false,false,false,Pass,Successful,FirstHalf,2025-12-05 23:16:15.684766+00
2879330479,1903251,206,25,54,170,297395,9.2,45.4,,,,,,,"[{""type"":{""value"":56,""displayName"":""Zone""},""value"":""Back""},{""type"":{""value"":285,""displayName"":""Defensive""}},{""type"":{""value"":233,""displayName"":""OppositeRelatedEvent""},""value"":""295""}]",false,false,false,false,Aerial,Unsuccessful,FirstHalf,2025-12-05 23:16:15.684766+00
2879330481,1903251,295,25,54,167,315227,90.8,54.6,,,,,,,"[{""type"":{""value"":286,""displayName"":""Offensive""}},{""type"":{""value"":233,""displayName"":""OppositeRelatedEvent""},""value"":""206""},{""type"":{""value"":56,""displayName"":""Zone""},""value"":""Center""}]",false,false,false,false,Aerial,Successful,FirstHalf,2025-12-05 23:16:15.684766+00
2879330483,1903251,296,25,55,167,315227,90.8,54.6,,,92.1,53.7,19,48.3,"[{""type"":{""value"":15,""displayName"":""Head""}},{""type"":{""value"":29,""displayName"":""Assisted""}},{""type"":{""value"":22,""displayName"":""RegularPlay""}},{""type"":{""value"":78,""displayName"":""LowCentre""}},{""type"":{""value"":147,""displayName"":""BlockedY""},""value"":""53.7""},{""type"":{""value"":56,""displayName"":""Zone""},""value"":""Center""},{""type"":{""value"":102,""displayName"":""GoalMouthY""},""value"":""48.3""},{""type"":{""value"":328,""displayName"":""FirstTouch""}},{""type"":{""value"":233,""displayName"":""OppositeRelatedEvent""},""value"":""208""},{""type"":{""value"":82,""displayName"":""Blocked""}},{""type"":{""value"":146,""displayName"":""BlockedX""},""value"":""92.1""},{""type"":{""value"":55,""displayName"":""RelatedEventId""},""value"":""294""},{""type"":{""value"":103,""displayName"":""GoalMouthZ""},""value"":""19""},{""type"":{""value"":154,""displayName"":""IntentionalAssist""}},{""type"":{""value"":17,""displayName"":""BoxCentre""}}]",true,true,false,false,SavedShot,Successful,FirstHalf,2025-12-05 23:16:15.684766+00
2879330489,1903251,297,25,56,167,315227,92.2,58.9,,,,,,,"[{""type"":{""value"":73,""displayName"":""MissLeft""}},{""type"":{""value"":56,""displayName"":""Zone""},""value"":""Center""},{""type"":{""value"":233,""displayName"":""OppositeRelatedEvent""},""value"":""209""}]",false,false,false,false,CornerAwarded,Successful,FirstHalf,2025-12-05 23:16:15.684766+00
2879330633,1903251,208,25,55,170,297395,7.6,47.7,,,,,,,"[{""type"":{""value"":233,""displayName"":""OppositeRelatedEvent""},""value"":""296""},{""type"":{""value"":56,""displayName"":""Zone""},""value"":""Back""},{""type"":{""value"":94,""displayName"":""OutfielderBlock""}}]",true,false,false,false,Save,Successful,FirstHalf,2025-12-05 23:16:15.684766+00
2879330641,1903251,209,25,56,170,297395,7.8,41.1,,,,,,,"[{""type"":{""value"":233,""displayName"":""OppositeRelatedEvent""},""value"":""297""},{""type"":{""value"":56,""displayName"":""Zone""},""value"":""Back""},{""type"":{""value"":73,""displayName"":""MissLeft""}}]",false,false,false,false,CornerAwarded,Unsuccessful,FirstHalf,2025-12-05 23:16:15.684766+00
2879330821,1903251,298,26,36,167,343382,99.6,99.3,91,31.3,,,,,"[{""type"":{""value"":141,""displayName"":""PassEndY""},""value"":""31.3""},{""type"":{""value"":212,""displayName"":""Length""},""value"":""47.1""},{""type"":{""value"":155,""displayName"":""Chipped""}},{""type"":{""value"":56,""displayName"":""Zone""},""value"":""Center""},{""type"":{""value"":6,""displayName"":""CornerTaken""}},{""type"":{""value"":140,""displayName"":""PassEndX""},""value"":""91.0""},{""type"":{""value"":20,""displayName"":""RightFoot""}},{""type"":{""value"":2,""displayName"":""Cross""}},{""type"":{""value"":1,""displayName"":""Longball""}},{""type"":{""value"":213,""displayName"":""Angle""},""value"":""4.52""}]",true,false,false,false,Pass,Successful,FirstHalf,2025-12-05 23:16:15.684766+00
2879330827,1903251,299,26,38,167,388098,91,31.3,90,38.5,,,,,"[{""type"":{""value"":141,""displayName"":""PassEndY""},""value"":""38.5""},{""type"":{""value"":140,""displayName"":""PassEndX""},""value"":""90.0""},{""type"":{""value"":213,""displayName"":""Angle""},""value"":""1.78""},{""type"":{""value"":212,""displayName"":""Length""},""value"":""5.0""},{""type"":{""value"":56,""displayName"":""Zone""},""value"":""Center""}]",true,false,false,false,Pass,Unsuccessful,FirstHalf,2025-12-05 23:16:15.684766+00
2879330837,1903251,210,26,40,170,363686,8.9,63.9,,,,,,,"[{""type"":{""value"":56,""displayName"":""Zone""},""value"":""Back""}]",true,false,false,false,BallTouch,Successful,FirstHalf,2025-12-05 23:16:15.684766+00
2879331021,1903251,301,26,59,167,394933,70.7,0,81.9,3.7,,,,,"[{""type"":{""value"":212,""displayName"":""Length""},""value"":""12.3""},{""type"":{""value"":141,""displayName"":""PassEndY""},""value"":""3.7""},{""type"":{""value"":213,""displayName"":""Angle""},""value"":""0.29""},{""type"":{""value"":107,""displayName"":""ThrowIn""}},{""type"":{""value"":56,""displayName"":""Zone""},""value"":""Right""},{""type"":{""value"":140,""displayName"":""PassEndX""},""value"":""81.9""}]",true,false,false,false,Pass,Successful,FirstHalf,2025-12-05 23:16:15.684766+00
2879331031,1903251,302,27,0,167,331254,82.3,3.7,71.8,3.9,,,,,"[{""type"":{""value"":56,""displayName"":""Zone""},""value"":""Right""},{""type"":{""value"":213,""displayName"":""Angle""},""value"":""3.13""},{""type"":{""value"":156,""displayName"":""LayOff""}},{""type"":{""value"":212,""displayName"":""Length""},""value"":""11.0""},{""type"":{""value"":140,""displayName"":""PassEndX""},""value"":""71.8""},{""type"":{""value"":141,""displayName"":""PassEndY""},""value"":""3.9""}]",true,false,false,false,Pass,Successful,FirstHalf,2025-12-05 23:16:15.684766+00
2879331055,1903251,303,27,1,167,394933,79.8,11.1,78.9,20.1,,,,,"[{""type"":{""value"":140,""displayName"":""PassEndX""},""value"":""78.9""},{""type"":{""value"":56,""displayName"":""Zone""},""value"":""Right""},{""type"":{""value"":213,""displayName"":""Angle""},""value"":""1.72""},{""type"":{""value"":212,""displayName"":""Length""},""value"":""6.2""},{""type"":{""value"":141,""displayName"":""PassEndY""},""value"":""20.1""}]",true,false,false,false,Pass,Successful,FirstHalf,2025-12-05 23:16:15.684766+00
2879331059,1903251,304,27,2,167,136741,79.1,21.3,89.1,28,,,,,"[{""type"":{""value"":56,""displayName"":""Zone""},""value"":""Center""},{""type"":{""value"":140,""displayName"":""PassEndX""},""value"":""89.1""},{""type"":{""value"":155,""displayName"":""Chipped""}},{""type"":{""value"":213,""displayName"":""Angle""},""value"":""0.41""},{""type"":{""value"":141,""displayName"":""PassEndY""},""value"":""28.0""},{""type"":{""value"":212,""displayName"":""Length""},""value"":""11.4""}]",true,false,false,false,Pass,Unsuccessful,FirstHalf,2025-12-05 23:16:15.684766+00
2879331073,1903251,212,27,3,170,322611,9.7,71.9,17.5,79.4,,,,,"[{""type"":{""value"":15,""displayName"":""Head""}},{""type"":{""value"":213,""displayName"":""Angle""},""value"":""0.56""},{""type"":{""value"":212,""displayName"":""Length""},""value"":""9.6""},{""type"":{""value"":141,""displayName"":""PassEndY""},""value"":""79.4""},{""type"":{""value"":140,""displayName"":""PassEndX""},""value"":""17.5""},{""type"":{""value"":56,""displayName"":""Zone""},""value"":""Back""}]",true,false,false,false,Clearance,Successful,FirstHalf,2025-12-05 23:16:15.684766+00
2879331097,1903251,305,27,7,167,315227,86.3,29.9,90.6,30.3,,,,,"[{""type"":{""value"":213,""displayName"":""Angle""},""value"":""0.06""},{""type"":{""value"":56,""displayName"":""Zone""},""value"":""Center""},{""type"":{""value"":140,""displayName"":""PassEndX""},""value"":""90.6""},{""type"":{""value"":212,""displayName"":""Length""},""value"":""4.5""},{""type"":{""value"":141,""displayName"":""PassEndY""},""value"":""30.3""}]",true,false,false,false,Pass,Unsuccessful,FirstHalf,2025-12-05 23:16:15.684766+00
2879331117,1903251,306,27,12,167,402664,73,72.7,80.5,70.5,,,,,"[{""type"":{""value"":141,""displayName"":""PassEndY""},""value"":""70.5""},{""type"":{""value"":140,""displayName"":""PassEndX""},""value"":""80.5""},{""type"":{""value"":212,""displayName"":""Length""},""value"":""8.0""},{""type"":{""value"":56,""displayName"":""Zone""},""value"":""Center""},{""type"":{""value"":3,""displayName"":""HeadPass""}},{""type"":{""value"":213,""displayName"":""Angle""},""value"":""6.10""}]",true,false,false,false,Pass,Unsuccessful,FirstHalf,2025-12-05 23:16:15.684766+00
2879331131,1903251,213,27,9,170,396976,9,55.7,26.1,31,,,,,"[{""type"":{""value"":212,""displayName"":""Length""},""value"":""24.6""},{""type"":{""value"":213,""displayName"":""Angle""},""value"":""5.53""},{""type"":{""value"":141,""displayName"":""PassEndY""},""value"":""31.0""},{""type"":{""value"":56,""displayName"":""Zone""},""value"":""Back""},{""type"":{""value"":140,""displayName"":""PassEndX""},""value"":""26.1""}]",true,false,false,false,Clearance,Successful,FirstHalf,2025-12-05 23:16:15.684766+00
2879331137,1903251,214,27,16,170,231135,22,30.6,21.7,0,,,,,"[{""type"":{""value"":212,""displayName"":""Length""},""value"":""22.0""},{""type"":{""value"":213,""displayName"":""Angle""},""value"":""4.70""},{""type"":{""value"":140,""displayName"":""PassEndX""},""value"":""21.7""},{""type"":{""value"":141,""displayName"":""PassEndY""},""value"":""0.0""},{""type"":{""value"":56,""displayName"":""Zone""},""value"":""Back""},{""type"":{""value"":155,""displayName"":""Chipped""}}]",true,false,false,false,Pass,Unsuccessful,FirstHalf,2025-12-05 23:16:15.684766+00
2879331197,1903251,308,27,22,167,468847,75.7,100,86.9,91.7,,,,,"[{""type"":{""value"":212,""displayName"":""Length""},""value"":""13.6""},{""type"":{""value"":141,""displayName"":""PassEndY""},""value"":""91.7""},{""type"":{""value"":213,""displayName"":""Angle""},""value"":""5.76""},{""type"":{""value"":56,""displayName"":""Zone""},""value"":""Left""},{""type"":{""value"":107,""displayName"":""ThrowIn""}},{""type"":{""value"":140,""displayName"":""PassEndX""},""value"":""86.9""}]",true,false,false,false,Pass,Successful,FirstHalf,2025-12-05 23:16:15.684766+00
2879331225,1903251,309,27,24,167,388098,85.5,93.6,69.5,76.3,,,,,"[{""type"":{""value"":140,""displayName"":""PassEndX""},""value"":""69.5""},{""type"":{""value"":141,""displayName"":""PassEndY""},""value"":""76.3""},{""type"":{""value"":212,""displayName"":""Length""},""value"":""20.5""},{""type"":{""value"":213,""displayName"":""Angle""},""value"":""3.75""},{""type"":{""value"":56,""displayName"":""Zone""},""value"":""Center""}]",true,false,false,false,Pass,Successful,FirstHalf,2025-12-05 23:16:15.684766+00
2879331243,1903251,310,27,29,167,422939,68.1,80.5,62.9,88.9,,,,,"[{""type"":{""value"":140,""displayName"":""PassEndX""},""value"":""62.9""},{""type"":{""value"":56,""displayName"":""Zone""},""value"":""Left""},{""type"":{""value"":141,""displayName"":""PassEndY""},""value"":""88.9""},{""type"":{""value"":212,""displayName"":""Length""},""value"":""7.9""},{""type"":{""value"":213,""displayName"":""Angle""},""value"":""2.33""}]",true,false,false,false,Pass,Successful,FirstHalf,2025-12-05 23:16:15.684766+00
2879331249,1903251,311,27,31,167,402664,64.7,86.6,74.8,70.3,,,,,"[{""type"":{""value"":141,""displayName"":""PassEndY""},""value"":""70.3""},{""type"":{""value"":140,""displayName"":""PassEndX""},""value"":""74.8""},{""type"":{""value"":56,""displayName"":""Zone""},""value"":""Center""},{""type"":{""value"":212,""displayName"":""Length""},""value"":""15.3""},{""type"":{""value"":213,""displayName"":""Angle""},""value"":""5.48""}]",true,false,false,false,Pass,Successful,FirstHalf,2025-12-05 23:16:15.684766+00
2879331253,1903251,312,27,32,167,331254,75,70.3,,,,,,,"[{""type"":{""value"":56,""displayName"":""Zone""},""value"":""Center""}]",true,false,false,false,BallTouch,Unsuccessful,FirstHalf,2025-12-05 23:16:15.684766+00
2879331319,1903251,313,27,37,167,313171,45.8,57.6,53,40.9,,,,,"[{""type"":{""value"":140,""displayName"":""PassEndX""},""value"":""53.0""},{""type"":{""value"":56,""displayName"":""Zone""},""value"":""Center""},{""type"":{""value"":213,""displayName"":""Angle""},""value"":""5.30""},{""type"":{""value"":212,""displayName"":""Length""},""value"":""13.6""},{""type"":{""value"":141,""displayName"":""PassEndY""},""value"":""40.9""}]",true,false,false,false,Pass,Successful,FirstHalf,2025-12-05 23:16:15.684766+00
2879331333,1903251,314,27,41,167,394933,53.6,43.1,54.4,51,,,,,"[{""type"":{""value"":213,""displayName"":""Angle""},""value"":""1.42""},{""type"":{""value"":212,""displayName"":""Length""},""value"":""5.4""},{""type"":{""value"":141,""displayName"":""PassEndY""},""value"":""51.0""},{""type"":{""value"":56,""displayName"":""Zone""},""value"":""Center""},{""type"":{""value"":140,""displayName"":""PassEndX""},""value"":""54.4""}]",true,false,false,false,Pass,Successful,FirstHalf,2025-12-05 23:16:15.684766+00
2879331353,1903251,315,27,44,167,331254,54.5,51,54.9,81.1,,,,,"[{""type"":{""value"":141,""displayName"":""PassEndY""},""value"":""81.1""},{""type"":{""value"":140,""displayName"":""PassEndX""},""value"":""54.9""},{""type"":{""value"":213,""displayName"":""Angle""},""value"":""1.55""},{""type"":{""value"":212,""displayName"":""Length""},""value"":""20.5""},{""type"":{""value"":56,""displayName"":""Zone""},""value"":""Left""}]",true,false,false,false,Pass,Successful,FirstHalf,2025-12-05 23:16:15.684766+00
2879331367,1903251,316,27,46,167,402664,54.9,81.2,65.8,95.9,,,,,"[{""type"":{""value"":212,""displayName"":""Length""},""value"":""15.2""},{""type"":{""value"":213,""displayName"":""Angle""},""value"":""0.72""},{""type"":{""value"":141,""displayName"":""PassEndY""},""value"":""95.9""},{""type"":{""value"":56,""displayName"":""Zone""},""value"":""Left""},{""type"":{""value"":140,""displayName"":""PassEndX""},""value"":""65.8""}]",true,false,false,false,Pass,Successful,FirstHalf,2025-12-05 23:16:15.684766+00
2879331391,1903251,317,27,47,167,388098,65.8,95.9,68,85.4,,,,,"[{""type"":{""value"":141,""displayName"":""PassEndY""},""value"":""85.4""},{""type"":{""value"":140,""displayName"":""PassEndX""},""value"":""68.0""},{""type"":{""value"":213,""displayName"":""Angle""},""value"":""5.03""},{""type"":{""value"":212,""displayName"":""Length""},""value"":""7.5""},{""type"":{""value"":56,""displayName"":""Zone""},""value"":""Left""}]",true,false,false,false,Pass,Successful,FirstHalf,2025-12-05 23:16:15.684766+00
2879331393,1903251,318,27,50,167,468847,68,85.4,59.8,100,,,,,"[{""type"":{""value"":213,""displayName"":""Angle""},""value"":""2.26""},{""type"":{""value"":212,""displayName"":""Length""},""value"":""13.6""},{""type"":{""value"":141,""displayName"":""PassEndY""},""value"":""100.0""},{""type"":{""value"":56,""displayName"":""Zone""},""value"":""Left""},{""type"":{""value"":140,""displayName"":""PassEndX""},""value"":""59.8""}]",true,false,false,false,Pass,Unsuccessful,FirstHalf,2025-12-05 23:16:15.684766+00
2879331503,1903251,217,27,34,170,396976,19.3,34.6,55.2,31.3,,,,,"[{""type"":{""value"":212,""displayName"":""Length""},""value"":""37.8""},{""type"":{""value"":56,""displayName"":""Zone""},""value"":""Center""},{""type"":{""value"":213,""displayName"":""Angle""},""value"":""6.22""},{""type"":{""value"":141,""displayName"":""PassEndY""},""value"":""31.3""},{""type"":{""value"":140,""displayName"":""PassEndX""},""value"":""55.2""}]",true,false,false,false,Clearance,Successful,FirstHalf,2025-12-05 23:16:15.684766+00
2879331559,1903251,219,28,4,170,145996,40.6,0,36.2,6,,,,,"[{""type"":{""value"":213,""displayName"":""Angle""},""value"":""2.31""},{""type"":{""value"":212,""displayName"":""Length""},""value"":""6.8""},{""type"":{""value"":107,""displayName"":""ThrowIn""}},{""type"":{""value"":141,""displayName"":""PassEndY""},""value"":""6.0""},{""type"":{""value"":140,""displayName"":""PassEndX""},""value"":""36.2""},{""type"":{""value"":56,""displayName"":""Zone""},""value"":""Back""}]",true,false,false,false,Pass,Successful,FirstHalf,2025-12-05 23:16:15.684766+00
2879331585,1903251,220,28,7,170,321020,32.9,4.6,17.5,8.4,,,,,"[{""type"":{""value"":141,""displayName"":""PassEndY""},""value"":""8.4""},{""type"":{""value"":140,""displayName"":""PassEndX""},""value"":""17.5""},{""type"":{""value"":56,""displayName"":""Zone""},""value"":""Back""},{""type"":{""value"":212,""displayName"":""Length""},""value"":""16.4""},{""type"":{""value"":213,""displayName"":""Angle""},""value"":""2.98""}]",true,false,false,false,Pass,Successful,FirstHalf,2025-12-05 23:16:15.684766+00
2879331613,1903251,221,28,9,170,231135,17.2,12,6.4,28.3,,,,,"[{""type"":{""value"":213,""displayName"":""Angle""},""value"":""2.37""},{""type"":{""value"":212,""displayName"":""Length""},""value"":""15.9""},{""type"":{""value"":141,""displayName"":""PassEndY""},""value"":""28.3""},{""type"":{""value"":56,""displayName"":""Zone""},""value"":""Back""},{""type"":{""value"":140,""displayName"":""PassEndX""},""value"":""6.4""}]",true,false,false,false,Pass,Successful,FirstHalf,2025-12-05 23:16:15.684766+00
2879331637,1903251,222,28,12,170,92173,6.8,28.6,54.2,25,,,,,"[{""type"":{""value"":212,""displayName"":""Length""},""value"":""49.8""},{""type"":{""value"":213,""displayName"":""Angle""},""value"":""6.23""},{""type"":{""value"":141,""displayName"":""PassEndY""},""value"":""25.0""},{""type"":{""value"":140,""displayName"":""PassEndX""},""value"":""54.2""},{""type"":{""value"":1,""displayName"":""Longball""}},{""type"":{""value"":56,""displayName"":""Zone""},""value"":""Center""}]",true,false,false,false,Pass,Successful,FirstHalf,2025-12-05 23:16:15.684766+00
2879331643,1903251,223,28,16,170,108186,54.2,25,,,,,,,"[{""type"":{""value"":56,""displayName"":""Zone""},""value"":""Center""}]",true,false,false,false,BallTouch,Successful,FirstHalf,2025-12-05 23:16:15.684766+00
2879331647,1903251,224,28,17,170,333044,61.4,27.2,,,,,,,"[{""type"":{""value"":56,""displayName"":""Zone""},""value"":""Center""}]",true,false,false,false,BallTouch,Unsuccessful,FirstHalf,2025-12-05 23:16:15.684766+00
2879331667,1903251,320,28,18,167,313171,33.7,63.9,35.9,77.6,,,,,"[{""type"":{""value"":56,""displayName"":""Zone""},""value"":""Back""},{""type"":{""value"":213,""displayName"":""Angle""},""value"":""1.33""},{""type"":{""value"":141,""displayName"":""PassEndY""},""value"":""77.6""},{""type"":{""value"":212,""displayName"":""Length""},""value"":""9.6""},{""type"":{""value"":140,""displayName"":""PassEndX""},""value"":""35.9""}]",true,false,false,false,Clearance,Successful,FirstHalf,2025-12-05 23:16:15.684766+00
2879331671,1903251,321,28,19,167,402664,36,77.9,,,,,,,"[{""type"":{""value"":56,""displayName"":""Zone""},""value"":""Back""}]",true,false,false,false,BallTouch,Successful,FirstHalf,2025-12-05 23:16:15.684766+00
2879331693,1903251,322,28,21,167,468847,29.4,73.5,53,51.9,,,,,"[{""type"":{""value"":140,""displayName"":""PassEndX""},""value"":""53.0""},{""type"":{""value"":141,""displayName"":""PassEndY""},""value"":""51.9""},{""type"":{""value"":1,""displayName"":""Longball""}},{""type"":{""value"":212,""displayName"":""Length""},""value"":""28.8""},{""type"":{""value"":213,""displayName"":""Angle""},""value"":""5.75""},{""type"":{""value"":56,""displayName"":""Zone""},""value"":""Center""}]",true,false,false,false,Pass,Unsuccessful,FirstHalf,2025-12-05 23:16:15.684766+00
2879331711,1903251,225,28,22,170,396976,45.7,48.2,52.1,61.3,,,,,"[{""type"":{""value"":212,""displayName"":""Length""},""value"":""11.2""},{""type"":{""value"":213,""displayName"":""Angle""},""value"":""0.92""},{""type"":{""value"":3,""displayName"":""HeadPass""}},{""type"":{""value"":140,""displayName"":""PassEndX""},""value"":""52.1""},{""type"":{""value"":56,""displayName"":""Zone""},""value"":""Center""},{""type"":{""value"":141,""displayName"":""PassEndY""},""value"":""61.3""}]",true,false,false,false,Pass,Successful,FirstHalf,2025-12-05 23:16:15.684766+00
2879331723,1903251,226,28,24,170,136824,46.5,64.3,44.4,39.1,,,,,"[{""type"":{""value"":213,""displayName"":""Angle""},""value"":""4.58""},{""type"":{""value"":56,""displayName"":""Zone""},""value"":""Back""},{""type"":{""value"":140,""displayName"":""PassEndX""},""value"":""44.4""},{""type"":{""value"":212,""displayName"":""Length""},""value"":""17.3""},{""type"":{""value"":141,""displayName"":""PassEndY""},""value"":""39.1""}]",true,false,false,false,Pass,Successful,FirstHalf,2025-12-05 23:16:15.684766+00
2879331731,1903251,227,28,26,170,231135,44.4,39.3,43,25,,,,,"[{""type"":{""value"":56,""displayName"":""Zone""},""value"":""Back""},{""type"":{""value"":213,""displayName"":""Angle""},""value"":""4.56""},{""type"":{""value"":141,""displayName"":""PassEndY""},""value"":""25.0""},{""type"":{""value"":140,""displayName"":""PassEndX""},""value"":""43.0""},{""type"":{""value"":212,""displayName"":""Length""},""value"":""9.8""}]",true,false,false,false,Pass,Successful,FirstHalf,2025-12-05 23:16:15.684766+00
2879331747,1903251,228,28,27,170,145996,42.9,24.7,46.5,37,,,,,"[{""type"":{""value"":141,""displayName"":""PassEndY""},""value"":""37.0""},{""type"":{""value"":140,""displayName"":""PassEndX""},""value"":""46.5""},{""type"":{""value"":56,""displayName"":""Zone""},""value"":""Back""},{""type"":{""value"":212,""displayName"":""Length""},""value"":""9.2""},{""type"":{""value"":213,""displayName"":""Angle""},""value"":""1.15""}]",true,false,false,false,Pass,Successful,FirstHalf,2025-12-05 23:16:15.684766+00
2879331761,1903251,229,28,28,170,321020,46.5,37,54,10.4,,,,,"[{""type"":{""value"":56,""displayName"":""Zone""},""value"":""Right""},{""type"":{""value"":213,""displayName"":""Angle""},""value"":""5.12""},{""type"":{""value"":140,""displayName"":""PassEndX""},""value"":""54.0""},{""type"":{""value"":141,""displayName"":""PassEndY""},""value"":""10.4""},{""type"":{""value"":212,""displayName"":""Length""},""value"":""19.7""}]",true,false,false,false,Pass,Successful,FirstHalf,2025-12-05 23:16:15.684766+00
2879331765,1903251,230,28,30,170,297395,54,10.4,54.4,13.1,,,,,"[{""type"":{""value"":213,""displayName"":""Angle""},""value"":""1.35""},{""type"":{""value"":212,""displayName"":""Length""},""value"":""1.9""},{""type"":{""value"":233,""displayName"":""OppositeRelatedEvent""},""value"":""323""},{""type"":{""value"":141,""displayName"":""PassEndY""},""value"":""13.1""},{""type"":{""value"":140,""displayName"":""PassEndX""},""value"":""54.4""},{""type"":{""value"":56,""displayName"":""Zone""},""value"":""Right""},{""type"":{""value"":286,""displayName"":""Offensive""}}]",true,false,false,false,Pass,Unsuccessful,FirstHalf,2025-12-05 23:16:15.684766+00
2879331767,1903251,323,28,30,167,468847,45.6,86.9,,,,,,,"[{""type"":{""value"":233,""displayName"":""OppositeRelatedEvent""},""value"":""230""},{""type"":{""value"":285,""displayName"":""Defensive""}},{""type"":{""value"":56,""displayName"":""Zone""},""value"":""Back""}]",true,false,false,false,BlockedPass,Successful,FirstHalf,2025-12-05 23:16:15.684766+00
2879331777,1903251,324,28,32,167,388098,51.1,79.3,,,,,,,"[{""type"":{""value"":56,""displayName"":""Zone""},""value"":""Left""}]",true,false,false,false,BallTouch,Successful,FirstHalf,2025-12-05 23:16:15.684766+00
2879331791,1903251,325,28,34,167,468847,53.7,86.4,,,,,,,"[{""type"":{""value"":233,""displayName"":""OppositeRelatedEvent""},""value"":""232""},{""type"":{""value"":286,""displayName"":""Offensive""}},{""type"":{""value"":56,""displayName"":""Zone""},""value"":""Left""}]",true,false,false,false,Dispossessed,Successful,FirstHalf,2025-12-05 23:16:15.684766+00
2879331823,1903251,232,28,34,170,145996,46.3,13.6,,,,,,,"[{""type"":{""value"":178,""displayName"":""StandingSave""}},{""type"":{""value"":285,""displayName"":""Defensive""}},{""type"":{""value"":56,""displayName"":""Zone""},""value"":""Back""},{""type"":{""value"":233,""displayName"":""OppositeRelatedEvent""},""value"":""325""}]",true,false,false,false,Tackle,Successful,FirstHalf,2025-12-05 23:16:15.684766+00
2879331881,1903251,327,28,43,167,468847,49.7,100,46.3,87.5,,,,,"[{""type"":{""value"":140,""displayName"":""PassEndX""},""value"":""46.3""},{""type"":{""value"":141,""displayName"":""PassEndY""},""value"":""87.5""},{""type"":{""value"":212,""displayName"":""Length""},""value"":""10.4""},{""type"":{""value"":213,""displayName"":""Angle""},""value"":""4.36""},{""type"":{""value"":56,""displayName"":""Zone""},""value"":""Back""},{""type"":{""value"":107,""displayName"":""ThrowIn""}}]",true,false,false,false,Pass,Successful,FirstHalf,2025-12-05 23:16:15.684766+00
2879331909,1903251,328,28,46,167,136741,58.3,91.6,,,,,,,"[{""type"":{""value"":56,""displayName"":""Zone""},""value"":""Left""},{""type"":{""value"":286,""displayName"":""Offensive""}},{""type"":{""value"":233,""displayName"":""OppositeRelatedEvent""},""value"":""235""}]",true,false,false,false,TakeOn,Unsuccessful,FirstHalf,2025-12-05 23:16:15.684766+00
2879331913,1903251,235,28,46,170,145996,41.7,8.4,,,,,,,"[{""type"":{""value"":178,""displayName"":""StandingSave""}},{""type"":{""value"":285,""displayName"":""Defensive""}},{""type"":{""value"":56,""displayName"":""Zone""},""value"":""Back""},{""type"":{""value"":233,""displayName"":""OppositeRelatedEvent""},""value"":""328""}]",true,false,false,false,Tackle,Unsuccessful,FirstHalf,2025-12-05 23:16:15.684766+00
2879331919,1903251,329,28,48,167,136741,59.1,89.6,,,,,,,"[{""type"":{""value"":56,""displayName"":""Zone""},""value"":""Left""}]",true,false,false,false,BallTouch,Successful,FirstHalf,2025-12-05 23:16:15.684766+00
2879331943,1903251,236,28,49,170,297395,42.6,5.8,48.8,6.9,,,,,"[{""type"":{""value"":141,""displayName"":""PassEndY""},""value"":""6.9""},{""type"":{""value"":140,""displayName"":""PassEndX""},""value"":""48.8""},{""type"":{""value"":56,""displayName"":""Zone""},""value"":""Back""},{""type"":{""value"":213,""displayName"":""Angle""},""value"":""0.11""},{""type"":{""value"":212,""displayName"":""Length""},""value"":""6.6""}]",true,false,false,false,Pass,Successful,FirstHalf,2025-12-05 23:16:15.684766+00
2879331951,1903251,237,28,50,170,333044,48.7,6.9,42.6,13.4,,,,,"[{""type"":{""value"":56,""displayName"":""Zone""},""value"":""Back""},{""type"":{""value"":213,""displayName"":""Angle""},""value"":""2.54""},{""type"":{""value"":140,""displayName"":""PassEndX""},""value"":""42.6""},{""type"":{""value"":141,""displayName"":""PassEndY""},""value"":""13.4""},{""type"":{""value"":212,""displayName"":""Length""},""value"":""7.8""}]",true,false,false,false,Pass,Successful,FirstHalf,2025-12-05 23:16:15.684766+00
2879331957,1903251,238,28,51,170,363686,40.6,14.6,,,,,,,"[{""type"":{""value"":286,""displayName"":""Offensive""}},{""type"":{""value"":233,""displayName"":""OppositeRelatedEvent""},""value"":""330""},{""type"":{""value"":56,""displayName"":""Zone""},""value"":""Back""}]",true,false,false,false,TakeOn,Unsuccessful,FirstHalf,2025-12-05 23:16:15.684766+00
2879331965,1903251,330,28,51,167,136741,59.4,85.4,,,,,,,"[{""type"":{""value"":285,""displayName"":""Defensive""}},{""type"":{""value"":56,""displayName"":""Zone""},""value"":""Left""},{""type"":{""value"":233,""displayName"":""OppositeRelatedEvent""},""value"":""238""},{""type"":{""value"":178,""displayName"":""StandingSave""}}]",true,false,false,false,Tackle,Unsuccessful,FirstHalf,2025-12-05 23:16:15.684766+00
2879331969,1903251,239,28,53,170,231135,36.8,28.4,,,,,,,[],false,false,false,false,BallRecovery,Successful,FirstHalf,2025-12-05 23:16:15.684766+00
2879332023,1903251,240,28,54,170,231135,41.3,38.1,43.1,76.8,,,,,"[{""type"":{""value"":212,""displayName"":""Length""},""value"":""26.4""},{""type"":{""value"":140,""displayName"":""PassEndX""},""value"":""43.1""},{""type"":{""value"":141,""displayName"":""PassEndY""},""value"":""76.8""},{""type"":{""value"":213,""displayName"":""Angle""},""value"":""1.50""},{""type"":{""value"":56,""displayName"":""Zone""},""value"":""Back""}]",true,false,false,false,Pass,Successful,FirstHalf,2025-12-05 23:16:15.684766+00
2879332041,1903251,241,29,1,170,322611,53.2,93.6,35.9,73.5,,,,,"[{""type"":{""value"":212,""displayName"":""Length""},""value"":""22.7""},{""type"":{""value"":213,""displayName"":""Angle""},""value"":""3.79""},{""type"":{""value"":141,""displayName"":""PassEndY""},""value"":""73.5""},{""type"":{""value"":140,""displayName"":""PassEndX""},""value"":""35.9""},{""type"":{""value"":56,""displayName"":""Zone""},""value"":""Back""}]",true,false,false,false,Pass,Successful,FirstHalf,2025-12-05 23:16:15.684766+00
2879332069,1903251,242,29,6,170,396976,35.5,69.7,32,49.1,,,,,"[{""type"":{""value"":141,""displayName"":""PassEndY""},""value"":""49.1""},{""type"":{""value"":56,""displayName"":""Zone""},""value"":""Back""},{""type"":{""value"":140,""displayName"":""PassEndX""},""value"":""32.0""},{""type"":{""value"":213,""displayName"":""Angle""},""value"":""4.46""},{""type"":{""value"":212,""displayName"":""Length""},""value"":""14.5""}]",true,false,false,false,Pass,Successful,FirstHalf,2025-12-05 23:16:15.684766+00
2879332077,1903251,243,29,12,170,231135,34.1,46.8,32.6,68.1,,,,,"[{""type"":{""value"":56,""displayName"":""Zone""},""value"":""Back""},{""type"":{""value"":140,""displayName"":""PassEndX""},""value"":""32.6""},{""type"":{""value"":141,""displayName"":""PassEndY""},""value"":""68.1""},{""type"":{""value"":213,""displayName"":""Angle""},""value"":""1.68""},{""type"":{""value"":212,""displayName"":""Length""},""value"":""14.6""}]",true,false,false,false,Pass,Successful,FirstHalf,2025-12-05 23:16:15.684766+00
2879332105,1903251,244,29,13,170,396976,32.3,69.9,37.7,87.7,,,,,"[{""type"":{""value"":141,""displayName"":""PassEndY""},""value"":""87.7""},{""type"":{""value"":212,""displayName"":""Length""},""value"":""13.4""},{""type"":{""value"":140,""displayName"":""PassEndX""},""value"":""37.7""},{""type"":{""value"":56,""displayName"":""Zone""},""value"":""Back""},{""type"":{""value"":213,""displayName"":""Angle""},""value"":""1.13""}]",true,false,false,false,Pass,Successful,FirstHalf,2025-12-05 23:16:15.684766+00
2879332119,1903251,245,29,16,170,136824,38,89.9,39.4,80.1,,,,,"[{""type"":{""value"":141,""displayName"":""PassEndY""},""value"":""80.1""},{""type"":{""value"":56,""displayName"":""Zone""},""value"":""Back""},{""type"":{""value"":140,""displayName"":""PassEndX""},""value"":""39.4""},{""type"":{""value"":212,""displayName"":""Length""},""value"":""6.8""},{""type"":{""value"":213,""displayName"":""Angle""},""value"":""4.93""}]",true,false,false,false,Pass,Successful,FirstHalf,2025-12-05 23:16:15.684766+00
2879332127,1903251,246,29,18,170,321020,37.3,87.5,30.2,100,,,,,"[{""type"":{""value"":213,""displayName"":""Angle""},""value"":""2.25""},{""type"":{""value"":141,""displayName"":""PassEndY""},""value"":""100.0""},{""type"":{""value"":212,""displayName"":""Length""},""value"":""11.9""},{""type"":{""value"":140,""displayName"":""PassEndX""},""value"":""30.2""},{""type"":{""value"":56,""displayName"":""Zone""},""value"":""Back""}]",true,false,false,false,Pass,Unsuccessful,FirstHalf,2025-12-05 23:16:15.684766+00
2879332201,1903251,332,29,29,167,394933,65.5,0,46.7,8.2,,,,,"[{""type"":{""value"":213,""displayName"":""Angle""},""value"":""2.82""},{""type"":{""value"":107,""displayName"":""ThrowIn""}},{""type"":{""value"":141,""displayName"":""PassEndY""},""value"":""8.2""},{""type"":{""value"":212,""displayName"":""Length""},""value"":""20.8""},{""type"":{""value"":140,""displayName"":""PassEndX""},""value"":""46.7""},{""type"":{""value"":56,""displayName"":""Zone""},""value"":""Back""}]",true,false,false,false,Pass,Successful,FirstHalf,2025-12-05 23:16:15.684766+00
2879332215,1903251,333,29,33,167,136741,45.1,9.5,26.4,51.3,,,,,"[{""type"":{""value"":140,""displayName"":""PassEndX""},""value"":""26.4""},{""type"":{""value"":56,""displayName"":""Zone""},""value"":""Back""},{""type"":{""value"":1,""displayName"":""Longball""}},{""type"":{""value"":213,""displayName"":""Angle""},""value"":""2.18""},{""type"":{""value"":141,""displayName"":""PassEndY""},""value"":""51.3""},{""type"":{""value"":212,""displayName"":""Length""},""value"":""34.5""}]",true,false,false,false,Pass,Successful,FirstHalf,2025-12-05 23:16:15.684766+00
2879332259,1903251,334,29,36,167,262515,26.1,51.3,33.3,69.4,,,,,"[{""type"":{""value"":213,""displayName"":""Angle""},""value"":""1.02""},{""type"":{""value"":140,""displayName"":""PassEndX""},""value"":""33.3""},{""type"":{""value"":56,""displayName"":""Zone""},""value"":""Back""},{""type"":{""value"":141,""displayName"":""PassEndY""},""value"":""69.4""},{""type"":{""value"":212,""displayName"":""Length""},""value"":""14.4""}]",true,false,false,false,Pass,Successful,FirstHalf,2025-12-05 23:16:15.684766+00
2879332283,1903251,335,29,42,167,402664,32.6,67.5,30.3,29.7,,,,,"[{""type"":{""value"":141,""displayName"":""PassEndY""},""value"":""29.7""},{""type"":{""value"":212,""displayName"":""Length""},""value"":""25.8""},{""type"":{""value"":140,""displayName"":""PassEndX""},""value"":""30.3""},{""type"":{""value"":213,""displayName"":""Angle""},""value"":""4.62""},{""type"":{""value"":56,""displayName"":""Zone""},""value"":""Back""}]",true,false,false,false,Pass,Successful,FirstHalf,2025-12-05 23:16:15.684766+00
2879332333,1903251,336,29,44,167,313171,31.2,29.5,47.2,3.8,,,,,"[{""type"":{""value"":212,""displayName"":""Length""},""value"":""24.2""},{""type"":{""value"":141,""displayName"":""PassEndY""},""value"":""3.8""},{""type"":{""value"":140,""displayName"":""PassEndX""},""value"":""47.2""},{""type"":{""value"":56,""displayName"":""Zone""},""value"":""Back""},{""type"":{""value"":213,""displayName"":""Angle""},""value"":""5.48""}]",true,false,false,false,Pass,Successful,FirstHalf,2025-12-05 23:16:15.684766+00
2879332341,1903251,337,29,49,167,136741,44.1,8.6,35.2,20.3,,,,,"[{""type"":{""value"":213,""displayName"":""Angle""},""value"":""2.44""},{""type"":{""value"":212,""displayName"":""Length""},""value"":""12.3""},{""type"":{""value"":56,""displayName"":""Zone""},""value"":""Back""},{""type"":{""value"":141,""displayName"":""PassEndY""},""value"":""20.3""},{""type"":{""value"":140,""displayName"":""PassEndX""},""value"":""35.2""}]",true,false,false,false,Pass,Successful,FirstHalf,2025-12-05 23:16:15.684766+00
2879332373,1903251,338,29,50,167,394933,35,20.3,23.8,29.2,,,,,"[{""type"":{""value"":140,""displayName"":""PassEndX""},""value"":""23.8""},{""type"":{""value"":213,""displayName"":""Angle""},""value"":""2.67""},{""type"":{""value"":56,""displayName"":""Zone""},""value"":""Back""},{""type"":{""value"":141,""displayName"":""PassEndY""},""value"":""29.2""},{""type"":{""value"":212,""displayName"":""Length""},""value"":""13.2""}]",true,false,false,false,Pass,Successful,FirstHalf,2025-12-05 23:16:15.684766+00
2879332389,1903251,339,29,56,167,313171,26.3,31.5,28.3,11.6,,,,,"[{""type"":{""value"":56,""displayName"":""Zone""},""value"":""Back""},{""type"":{""value"":213,""displayName"":""Angle""},""value"":""4.87""},{""type"":{""value"":140,""displayName"":""PassEndX""},""value"":""28.3""},{""type"":{""value"":212,""displayName"":""Length""},""value"":""13.7""},{""type"":{""value"":141,""displayName"":""PassEndY""},""value"":""11.6""}]",true,false,false,false,Pass,Successful,FirstHalf,2025-12-05 23:16:15.684766+00
2879332409,1903251,340,29,57,167,394933,27.9,10.9,36.8,2.6,,,,,"[{""type"":{""value"":56,""displayName"":""Zone""},""value"":""Back""},{""type"":{""value"":213,""displayName"":""Angle""},""value"":""5.74""},{""type"":{""value"":212,""displayName"":""Length""},""value"":""10.9""},{""type"":{""value"":140,""displayName"":""PassEndX""},""value"":""36.8""},{""type"":{""value"":141,""displayName"":""PassEndY""},""value"":""2.6""}]",true,false,false,false,Pass,Successful,FirstHalf,2025-12-05 23:16:15.684766+00
2879332435,1903251,341,30,0,167,136741,35,8.9,13.9,6.5,,,,,"[{""type"":{""value"":56,""displayName"":""Zone""},""value"":""Back""},{""type"":{""value"":212,""displayName"":""Length""},""value"":""22.2""},{""type"":{""value"":213,""displayName"":""Angle""},""value"":""3.22""},{""type"":{""value"":141,""displayName"":""PassEndY""},""value"":""6.5""},{""type"":{""value"":140,""displayName"":""PassEndX""},""value"":""13.9""}]",true,false,false,false,Pass,Successful,FirstHalf,2025-12-05 23:16:15.684766+00
2879332443,1903251,342,30,5,167,394933,14.3,5.3,28.8,7.3,,,,,"[{""type"":{""value"":56,""displayName"":""Zone""},""value"":""Back""},{""type"":{""value"":1,""displayName"":""Longball""}},{""type"":{""value"":213,""displayName"":""Angle""},""value"":""0.09""},{""type"":{""value"":212,""displayName"":""Length""},""value"":""15.3""},{""type"":{""value"":141,""displayName"":""PassEndY""},""value"":""7.3""},{""type"":{""value"":140,""displayName"":""PassEndX""},""value"":""28.8""}]",true,false,false,false,Pass,Unsuccessful,FirstHalf,2025-12-05 23:16:15.684766+00
2879332459,1903251,343,30,8,167,136741,22.6,8.8,21.6,9.2,,,,,"[{""type"":{""value"":140,""displayName"":""PassEndX""},""value"":""21.6""},{""type"":{""value"":286,""displayName"":""Offensive""}},{""type"":{""value"":141,""displayName"":""PassEndY""},""value"":""9.2""},{""type"":{""value"":56,""displayName"":""Zone""},""value"":""Back""},{""type"":{""value"":212,""displayName"":""Length""},""value"":""1.1""},{""type"":{""value"":233,""displayName"":""OppositeRelatedEvent""},""value"":""249""},{""type"":{""value"":213,""displayName"":""Angle""},""value"":""2.89""}]",true,false,false,false,Pass,Unsuccessful,FirstHalf,2025-12-05 23:16:15.684766+00
2879332463,1903251,248,30,7,170,322611,76.6,92.5,,,,,,,"[{""type"":{""value"":56,""displayName"":""Zone""},""value"":""Left""}]",true,false,false,false,BallTouch,Unsuccessful,FirstHalf,2025-12-05 23:16:15.684766+00
2879332477,1903251,249,30,8,170,322611,78.4,90.8,,,,,,,"[{""type"":{""value"":285,""displayName"":""Defensive""}},{""type"":{""value"":56,""displayName"":""Zone""},""value"":""Left""},{""type"":{""value"":233,""displayName"":""OppositeRelatedEvent""},""value"":""343""}]",true,false,false,false,BlockedPass,Successful,FirstHalf,2025-12-05 23:16:15.684766+00
2879332489,1903251,250,30,10,170,136824,81.2,94.3,,,,,,,[],false,false,false,false,BallRecovery,Successful,FirstHalf,2025-12-05 23:16:15.684766+00
2879332503,1903251,251,30,10,170,136824,81.2,94.3,75,81.7,,,,,"[{""type"":{""value"":56,""displayName"":""Zone""},""value"":""Left""},{""type"":{""value"":213,""displayName"":""Angle""},""value"":""4.06""},{""type"":{""value"":212,""displayName"":""Length""},""value"":""10.8""},{""type"":{""value"":140,""displayName"":""PassEndX""},""value"":""75.0""},{""type"":{""value"":141,""displayName"":""PassEndY""},""value"":""81.7""}]",true,false,false,false,Pass,Successful,FirstHalf,2025-12-05 23:16:15.684766+00
2879332533,1903251,252,30,12,170,363686,74.3,80.7,68.5,86.9,,,,,"[{""type"":{""value"":213,""displayName"":""Angle""},""value"":""2.54""},{""type"":{""value"":56,""displayName"":""Zone""},""value"":""Left""},{""type"":{""value"":212,""displayName"":""Length""},""value"":""7.4""},{""type"":{""value"":141,""displayName"":""PassEndY""},""value"":""86.9""},{""type"":{""value"":140,""displayName"":""PassEndX""},""value"":""68.5""}]",true,false,false,false,Pass,Successful,FirstHalf,2025-12-05 23:16:15.684766+00
2879332575,1903251,253,30,15,170,321020,67.1,82.4,53.7,51.7,,,,,"[{""type"":{""value"":56,""displayName"":""Zone""},""value"":""Center""},{""type"":{""value"":140,""displayName"":""PassEndX""},""value"":""53.7""},{""type"":{""value"":141,""displayName"":""PassEndY""},""value"":""51.7""},{""type"":{""value"":212,""displayName"":""Length""},""value"":""25.2""},{""type"":{""value"":213,""displayName"":""Angle""},""value"":""4.12""}]",true,false,false,false,Pass,Successful,FirstHalf,2025-12-05 23:16:15.684766+00
2879332595,1903251,254,30,18,170,231135,53.3,43.7,56.8,29.2,,,,,"[{""type"":{""value"":140,""displayName"":""PassEndX""},""value"":""56.8""},{""type"":{""value"":141,""displayName"":""PassEndY""},""value"":""29.2""},{""type"":{""value"":212,""displayName"":""Length""},""value"":""10.5""},{""type"":{""value"":213,""displayName"":""Angle""},""value"":""5.07""},{""type"":{""value"":56,""displayName"":""Zone""},""value"":""Center""}]",true,false,false,false,Pass,Successful,FirstHalf,2025-12-05 23:16:15.684766+00
2879332597,1903251,255,30,19,170,297395,57,29.2,,,,,,,"[{""type"":{""value"":56,""displayName"":""Zone""},""value"":""Center""}]",true,false,false,false,BallTouch,Unsuccessful,FirstHalf,2025-12-05 23:16:15.684766+00
2879332621,1903251,344,30,22,167,388098,38.4,75.4,,,,,,,"[{""type"":{""value"":56,""displayName"":""Zone""},""value"":""Back""}]",true,false,false,false,BallTouch,Unsuccessful,FirstHalf,2025-12-05 23:16:15.684766+00
2879332697,1903251,256,30,22,170,145996,58.3,16.8,37.5,16.7,,,,,"[{""type"":{""value"":141,""displayName"":""PassEndY""},""value"":""16.7""},{""type"":{""value"":212,""displayName"":""Length""},""value"":""21.8""},{""type"":{""value"":56,""displayName"":""Zone""},""value"":""Back""},{""type"":{""value"":213,""displayName"":""Angle""},""value"":""3.14""},{""type"":{""value"":140,""displayName"":""PassEndX""},""value"":""37.5""}]",true,false,false,false,Pass,Successful,FirstHalf,2025-12-05 23:16:15.684766+00
2879332715,1903251,257,30,28,170,231135,37.7,15.6,44.7,7.8,,,,,"[{""type"":{""value"":212,""displayName"":""Length""},""value"":""9.1""},{""type"":{""value"":141,""displayName"":""PassEndY""},""value"":""7.8""},{""type"":{""value"":213,""displayName"":""Angle""},""value"":""5.66""},{""type"":{""value"":140,""displayName"":""PassEndX""},""value"":""44.7""},{""type"":{""value"":56,""displayName"":""Zone""},""value"":""Back""}]",true,false,false,false,Pass,Successful,FirstHalf,2025-12-05 23:16:15.684766+00
2879332737,1903251,258,30,30,170,145996,44.8,7.5,46.7,29,,,,,"[{""type"":{""value"":141,""displayName"":""PassEndY""},""value"":""29.0""},{""type"":{""value"":140,""displayName"":""PassEndX""},""value"":""46.7""},{""type"":{""value"":212,""displayName"":""Length""},""value"":""14.8""},{""type"":{""value"":213,""displayName"":""Angle""},""value"":""1.44""},{""type"":{""value"":56,""displayName"":""Zone""},""value"":""Back""}]",true,false,false,false,Pass,Successful,FirstHalf,2025-12-05 23:16:15.684766+00
2879332755,1903251,259,30,32,170,321020,46.7,29,54.9,47.1,,,,,"[{""type"":{""value"":141,""displayName"":""PassEndY""},""value"":""47.1""},{""type"":{""value"":56,""displayName"":""Zone""},""value"":""Center""},{""type"":{""value"":212,""displayName"":""Length""},""value"":""15.0""},{""type"":{""value"":213,""displayName"":""Angle""},""value"":""0.96""},{""type"":{""value"":140,""displayName"":""PassEndX""},""value"":""54.9""}]",true,false,false,false,Pass,Successful,FirstHalf,2025-12-05 23:16:15.684766+00
2879332789,1903251,345,28,47,167,136741,59.3,91.2,,,,,,,"[{""type"":{""value"":56,""displayName"":""Zone""},""value"":""Left""}]",true,false,false,false,BallTouch,Successful,FirstHalf,2025-12-05 23:16:15.684766+00
2879332791,1903251,260,30,33,170,108186,54.7,47.1,43,66.1,,,,,"[{""type"":{""value"":140,""displayName"":""PassEndX""},""value"":""43.0""},{""type"":{""value"":141,""displayName"":""PassEndY""},""value"":""66.1""},{""type"":{""value"":212,""displayName"":""Length""},""value"":""17.8""},{""type"":{""value"":213,""displayName"":""Angle""},""value"":""2.33""},{""type"":{""value"":56,""displayName"":""Zone""},""value"":""Back""}]",true,false,false,false,Pass,Successful,FirstHalf,2025-12-05 23:16:15.684766+00
2879332803,1903251,261,30,35,170,396976,43,66.1,51.9,87.8,,,,,"[{""type"":{""value"":140,""displayName"":""PassEndX""},""value"":""51.9""},{""type"":{""value"":141,""displayName"":""PassEndY""},""value"":""87.8""},{""type"":{""value"":56,""displayName"":""Zone""},""value"":""Left""},{""type"":{""value"":213,""displayName"":""Angle""},""value"":""1.01""},{""type"":{""value"":212,""displayName"":""Length""},""value"":""17.5""}]",true,false,false,false,Pass,Successful,FirstHalf,2025-12-05 23:16:15.684766+00
2879332837,1903251,262,30,37,170,136824,54.4,88.6,60.5,76.7,,,,,"[{""type"":{""value"":212,""displayName"":""Length""},""value"":""10.3""},{""type"":{""value"":140,""displayName"":""PassEndX""},""value"":""60.5""},{""type"":{""value"":141,""displayName"":""PassEndY""},""value"":""76.7""},{""type"":{""value"":213,""displayName"":""Angle""},""value"":""5.38""},{""type"":{""value"":56,""displayName"":""Zone""},""value"":""Center""}]",true,false,false,false,Pass,Successful,FirstHalf,2025-12-05 23:16:15.684766+00
2879332871,1903251,263,30,41,170,363686,61.7,77.4,55.4,85.6,,,,,"[{""type"":{""value"":56,""displayName"":""Zone""},""value"":""Left""},{""type"":{""value"":213,""displayName"":""Angle""},""value"":""2.44""},{""type"":{""value"":141,""displayName"":""PassEndY""},""value"":""85.6""},{""type"":{""value"":140,""displayName"":""PassEndX""},""value"":""55.4""},{""type"":{""value"":212,""displayName"":""Length""},""value"":""8.7""}]",true,false,false,false,Pass,Successful,FirstHalf,2025-12-05 23:16:15.684766+00
2879332899,1903251,264,30,43,170,136824,56.8,78.5,70.2,50.5,,,,,"[{""type"":{""value"":141,""displayName"":""PassEndY""},""value"":""50.5""},{""type"":{""value"":140,""displayName"":""PassEndX""},""value"":""70.2""},{""type"":{""value"":213,""displayName"":""Angle""},""value"":""5.35""},{""type"":{""value"":212,""displayName"":""Length""},""value"":""23.7""},{""type"":{""value"":56,""displayName"":""Zone""},""value"":""Center""}]",true,false,false,false,Pass,Successful,FirstHalf,2025-12-05 23:16:15.684766+00
2879332929,1903251,265,30,45,170,297395,73.3,51.7,82.3,59.9,,,,,"[{""type"":{""value"":56,""displayName"":""Zone""},""value"":""Center""},{""type"":{""value"":140,""displayName"":""PassEndX""},""value"":""82.3""},{""type"":{""value"":141,""displayName"":""PassEndY""},""value"":""59.9""},{""type"":{""value"":213,""displayName"":""Angle""},""value"":""0.53""},{""type"":{""value"":212,""displayName"":""Length""},""value"":""11.0""}]",true,false,false,false,Pass,Unsuccessful,FirstHalf,2025-12-05 23:16:15.684766+00
2879332935,1903251,346,30,47,167,402664,20.5,41.6,,,,,,,[],false,false,false,false,BallRecovery,Successful,FirstHalf,2025-12-05 23:16:15.684766+00
2879332961,1903251,347,30,48,167,402664,22,41.3,29.1,50.6,,,,,"[{""type"":{""value"":140,""displayName"":""PassEndX""},""value"":""29.1""},{""type"":{""value"":56,""displayName"":""Zone""},""value"":""Back""},{""type"":{""value"":212,""displayName"":""Length""},""value"":""9.8""},{""type"":{""value"":213,""displayName"":""Angle""},""value"":""0.70""},{""type"":{""value"":141,""displayName"":""PassEndY""},""value"":""50.6""}]",true,false,false,false,Pass,Unsuccessful,FirstHalf,2025-12-05 23:16:15.684766+00
2879332965,1903251,266,30,49,170,297395,73.2,56.2,,,,,,,"[{""type"":{""value"":56,""displayName"":""Zone""},""value"":""Center""}]",true,false,false,false,BallTouch,Unsuccessful,FirstHalf,2025-12-05 23:16:15.684766+00
2879332989,1903251,348,30,51,167,422939,28.9,51.3,,,,,,,"[{""type"":{""value"":233,""displayName"":""OppositeRelatedEvent""},""value"":""267""},{""type"":{""value"":56,""displayName"":""Zone""},""value"":""Back""},{""type"":{""value"":285,""displayName"":""Defensive""}}]",true,false,false,false,TakeOn,Unsuccessful,FirstHalf,2025-12-05 23:16:15.684766+00
2879333023,1903251,267,30,51,170,297395,71.1,48.7,,,,,,,"[{""type"":{""value"":178,""displayName"":""StandingSave""}},{""type"":{""value"":233,""displayName"":""OppositeRelatedEvent""},""value"":""348""},{""type"":{""value"":286,""displayName"":""Offensive""}},{""type"":{""value"":56,""displayName"":""Zone""},""value"":""Center""}]",true,false,false,false,Tackle,Successful,FirstHalf,2025-12-05 23:16:15.684766+00
2879333029,1903251,268,30,53,170,108186,73.6,38.8,,,,,,,[],false,false,false,false,BallRecovery,Successful,FirstHalf,2025-12-05 23:16:15.684766+00
2879333065,1903251,349,30,56,167,468847,20.3,73.8,,,,,,,"[{""type"":{""value"":285,""displayName"":""Defensive""}},{""type"":{""value"":56,""displayName"":""Zone""},""value"":""Back""},{""type"":{""value"":233,""displayName"":""OppositeRelatedEvent""},""value"":""270""},{""type"":{""value"":178,""displayName"":""StandingSave""}}]",true,false,false,false,Tackle,Unsuccessful,FirstHalf,2025-12-05 23:16:15.684766+00
2879333069,1903251,269,30,54,170,108186,73.4,36.9,80.5,28.3,,,,,"[{""type"":{""value"":56,""displayName"":""Zone""},""value"":""Center""},{""type"":{""value"":141,""displayName"":""PassEndY""},""value"":""28.3""},{""type"":{""value"":140,""displayName"":""PassEndX""},""value"":""80.5""},{""type"":{""value"":213,""displayName"":""Angle""},""value"":""5.62""},{""type"":{""value"":212,""displayName"":""Length""},""value"":""9.5""}]",true,false,false,false,Pass,Successful,FirstHalf,2025-12-05 23:16:15.684766+00
2879333077,1903251,270,30,56,170,333044,79.7,26.2,,,,,,,"[{""type"":{""value"":286,""displayName"":""Offensive""}},{""type"":{""value"":56,""displayName"":""Zone""},""value"":""Center""},{""type"":{""value"":233,""displayName"":""OppositeRelatedEvent""},""value"":""349""}]",true,false,false,false,Dispossessed,Successful,FirstHalf,2025-12-05 23:16:15.684766+00
2879333083,1903251,271,30,58,170,145996,77.3,24.2,,,,,,,"[{""type"":{""value"":56,""displayName"":""Zone""},""value"":""Center""}]",true,false,false,false,BallTouch,Successful,FirstHalf,2025-12-05 23:16:15.684766+00
2879333113,1903251,272,31,0,170,333044,73,21.4,60.6,16.2,,,,,"[{""type"":{""value"":212,""displayName"":""Length""},""value"":""13.5""},{""type"":{""value"":141,""displayName"":""PassEndY""},""value"":""16.2""},{""type"":{""value"":140,""displayName"":""PassEndX""},""value"":""60.6""},{""type"":{""value"":213,""displayName"":""Angle""},""value"":""3.41""},{""type"":{""value"":56,""displayName"":""Zone""},""value"":""Right""}]",true,false,false,false,Pass,Successful,FirstHalf,2025-12-05 23:16:15.684766+00
2879333149,1903251,273,31,1,170,231135,59.9,16.1,76,6.7,,,,,"[{""type"":{""value"":141,""displayName"":""PassEndY""},""value"":""6.7""},{""type"":{""value"":140,""displayName"":""PassEndX""},""value"":""76.0""},{""type"":{""value"":56,""displayName"":""Zone""},""value"":""Right""},{""type"":{""value"":213,""displayName"":""Angle""},""value"":""5.92""},{""type"":{""value"":212,""displayName"":""Length""},""value"":""18.1""}]",true,false,false,false,Pass,Successful,FirstHalf,2025-12-05 23:16:15.684766+00
2879333157,1903251,274,31,4,170,145996,78.3,7,88.1,14.4,,,,,"[{""type"":{""value"":141,""displayName"":""PassEndY""},""value"":""14.4""},{""type"":{""value"":140,""displayName"":""PassEndX""},""value"":""88.1""},{""type"":{""value"":56,""displayName"":""Zone""},""value"":""Right""},{""type"":{""value"":213,""displayName"":""Angle""},""value"":""0.45""},{""type"":{""value"":212,""displayName"":""Length""},""value"":""11.5""}]",true,false,false,false,Pass,Successful,FirstHalf,2025-12-05 23:16:15.684766+00
2879333161,1903251,350,31,5,167,313171,10.3,76.1,,,,,,,"[{""type"":{""value"":56,""displayName"":""Zone""},""value"":""Back""}]",true,false,false,false,BallTouch,Successful,FirstHalf,2025-12-05 23:16:15.684766+00
2879333163,1903251,275,31,5,170,297395,88.5,14.6,88.3,21.8,,,,,"[{""type"":{""value"":140,""displayName"":""PassEndX""},""value"":""88.3""},{""type"":{""value"":212,""displayName"":""Length""},""value"":""4.9""},{""type"":{""value"":141,""displayName"":""PassEndY""},""value"":""21.8""},{""type"":{""value"":56,""displayName"":""Zone""},""value"":""Center""},{""type"":{""value"":2,""displayName"":""Cross""}},{""type"":{""value"":20,""displayName"":""RightFoot""}},{""type"":{""value"":213,""displayName"":""Angle""},""value"":""1.61""}]",true,false,false,false,Pass,Unsuccessful,FirstHalf,2025-12-05 23:16:15.684766+00
2879333169,1903251,351,31,6,167,313171,8.8,85.4,,,,,,,"[{""type"":{""value"":233,""displayName"":""OppositeRelatedEvent""},""value"":""276""},{""type"":{""value"":56,""displayName"":""Zone""},""value"":""Back""},{""type"":{""value"":73,""displayName"":""MissLeft""}}]",false,false,false,false,CornerAwarded,Unsuccessful,FirstHalf,2025-12-05 23:16:15.684766+00
2879333255,1903251,276,31,6,170,297395,91.2,14.6,,,,,,,"[{""type"":{""value"":233,""displayName"":""OppositeRelatedEvent""},""value"":""351""},{""type"":{""value"":75,""displayName"":""MissRight""}},{""type"":{""value"":56,""displayName"":""Zone""},""value"":""Right""}]",false,false,false,false,CornerAwarded,Successful,FirstHalf,2025-12-05 23:16:15.684766+00
2879333261,1903251,277,28,47,170,297395,41.5,11.6,,,,,,,"[{""type"":{""value"":56,""displayName"":""Zone""},""value"":""Back""}]",true,false,false,false,BallTouch,Successful,FirstHalf,2025-12-05 23:16:15.684766+00
2879333657,1903251,279,31,50,170,297395,99.6,0.7,84.8,48.8,,,,,"[{""type"":{""value"":20,""displayName"":""RightFoot""}},{""type"":{""value"":6,""displayName"":""CornerTaken""}},{""type"":{""value"":141,""displayName"":""PassEndY""},""value"":""48.8""},{""type"":{""value"":210,""displayName"":""ShotAssist""},""value"":""13""},{""type"":{""value"":212,""displayName"":""Length""},""value"":""36.2""},{""type"":{""value"":155,""displayName"":""Chipped""}},{""type"":{""value"":1,""displayName"":""Longball""}},{""type"":{""value"":2,""displayName"":""Cross""}},{""type"":{""value"":213,""displayName"":""Angle""},""value"":""2.01""},{""type"":{""value"":154,""displayName"":""IntentionalAssist""}},{""type"":{""value"":56,""displayName"":""Zone""},""value"":""Center""},{""type"":{""value"":140,""displayName"":""PassEndX""},""value"":""84.8""},{""type"":{""value"":11113,""displayName"":""KeyPass""}}]",true,false,false,false,Pass,Successful,FirstHalf,2025-12-05 23:16:15.684766+00
2879333659,1903251,280,31,52,170,363686,84.9,49.9,,,,,62.5,45.7,"[{""type"":{""value"":29,""displayName"":""Assisted""}},{""type"":{""value"":25,""displayName"":""FromCorner""}},{""type"":{""value"":154,""displayName"":""IntentionalAssist""}},{""type"":{""value"":55,""displayName"":""RelatedEventId""},""value"":""279""},{""type"":{""value"":17,""displayName"":""BoxCentre""}},{""type"":{""value"":74,""displayName"":""MissHigh""}},{""type"":{""value"":102,""displayName"":""GoalMouthY""},""value"":""45.7""},{""type"":{""value"":103,""displayName"":""GoalMouthZ""},""value"":""62.5""},{""type"":{""value"":56,""displayName"":""Zone""},""value"":""Center""},{""type"":{""value"":20,""displayName"":""RightFoot""}}]",true,true,false,false,MissedShots,Successful,FirstHalf,2025-12-05 23:16:15.684766+00
2879333995,1903251,353,32,19,167,262515,4.7,50.1,8.2,51.3,,,,,"[{""type"":{""value"":56,""displayName"":""Zone""},""value"":""Back""},{""type"":{""value"":124,""displayName"":""GoalKick""}},{""type"":{""value"":213,""displayName"":""Angle""},""value"":""0.22""},{""type"":{""value"":140,""displayName"":""PassEndX""},""value"":""8.2""},{""type"":{""value"":141,""displayName"":""PassEndY""},""value"":""51.3""},{""type"":{""value"":212,""displayName"":""Length""},""value"":""3.8""}]",true,false,false,false,Pass,Successful,FirstHalf,2025-12-05 23:16:15.684766+00
2879334047,1903251,354,32,21,167,422939,7.9,49.6,10.1,6.4,,,,,"[{""type"":{""value"":56,""displayName"":""Zone""},""value"":""Back""},{""type"":{""value"":213,""displayName"":""Angle""},""value"":""4.79""},{""type"":{""value"":212,""displayName"":""Length""},""value"":""29.5""},{""type"":{""value"":141,""displayName"":""PassEndY""},""value"":""6.4""},{""type"":{""value"":140,""displayName"":""PassEndX""},""value"":""10.1""}]",true,false,false,false,Pass,Successful,FirstHalf,2025-12-05 23:16:15.684766+00
2879334087,1903251,355,32,23,167,313171,11.1,4.4,64.1,18.6,,,,,"[{""type"":{""value"":56,""displayName"":""Zone""},""value"":""Right""},{""type"":{""value"":212,""displayName"":""Length""},""value"":""56.5""},{""type"":{""value"":213,""displayName"":""Angle""},""value"":""0.17""},{""type"":{""value"":1,""displayName"":""Longball""}},{""type"":{""value"":140,""displayName"":""PassEndX""},""value"":""64.1""},{""type"":{""value"":141,""displayName"":""PassEndY""},""value"":""18.6""}]",true,false,false,false,Pass,Unsuccessful,FirstHalf,2025-12-05 23:16:15.684766+00
2879334113,1903251,282,32,29,170,231135,39.2,78.8,,,,,,,[],false,false,false,false,BallRecovery,Successful,FirstHalf,2025-12-05 23:16:15.684766+00
2879334191,1903251,283,32,30,170,231135,37.4,77.3,39.7,61,,,,,"[{""type"":{""value"":213,""displayName"":""Angle""},""value"":""4.93""},{""type"":{""value"":212,""displayName"":""Length""},""value"":""11.3""},{""type"":{""value"":56,""displayName"":""Zone""},""value"":""Back""},{""type"":{""value"":140,""displayName"":""PassEndX""},""value"":""39.7""},{""type"":{""value"":141,""displayName"":""PassEndY""},""value"":""61.0""}]",true,false,false,false,Pass,Successful,FirstHalf,2025-12-05 23:16:15.684766+00
2879334231,1903251,284,32,34,170,321020,44.9,48.3,38.2,66.3,,,,,"[{""type"":{""value"":141,""displayName"":""PassEndY""},""value"":""66.3""},{""type"":{""value"":140,""displayName"":""PassEndX""},""value"":""38.2""},{""type"":{""value"":212,""displayName"":""Length""},""value"":""14.1""},{""type"":{""value"":213,""displayName"":""Angle""},""value"":""2.09""},{""type"":{""value"":56,""displayName"":""Zone""},""value"":""Back""}]",true,false,false,false,Pass,Successful,FirstHalf,2025-12-05 23:16:15.684766+00
2879334247,1903251,285,32,36,170,231135,38.3,64.5,46.9,66.9,,,,,"[{""type"":{""value"":141,""displayName"":""PassEndY""},""value"":""66.9""},{""type"":{""value"":56,""displayName"":""Zone""},""value"":""Back""},{""type"":{""value"":140,""displayName"":""PassEndX""},""value"":""46.9""},{""type"":{""value"":213,""displayName"":""Angle""},""value"":""0.18""},{""type"":{""value"":212,""displayName"":""Length""},""value"":""9.2""}]",true,false,false,false,Pass,Successful,FirstHalf,2025-12-05 23:16:15.684766+00
2879334255,1903251,286,32,38,170,363686,46.6,66.9,37.2,64.3,,,,,"[{""type"":{""value"":213,""displayName"":""Angle""},""value"":""3.32""},{""type"":{""value"":56,""displayName"":""Zone""},""value"":""Back""},{""type"":{""value"":140,""displayName"":""PassEndX""},""value"":""37.2""},{""type"":{""value"":212,""displayName"":""Length""},""value"":""10.0""},{""type"":{""value"":141,""displayName"":""PassEndY""},""value"":""64.3""}]",true,false,false,false,Pass,Successful,FirstHalf,2025-12-05 23:16:15.684766+00
2879334261,1903251,287,32,39,170,231135,36.7,64,37.2,49.5,,,,,"[{""type"":{""value"":213,""displayName"":""Angle""},""value"":""4.77""},{""type"":{""value"":212,""displayName"":""Length""},""value"":""9.9""},{""type"":{""value"":141,""displayName"":""PassEndY""},""value"":""49.5""},{""type"":{""value"":140,""displayName"":""PassEndX""},""value"":""37.2""},{""type"":{""value"":56,""displayName"":""Zone""},""value"":""Back""}]",true,false,false,false,Pass,Successful,FirstHalf,2025-12-05 23:16:15.684766+00
2879334291,1903251,288,32,40,170,321020,36.3,48.8,37.4,59.8,,,,,"[{""type"":{""value"":213,""displayName"":""Angle""},""value"":""1.42""},{""type"":{""value"":56,""displayName"":""Zone""},""value"":""Back""},{""type"":{""value"":212,""displayName"":""Length""},""value"":""7.6""},{""type"":{""value"":140,""displayName"":""PassEndX""},""value"":""37.4""},{""type"":{""value"":141,""displayName"":""PassEndY""},""value"":""59.8""}]",true,false,false,false,Pass,Successful,FirstHalf,2025-12-05 23:16:15.684766+00
2879334317,1903251,289,32,41,170,363686,37.4,59.8,31.3,66.9,,,,,"[{""type"":{""value"":140,""displayName"":""PassEndX""},""value"":""31.3""},{""type"":{""value"":56,""displayName"":""Zone""},""value"":""Back""},{""type"":{""value"":213,""displayName"":""Angle""},""value"":""2.50""},{""type"":{""value"":212,""displayName"":""Length""},""value"":""8.0""},{""type"":{""value"":156,""displayName"":""LayOff""}},{""type"":{""value"":141,""displayName"":""PassEndY""},""value"":""66.9""}]",true,false,false,false,Pass,Successful,FirstHalf,2025-12-05 23:16:15.684766+00
2879334323,1903251,290,32,43,170,231135,31,67.2,55,77,,,,,"[{""type"":{""value"":212,""displayName"":""Length""},""value"":""26.1""},{""type"":{""value"":213,""displayName"":""Angle""},""value"":""0.26""},{""type"":{""value"":56,""displayName"":""Zone""},""value"":""Center""},{""type"":{""value"":140,""displayName"":""PassEndX""},""value"":""55.0""},{""type"":{""value"":141,""displayName"":""PassEndY""},""value"":""77.0""}]",true,false,false,false,Pass,Successful,FirstHalf,2025-12-05 23:16:15.684766+00
2879334333,1903251,291,32,44,170,322611,57,77,53.8,72.6,,,,,"[{""type"":{""value"":140,""displayName"":""PassEndX""},""value"":""53.8""},{""type"":{""value"":141,""displayName"":""PassEndY""},""value"":""72.6""},{""type"":{""value"":56,""displayName"":""Zone""},""value"":""Center""},{""type"":{""value"":213,""displayName"":""Angle""},""value"":""3.87""},{""type"":{""value"":212,""displayName"":""Length""},""value"":""4.5""}]",true,false,false,false,Pass,Successful,FirstHalf,2025-12-05 23:16:15.684766+00
2879334385,1903251,292,32,45,170,363686,54.5,72.6,63.4,97.2,,,,,"[{""type"":{""value"":141,""displayName"":""PassEndY""},""value"":""97.2""},{""type"":{""value"":140,""displayName"":""PassEndX""},""value"":""63.4""},{""type"":{""value"":56,""displayName"":""Zone""},""value"":""Left""},{""type"":{""value"":212,""displayName"":""Length""},""value"":""19.2""},{""type"":{""value"":213,""displayName"":""Angle""},""value"":""1.06""}]",true,false,false,false,Pass,Successful,FirstHalf,2025-12-05 23:16:15.684766+00
2879334435,1903251,293,32,48,170,136824,63.6,83.5,68.3,60.9,,,,,"[{""type"":{""value"":56,""displayName"":""Zone""},""value"":""Center""},{""type"":{""value"":212,""displayName"":""Length""},""value"":""16.1""},{""type"":{""value"":213,""displayName"":""Angle""},""value"":""5.02""},{""type"":{""value"":141,""displayName"":""PassEndY""},""value"":""60.9""},{""type"":{""value"":140,""displayName"":""PassEndX""},""value"":""68.3""}]",true,false,false,false,Pass,Successful,FirstHalf,2025-12-05 23:16:15.684766+00
2879334481,1903251,294,32,51,170,108186,68.7,51.7,85.2,22.1,,,,,"[{""type"":{""value"":141,""displayName"":""PassEndY""},""value"":""22.1""},{""type"":{""value"":140,""displayName"":""PassEndX""},""value"":""85.2""},{""type"":{""value"":212,""displayName"":""Length""},""value"":""26.6""},{""type"":{""value"":56,""displayName"":""Zone""},""value"":""Center""},{""type"":{""value"":213,""displayName"":""Angle""},""value"":""5.42""}]",true,false,false,false,Pass,Successful,FirstHalf,2025-12-05 23:16:15.684766+00
2879334531,1903251,295,32,54,170,333044,82.7,18.8,91.1,49.7,,,,,"[{""type"":{""value"":72,""displayName"":""LeftFoot""}},{""type"":{""value"":141,""displayName"":""PassEndY""},""value"":""49.7""},{""type"":{""value"":140,""displayName"":""PassEndX""},""value"":""91.1""},{""type"":{""value"":56,""displayName"":""Zone""},""value"":""Center""},{""type"":{""value"":213,""displayName"":""Angle""},""value"":""1.17""},{""type"":{""value"":212,""displayName"":""Length""},""value"":""22.8""},{""type"":{""value"":155,""displayName"":""Chipped""}},{""type"":{""value"":2,""displayName"":""Cross""}}]",true,false,false,false,Pass,Unsuccessful,FirstHalf,2025-12-05 23:16:15.684766+00
2879334539,1903251,296,32,56,170,108186,91.1,49.7,,,,,,,"[{""type"":{""value"":233,""displayName"":""OppositeRelatedEvent""},""value"":""359""},{""type"":{""value"":56,""displayName"":""Zone""},""value"":""Center""},{""type"":{""value"":286,""displayName"":""Offensive""}}]",false,false,false,false,Aerial,Unsuccessful,FirstHalf,2025-12-05 23:16:15.684766+00
2879334555,1903251,356,32,57,167,313171,8.9,50.3,19.6,46.6,,,,,"[{""type"":{""value"":213,""displayName"":""Angle""},""value"":""6.06""},{""type"":{""value"":212,""displayName"":""Length""},""value"":""11.5""},{""type"":{""value"":141,""displayName"":""PassEndY""},""value"":""46.6""},{""type"":{""value"":56,""displayName"":""Zone""},""value"":""Back""},{""type"":{""value"":140,""displayName"":""PassEndX""},""value"":""19.6""},{""type"":{""value"":15,""displayName"":""Head""}}]",true,false,false,false,Clearance,Successful,FirstHalf,2025-12-05 23:16:15.684766+00
2879334571,1903251,357,32,59,167,343382,23.5,48.2,,,,,,,[],false,false,false,false,BallRecovery,Successful,FirstHalf,2025-12-05 23:16:15.684766+00
2879334595,1903251,358,33,0,167,343382,24.9,50,45.8,74.1,,,,,"[{""type"":{""value"":213,""displayName"":""Angle""},""value"":""0.64""},{""type"":{""value"":56,""displayName"":""Zone""},""value"":""Back""},{""type"":{""value"":140,""displayName"":""PassEndX""},""value"":""45.8""},{""type"":{""value"":141,""displayName"":""PassEndY""},""value"":""74.1""},{""type"":{""value"":212,""displayName"":""Length""},""value"":""27.4""}]",true,false,false,false,Pass,Unsuccessful,FirstHalf,2025-12-05 23:16:15.684766+00
2879334623,1903251,297,33,3,170,333044,55.4,26.3,,,,,,,[],false,false,false,false,BallRecovery,Successful,FirstHalf,2025-12-05 23:16:15.684766+00
2879334643,1903251,298,33,3,170,333044,55.4,26.3,47.9,45.9,,,,,"[{""type"":{""value"":213,""displayName"":""Angle""},""value"":""2.10""},{""type"":{""value"":212,""displayName"":""Length""},""value"":""15.5""},{""type"":{""value"":140,""displayName"":""PassEndX""},""value"":""47.9""},{""type"":{""value"":56,""displayName"":""Zone""},""value"":""Back""},{""type"":{""value"":141,""displayName"":""PassEndY""},""value"":""45.9""}]",true,false,false,false,Pass,Successful,FirstHalf,2025-12-05 23:16:15.684766+00
2879334675,1903251,359,32,56,167,313171,8.9,50.3,,,,,,,"[{""type"":{""value"":285,""displayName"":""Defensive""}},{""type"":{""value"":233,""displayName"":""OppositeRelatedEvent""},""value"":""296""},{""type"":{""value"":56,""displayName"":""Zone""},""value"":""Back""}]",false,false,false,false,Aerial,Successful,FirstHalf,2025-12-05 23:16:15.684766+00
2879334711,1903251,299,33,4,170,231135,47.6,45.5,55.8,48.6,,,,,"[{""type"":{""value"":140,""displayName"":""PassEndX""},""value"":""55.8""},{""type"":{""value"":141,""displayName"":""PassEndY""},""value"":""48.6""},{""type"":{""value"":56,""displayName"":""Zone""},""value"":""Center""},{""type"":{""value"":212,""displayName"":""Length""},""value"":""8.9""},{""type"":{""value"":213,""displayName"":""Angle""},""value"":""0.24""}]",true,false,false,false,Pass,Successful,FirstHalf,2025-12-05 23:16:15.684766+00
2879336153,1903251,363,34,22,167,468847,51.4,96.9,,,,,,,"[{""type"":{""value"":285,""displayName"":""Defensive""}},{""type"":{""value"":56,""displayName"":""Zone""},""value"":""Left""},{""type"":{""value"":233,""displayName"":""OppositeRelatedEvent""},""value"":""305""}]",true,false,false,false,BlockedPass,Successful,FirstHalf,2025-12-05 23:16:15.684766+00
2879336247,1903251,305,34,22,170,333044,46.3,3.7,48.6,3.1,,,,,"[{""type"":{""value"":233,""displayName"":""OppositeRelatedEvent""},""value"":""363""},{""type"":{""value"":141,""displayName"":""PassEndY""},""value"":""3.1""},{""type"":{""value"":286,""displayName"":""Offensive""}},{""type"":{""value"":140,""displayName"":""PassEndX""},""value"":""48.6""},{""type"":{""value"":56,""displayName"":""Zone""},""value"":""Back""},{""type"":{""value"":213,""displayName"":""Angle""},""value"":""6.12""},{""type"":{""value"":212,""displayName"":""Length""},""value"":""2.4""}]",true,false,false,false,Pass,Unsuccessful,FirstHalf,2025-12-05 23:16:15.684766+00
2879336521,1903251,307,34,43,170,145996,45.8,0,46.8,9.5,,,,,"[{""type"":{""value"":141,""displayName"":""PassEndY""},""value"":""9.5""},{""type"":{""value"":56,""displayName"":""Zone""},""value"":""Back""},{""type"":{""value"":140,""displayName"":""PassEndX""},""value"":""46.8""},{""type"":{""value"":212,""displayName"":""Length""},""value"":""7.1""},{""type"":{""value"":213,""displayName"":""Angle""},""value"":""1.42""},{""type"":{""value"":107,""displayName"":""ThrowIn""}}]",true,false,false,false,Pass,Successful,FirstHalf,2025-12-05 23:16:15.684766+00
2879336527,1903251,308,34,44,170,333044,46.8,9.5,44,4.8,,,,,"[{""type"":{""value"":156,""displayName"":""LayOff""}},{""type"":{""value"":212,""displayName"":""Length""},""value"":""4.3""},{""type"":{""value"":140,""displayName"":""PassEndX""},""value"":""44.0""},{""type"":{""value"":141,""displayName"":""PassEndY""},""value"":""4.8""},{""type"":{""value"":56,""displayName"":""Zone""},""value"":""Back""},{""type"":{""value"":213,""displayName"":""Angle""},""value"":""3.97""}]",true,false,false,false,Pass,Successful,FirstHalf,2025-12-05 23:16:15.684766+00
2879336571,1903251,309,34,44,170,145996,44,4.8,41.7,11.6,,,,,"[{""type"":{""value"":56,""displayName"":""Zone""},""value"":""Back""},{""type"":{""value"":213,""displayName"":""Angle""},""value"":""2.05""},{""type"":{""value"":140,""displayName"":""PassEndX""},""value"":""41.7""},{""type"":{""value"":141,""displayName"":""PassEndY""},""value"":""11.6""},{""type"":{""value"":212,""displayName"":""Length""},""value"":""5.2""}]",true,false,false,false,Pass,Successful,FirstHalf,2025-12-05 23:16:15.684766+00
2879336583,1903251,310,34,46,170,321020,42.2,12.6,54.6,12.3,,,,,"[{""type"":{""value"":141,""displayName"":""PassEndY""},""value"":""12.3""},{""type"":{""value"":140,""displayName"":""PassEndX""},""value"":""54.6""},{""type"":{""value"":212,""displayName"":""Length""},""value"":""13.0""},{""type"":{""value"":213,""displayName"":""Angle""},""value"":""6.27""},{""type"":{""value"":56,""displayName"":""Zone""},""value"":""Right""}]",true,false,false,false,Pass,Successful,FirstHalf,2025-12-05 23:16:15.684766+00
2879336637,1903251,311,34,48,170,297395,54.6,12.3,39,6,,,,,"[{""type"":{""value"":212,""displayName"":""Length""},""value"":""16.9""},{""type"":{""value"":213,""displayName"":""Angle""},""value"":""3.40""},{""type"":{""value"":141,""displayName"":""PassEndY""},""value"":""6.0""},{""type"":{""value"":140,""displayName"":""PassEndX""},""value"":""39.0""},{""type"":{""value"":56,""displayName"":""Zone""},""value"":""Back""}]",true,false,false,false,Pass,Successful,FirstHalf,2025-12-05 23:16:15.684766+00
2879336671,1903251,312,34,50,170,145996,37.2,7,29.5,30.1,,,,,"[{""type"":{""value"":56,""displayName"":""Zone""},""value"":""Back""},{""type"":{""value"":213,""displayName"":""Angle""},""value"":""2.05""},{""type"":{""value"":140,""displayName"":""PassEndX""},""value"":""29.5""},{""type"":{""value"":141,""displayName"":""PassEndY""},""value"":""30.1""},{""type"":{""value"":212,""displayName"":""Length""},""value"":""17.7""}]",true,false,false,false,Pass,Successful,FirstHalf,2025-12-05 23:16:15.684766+00
2879336707,1903251,313,34,52,170,231135,29.5,30.7,38.5,22.7,,,,,"[{""type"":{""value"":212,""displayName"":""Length""},""value"":""10.9""},{""type"":{""value"":213,""displayName"":""Angle""},""value"":""5.76""},{""type"":{""value"":140,""displayName"":""PassEndX""},""value"":""38.5""},{""type"":{""value"":141,""displayName"":""PassEndY""},""value"":""22.7""},{""type"":{""value"":56,""displayName"":""Zone""},""value"":""Back""}]",true,false,false,false,Pass,Successful,FirstHalf,2025-12-05 23:16:15.684766+00
2879336743,1903251,314,34,54,170,297395,38.5,22.4,32.4,9.6,,,,,"[{""type"":{""value"":56,""displayName"":""Zone""},""value"":""Back""},{""type"":{""value"":213,""displayName"":""Angle""},""value"":""4.08""},{""type"":{""value"":212,""displayName"":""Length""},""value"":""10.8""},{""type"":{""value"":141,""displayName"":""PassEndY""},""value"":""9.6""},{""type"":{""value"":140,""displayName"":""PassEndX""},""value"":""32.4""}]",true,false,false,false,Pass,Successful,FirstHalf,2025-12-05 23:16:15.684766+00
2879336773,1903251,315,34,55,170,145996,32.4,9.6,38.1,7.9,,,,,"[{""type"":{""value"":56,""displayName"":""Zone""},""value"":""Back""},{""type"":{""value"":213,""displayName"":""Angle""},""value"":""6.09""},{""type"":{""value"":212,""displayName"":""Length""},""value"":""6.1""},{""type"":{""value"":141,""displayName"":""PassEndY""},""value"":""7.9""},{""type"":{""value"":140,""displayName"":""PassEndX""},""value"":""38.1""}]",true,false,false,false,Pass,Successful,FirstHalf,2025-12-05 23:16:15.684766+00
2879336775,1903251,316,34,56,170,333044,37.6,8.1,39.7,12.3,,,,,"[{""type"":{""value"":212,""displayName"":""Length""},""value"":""3.6""},{""type"":{""value"":141,""displayName"":""PassEndY""},""value"":""12.3""},{""type"":{""value"":233,""displayName"":""OppositeRelatedEvent""},""value"":""368""},{""type"":{""value"":140,""displayName"":""PassEndX""},""value"":""39.7""},{""type"":{""value"":213,""displayName"":""Angle""},""value"":""0.91""},{""type"":{""value"":56,""displayName"":""Zone""},""value"":""Back""},{""type"":{""value"":286,""displayName"":""Offensive""}}]",true,false,false,false,Pass,Unsuccessful,FirstHalf,2025-12-05 23:16:15.684766+00
2879336799,1903251,368,34,56,167,468847,60.3,87.7,,,,,,,"[{""type"":{""value"":233,""displayName"":""OppositeRelatedEvent""},""value"":""316""},{""type"":{""value"":285,""displayName"":""Defensive""}},{""type"":{""value"":56,""displayName"":""Zone""},""value"":""Left""}]",true,false,false,false,BlockedPass,Successful,FirstHalf,2025-12-05 23:16:15.684766+00
2879336821,1903251,369,34,59,167,388098,74.9,78.2,,,,,,,[],false,false,false,false,BallRecovery,Successful,FirstHalf,2025-12-05 23:16:15.684766+00
2879336979,1903251,371,35,6,167,388098,97.7,95.9,87,96.2,,,,,"[{""type"":{""value"":212,""displayName"":""Length""},""value"":""11.2""},{""type"":{""value"":213,""displayName"":""Angle""},""value"":""3.12""},{""type"":{""value"":141,""displayName"":""PassEndY""},""value"":""96.2""},{""type"":{""value"":56,""displayName"":""Zone""},""value"":""Left""},{""type"":{""value"":140,""displayName"":""PassEndX""},""value"":""87.0""}]",true,false,false,false,Pass,Successful,FirstHalf,2025-12-05 23:16:15.684766+00
2879337003,1903251,372,35,9,167,468847,86.5,95.6,75.6,82.6,,,,,"[{""type"":{""value"":140,""displayName"":""PassEndX""},""value"":""75.6""},{""type"":{""value"":56,""displayName"":""Zone""},""value"":""Left""},{""type"":{""value"":141,""displayName"":""PassEndY""},""value"":""82.6""},{""type"":{""value"":212,""displayName"":""Length""},""value"":""14.5""},{""type"":{""value"":213,""displayName"":""Angle""},""value"":""3.80""}]",true,false,false,false,Pass,Successful,FirstHalf,2025-12-05 23:16:15.684766+00
2879337097,1903251,373,35,12,167,422939,71.2,81.1,61.5,74.5,,,,,"[{""type"":{""value"":56,""displayName"":""Zone""},""value"":""Center""},{""type"":{""value"":213,""displayName"":""Angle""},""value"":""3.56""},{""type"":{""value"":140,""displayName"":""PassEndX""},""value"":""61.5""},{""type"":{""value"":141,""displayName"":""PassEndY""},""value"":""74.5""},{""type"":{""value"":212,""displayName"":""Length""},""value"":""11.1""}]",true,false,false,false,Pass,Successful,FirstHalf,2025-12-05 23:16:15.684766+00
2879337261,1903251,374,35,14,167,402664,59.9,69.6,62.9,24,,,,,"[{""type"":{""value"":212,""displayName"":""Length""},""value"":""31.2""},{""type"":{""value"":141,""displayName"":""PassEndY""},""value"":""24.0""},{""type"":{""value"":140,""displayName"":""PassEndX""},""value"":""62.9""},{""type"":{""value"":213,""displayName"":""Angle""},""value"":""4.81""},{""type"":{""value"":56,""displayName"":""Zone""},""value"":""Center""}]",true,false,false,false,Pass,Successful,FirstHalf,2025-12-05 23:16:15.684766+00
2879337289,1903251,375,35,23,167,394933,61.6,16.2,57.9,25.8,,,,,"[{""type"":{""value"":56,""displayName"":""Zone""},""value"":""Center""},{""type"":{""value"":213,""displayName"":""Angle""},""value"":""2.11""},{""type"":{""value"":141,""displayName"":""PassEndY""},""value"":""25.8""},{""type"":{""value"":212,""displayName"":""Length""},""value"":""7.6""},{""type"":{""value"":140,""displayName"":""PassEndX""},""value"":""57.9""}]",true,false,false,false,Pass,Successful,FirstHalf,2025-12-05 23:16:15.684766+00
2879337337,1903251,376,35,24,167,136741,56.7,25.3,52.5,15.5,,,,,"[{""type"":{""value"":212,""displayName"":""Length""},""value"":""8.0""},{""type"":{""value"":141,""displayName"":""PassEndY""},""value"":""15.5""},{""type"":{""value"":213,""displayName"":""Angle""},""value"":""4.13""},{""type"":{""value"":56,""displayName"":""Zone""},""value"":""Right""},{""type"":{""value"":140,""displayName"":""PassEndX""},""value"":""52.5""}]",true,false,false,false,Pass,Successful,FirstHalf,2025-12-05 23:16:15.684766+00
2879337441,1903251,377,35,26,167,331254,49.6,16.8,41.7,59.1,,,,,"[{""type"":{""value"":140,""displayName"":""PassEndX""},""value"":""41.7""},{""type"":{""value"":141,""displayName"":""PassEndY""},""value"":""59.1""},{""type"":{""value"":56,""displayName"":""Zone""},""value"":""Back""},{""type"":{""value"":213,""displayName"":""Angle""},""value"":""1.85""},{""type"":{""value"":212,""displayName"":""Length""},""value"":""29.9""}]",true,false,false,false,Pass,Successful,FirstHalf,2025-12-05 23:16:15.684766+00
2879337519,1903251,378,35,29,167,402664,43.8,63.7,63.3,96.3,,,,,"[{""type"":{""value"":56,""displayName"":""Zone""},""value"":""Left""},{""type"":{""value"":140,""displayName"":""PassEndX""},""value"":""63.3""},{""type"":{""value"":213,""displayName"":""Angle""},""value"":""0.83""},{""type"":{""value"":141,""displayName"":""PassEndY""},""value"":""96.3""},{""type"":{""value"":212,""displayName"":""Length""},""value"":""30.2""}]",true,false,false,false,Pass,Successful,FirstHalf,2025-12-05 23:16:15.684766+00
2879337541,1903251,379,35,33,167,388098,65.5,93.5,67.5,76.6,,,,,"[{""type"":{""value"":141,""displayName"":""PassEndY""},""value"":""76.6""},{""type"":{""value"":212,""displayName"":""Length""},""value"":""11.7""},{""type"":{""value"":213,""displayName"":""Angle""},""value"":""4.89""},{""type"":{""value"":56,""displayName"":""Zone""},""value"":""Center""},{""type"":{""value"":140,""displayName"":""PassEndX""},""value"":""67.5""}]",true,false,false,false,Pass,Unsuccessful,FirstHalf,2025-12-05 23:16:15.684766+00
2879337567,1903251,320,35,35,170,333044,38.5,22.4,,,,,,,[],false,false,false,false,BallRecovery,Successful,FirstHalf,2025-12-05 23:16:15.684766+00
2879337589,1903251,321,35,36,170,333044,38.5,22.4,39.9,35.7,,,,,"[{""type"":{""value"":213,""displayName"":""Angle""},""value"":""1.41""},{""type"":{""value"":141,""displayName"":""PassEndY""},""value"":""35.7""},{""type"":{""value"":140,""displayName"":""PassEndX""},""value"":""39.9""},{""type"":{""value"":212,""displayName"":""Length""},""value"":""9.2""},{""type"":{""value"":56,""displayName"":""Zone""},""value"":""Back""}]",true,false,false,false,Pass,Successful,FirstHalf,2025-12-05 23:16:15.684766+00
2879337635,1903251,322,35,36,170,363686,39.9,36.9,26,32.4,,,,,"[{""type"":{""value"":212,""displayName"":""Length""},""value"":""14.9""},{""type"":{""value"":141,""displayName"":""PassEndY""},""value"":""32.4""},{""type"":{""value"":140,""displayName"":""PassEndX""},""value"":""26.0""},{""type"":{""value"":213,""displayName"":""Angle""},""value"":""3.35""},{""type"":{""value"":56,""displayName"":""Zone""},""value"":""Back""}]",true,false,false,false,Pass,Successful,FirstHalf,2025-12-05 23:16:15.684766+00
2879337667,1903251,323,35,39,170,231135,23.8,31.2,30.8,25,,,,,"[{""type"":{""value"":213,""displayName"":""Angle""},""value"":""5.76""},{""type"":{""value"":56,""displayName"":""Zone""},""value"":""Back""},{""type"":{""value"":141,""displayName"":""PassEndY""},""value"":""25.0""},{""type"":{""value"":140,""displayName"":""PassEndX""},""value"":""30.8""},{""type"":{""value"":212,""displayName"":""Length""},""value"":""8.5""}]",true,false,false,false,Pass,Successful,FirstHalf,2025-12-05 23:16:15.684766+00
2879337697,1903251,324,35,41,170,297395,30,28.1,19.7,30,,,,,"[{""type"":{""value"":212,""displayName"":""Length""},""value"":""10.9""},{""type"":{""value"":213,""displayName"":""Angle""},""value"":""3.02""},{""type"":{""value"":141,""displayName"":""PassEndY""},""value"":""30.0""},{""type"":{""value"":56,""displayName"":""Zone""},""value"":""Back""},{""type"":{""value"":140,""displayName"":""PassEndX""},""value"":""19.7""}]",true,false,false,false,Pass,Successful,FirstHalf,2025-12-05 23:16:15.684766+00
2879337709,1903251,325,35,43,170,231135,19.7,30,28.7,28.3,,,,,"[{""type"":{""value"":141,""displayName"":""PassEndY""},""value"":""28.3""},{""type"":{""value"":140,""displayName"":""PassEndX""},""value"":""28.7""},{""type"":{""value"":212,""displayName"":""Length""},""value"":""9.5""},{""type"":{""value"":213,""displayName"":""Angle""},""value"":""6.16""},{""type"":{""value"":56,""displayName"":""Zone""},""value"":""Back""}]",true,false,false,false,Pass,Successful,FirstHalf,2025-12-05 23:16:15.684766+00
2879337765,1903251,326,35,44,170,297395,26.2,29,27.9,40.2,,,,,"[{""type"":{""value"":140,""displayName"":""PassEndX""},""value"":""27.9""},{""type"":{""value"":141,""displayName"":""PassEndY""},""value"":""40.2""},{""type"":{""value"":213,""displayName"":""Angle""},""value"":""1.34""},{""type"":{""value"":212,""displayName"":""Length""},""value"":""7.8""},{""type"":{""value"":56,""displayName"":""Zone""},""value"":""Back""}]",true,false,false,false,Pass,Successful,FirstHalf,2025-12-05 23:16:15.684766+00
2879337815,1903251,327,35,46,170,363686,28,47.1,18.2,73.2,,,,,"[{""type"":{""value"":56,""displayName"":""Zone""},""value"":""Back""},{""type"":{""value"":140,""displayName"":""PassEndX""},""value"":""18.2""},{""type"":{""value"":141,""displayName"":""PassEndY""},""value"":""73.2""},{""type"":{""value"":213,""displayName"":""Angle""},""value"":""2.10""},{""type"":{""value"":212,""displayName"":""Length""},""value"":""20.5""}]",true,false,false,false,Pass,Successful,FirstHalf,2025-12-05 23:16:15.684766+00
2879337857,1903251,328,35,48,170,396976,18.7,78.5,24.2,87.7,,,,,"[{""type"":{""value"":140,""displayName"":""PassEndX""},""value"":""24.2""},{""type"":{""value"":56,""displayName"":""Zone""},""value"":""Back""},{""type"":{""value"":141,""displayName"":""PassEndY""},""value"":""87.7""},{""type"":{""value"":212,""displayName"":""Length""},""value"":""8.5""},{""type"":{""value"":213,""displayName"":""Angle""},""value"":""0.83""}]",true,false,false,false,Pass,Successful,FirstHalf,2025-12-05 23:16:15.684766+00
2879337895,1903251,329,35,50,170,136824,25.4,87.7,33.1,94.2,,,,,"[{""type"":{""value"":212,""displayName"":""Length""},""value"":""9.2""},{""type"":{""value"":141,""displayName"":""PassEndY""},""value"":""94.2""},{""type"":{""value"":213,""displayName"":""Angle""},""value"":""0.50""},{""type"":{""value"":140,""displayName"":""PassEndX""},""value"":""33.1""},{""type"":{""value"":56,""displayName"":""Zone""},""value"":""Back""}]",true,false,false,false,Pass,Successful,FirstHalf,2025-12-05 23:16:15.684766+00
2879337917,1903251,380,35,53,167,422939,67.8,16.4,,,,,,,"[{""type"":{""value"":56,""displayName"":""Zone""},""value"":""Right""}]",true,false,false,false,Interception,Successful,FirstHalf,2025-12-05 23:16:15.684766+00
2879337927,1903251,330,35,52,170,322611,33.1,94.2,32.2,83.6,,,,,"[{""type"":{""value"":141,""displayName"":""PassEndY""},""value"":""83.6""},{""type"":{""value"":140,""displayName"":""PassEndX""},""value"":""32.2""},{""type"":{""value"":213,""displayName"":""Angle""},""value"":""4.58""},{""type"":{""value"":212,""displayName"":""Length""},""value"":""7.3""},{""type"":{""value"":56,""displayName"":""Zone""},""value"":""Back""}]",true,false,false,false,Pass,Unsuccessful,FirstHalf,2025-12-05 23:16:15.684766+00
2879337941,1903251,381,35,54,167,315227,76.8,24.7,,,,,,,[],false,false,false,false,BallRecovery,Successful,FirstHalf,2025-12-05 23:16:15.684766+00
2879338095,1903251,382,35,55,167,315227,77,26.4,78,48.4,,,,,"[{""type"":{""value"":212,""displayName"":""Length""},""value"":""15.0""},{""type"":{""value"":213,""displayName"":""Angle""},""value"":""1.50""},{""type"":{""value"":56,""displayName"":""Zone""},""value"":""Center""},{""type"":{""value"":140,""displayName"":""PassEndX""},""value"":""78.0""},{""type"":{""value"":141,""displayName"":""PassEndY""},""value"":""48.4""}]",true,false,false,false,Pass,Successful,FirstHalf,2025-12-05 23:16:15.684766+00
2879338167,1903251,383,36,0,167,343382,79.5,60.9,92.4,58.5,,,,,"[{""type"":{""value"":212,""displayName"":""Length""},""value"":""13.6""},{""type"":{""value"":141,""displayName"":""PassEndY""},""value"":""58.5""},{""type"":{""value"":140,""displayName"":""PassEndX""},""value"":""92.4""},{""type"":{""value"":213,""displayName"":""Angle""},""value"":""6.16""},{""type"":{""value"":155,""displayName"":""Chipped""}},{""type"":{""value"":56,""displayName"":""Zone""},""value"":""Center""},{""type"":{""value"":210,""displayName"":""ShotAssist""},""value"":""15""},{""type"":{""value"":154,""displayName"":""IntentionalAssist""}},{""type"":{""value"":4,""displayName"":""Throughball""}},{""type"":{""value"":11113,""displayName"":""KeyPass""}}]",true,false,false,false,Pass,Successful,FirstHalf,2025-12-05 23:16:15.684766+00
2879338171,1903251,384,36,3,167,388098,92.4,58.5,,,94.1,56.8,19,51,"[{""type"":{""value"":103,""displayName"":""GoalMouthZ""},""value"":""19""},{""type"":{""value"":56,""displayName"":""Zone""},""value"":""Center""},{""type"":{""value"":146,""displayName"":""BlockedX""},""value"":""94.1""},{""type"":{""value"":78,""displayName"":""LowCentre""}},{""type"":{""value"":147,""displayName"":""BlockedY""},""value"":""56.8""},{""type"":{""value"":22,""displayName"":""RegularPlay""}},{""type"":{""value"":82,""displayName"":""Blocked""}},{""type"":{""value"":17,""displayName"":""BoxCentre""}},{""type"":{""value"":328,""displayName"":""FirstTouch""}},{""type"":{""value"":55,""displayName"":""RelatedEventId""},""value"":""383""},{""type"":{""value"":102,""displayName"":""GoalMouthY""},""value"":""51.0""},{""type"":{""value"":29,""displayName"":""Assisted""}},{""type"":{""value"":20,""displayName"":""RightFoot""}},{""type"":{""value"":108,""displayName"":""Volley""}},{""type"":{""value"":154,""displayName"":""IntentionalAssist""}},{""type"":{""value"":233,""displayName"":""OppositeRelatedEvent""},""value"":""331""}]",true,true,false,false,SavedShot,Successful,FirstHalf,2025-12-05 23:16:15.684766+00
2879338197,1903251,385,36,4,167,315227,92.7,53,,,94.3,52.7,19,51.8,"[{""type"":{""value"":328,""displayName"":""FirstTouch""}},{""type"":{""value"":22,""displayName"":""RegularPlay""}},{""type"":{""value"":72,""displayName"":""LeftFoot""}},{""type"":{""value"":100,""displayName"":""SixYardBlock""}},{""type"":{""value"":102,""displayName"":""GoalMouthY""},""value"":""51.8""},{""type"":{""value"":103,""displayName"":""GoalMouthZ""},""value"":""19""},{""type"":{""value"":56,""displayName"":""Zone""},""value"":""Center""},{""type"":{""value"":17,""displayName"":""BoxCentre""}},{""type"":{""value"":233,""displayName"":""OppositeRelatedEvent""},""value"":""332""},{""type"":{""value"":76,""displayName"":""LowLeft""}},{""type"":{""value"":146,""displayName"":""BlockedX""},""value"":""94.3""},{""type"":{""value"":147,""displayName"":""BlockedY""},""value"":""52.7""},{""type"":{""value"":82,""displayName"":""Blocked""}}]",true,true,false,false,SavedShot,Successful,FirstHalf,2025-12-05 23:16:15.684766+00
2879338203,1903251,331,36,3,170,396976,6.6,44.4,,,,,,,"[{""type"":{""value"":56,""displayName"":""Zone""},""value"":""Back""},{""type"":{""value"":233,""displayName"":""OppositeRelatedEvent""},""value"":""384""},{""type"":{""value"":94,""displayName"":""OutfielderBlock""}}]",true,false,false,false,Save,Successful,FirstHalf,2025-12-05 23:16:15.684766+00
2879338255,1903251,332,36,4,170,321020,5.9,48.6,,,,,,,"[{""type"":{""value"":56,""displayName"":""Zone""},""value"":""Back""},{""type"":{""value"":94,""displayName"":""OutfielderBlock""}},{""type"":{""value"":233,""displayName"":""OppositeRelatedEvent""},""value"":""385""}]",true,false,false,false,Save,Successful,FirstHalf,2025-12-05 23:16:15.684766+00
2879338653,1903251,387,36,21,167,468847,81.6,100,94.4,84.2,,,,,"[{""type"":{""value"":213,""displayName"":""Angle""},""value"":""5.60""},{""type"":{""value"":141,""displayName"":""PassEndY""},""value"":""84.2""},{""type"":{""value"":212,""displayName"":""Length""},""value"":""17.4""},{""type"":{""value"":56,""displayName"":""Zone""},""value"":""Left""},{""type"":{""value"":140,""displayName"":""PassEndX""},""value"":""94.4""},{""type"":{""value"":107,""displayName"":""ThrowIn""}}]",true,false,false,false,Pass,Successful,FirstHalf,2025-12-05 23:16:15.684766+00
2879338701,1903251,388,36,23,167,388098,95.4,83.4,89.7,95.5,,,,,"[{""type"":{""value"":56,""displayName"":""Zone""},""value"":""Left""},{""type"":{""value"":212,""displayName"":""Length""},""value"":""10.2""},{""type"":{""value"":213,""displayName"":""Angle""},""value"":""2.20""},{""type"":{""value"":140,""displayName"":""PassEndX""},""value"":""89.7""},{""type"":{""value"":141,""displayName"":""PassEndY""},""value"":""95.5""}]",true,false,false,false,Pass,Successful,FirstHalf,2025-12-05 23:16:15.684766+00
2879338769,1903251,389,36,32,167,468847,72.1,86.8,56.3,92.3,,,,,"[{""type"":{""value"":212,""displayName"":""Length""},""value"":""17.0""},{""type"":{""value"":213,""displayName"":""Angle""},""value"":""2.92""},{""type"":{""value"":56,""displayName"":""Zone""},""value"":""Left""},{""type"":{""value"":140,""displayName"":""PassEndX""},""value"":""56.3""},{""type"":{""value"":141,""displayName"":""PassEndY""},""value"":""92.3""}]",true,false,false,false,Pass,Successful,FirstHalf,2025-12-05 23:16:15.684766+00
2879338877,1903251,390,36,34,167,402664,54.1,90.3,44.3,55.5,,,,,"[{""type"":{""value"":140,""displayName"":""PassEndX""},""value"":""44.3""},{""type"":{""value"":212,""displayName"":""Length""},""value"":""25.8""},{""type"":{""value"":141,""displayName"":""PassEndY""},""value"":""55.5""},{""type"":{""value"":213,""displayName"":""Angle""},""value"":""4.30""},{""type"":{""value"":56,""displayName"":""Zone""},""value"":""Back""}]",true,false,false,false,Pass,Successful,FirstHalf,2025-12-05 23:16:15.684766+00
2879338927,1903251,391,36,40,167,313171,53.9,42.7,68.3,51,,,,,"[{""type"":{""value"":212,""displayName"":""Length""},""value"":""16.1""},{""type"":{""value"":141,""displayName"":""PassEndY""},""value"":""51.0""},{""type"":{""value"":213,""displayName"":""Angle""},""value"":""0.36""},{""type"":{""value"":56,""displayName"":""Zone""},""value"":""Center""},{""type"":{""value"":140,""displayName"":""PassEndX""},""value"":""68.3""}]",true,false,false,false,Pass,Successful,FirstHalf,2025-12-05 23:16:15.684766+00
2879338931,1903251,392,36,43,167,315227,68.9,51.8,85.9,51.2,,,,,"[{""type"":{""value"":4,""displayName"":""Throughball""}},{""type"":{""value"":210,""displayName"":""ShotAssist""},""value"":""16""},{""type"":{""value"":213,""displayName"":""Angle""},""value"":""6.26""},{""type"":{""value"":212,""displayName"":""Length""},""value"":""17.9""},{""type"":{""value"":56,""displayName"":""Zone""},""value"":""Center""},{""type"":{""value"":154,""displayName"":""IntentionalAssist""}},{""type"":{""value"":141,""displayName"":""PassEndY""},""value"":""51.2""},{""type"":{""value"":22,""displayName"":""RegularPlay""}},{""type"":{""value"":140,""displayName"":""PassEndX""},""value"":""85.9""},{""type"":{""value"":11112,""displayName"":""BigChanceCreated""}},{""type"":{""value"":11111,""displayName"":""IntentionalGoalAssist""}},{""type"":{""value"":11113,""displayName"":""KeyPass""}}]",true,false,false,false,Pass,Successful,FirstHalf,2025-12-05 23:16:15.684766+00
2879338999,1903251,393,36,45,167,343382,85.9,49.4,,,,,16.5,51.8,"[{""type"":{""value"":29,""displayName"":""Assisted""}},{""type"":{""value"":154,""displayName"":""IntentionalAssist""}},{""type"":{""value"":55,""displayName"":""RelatedEventId""},""value"":""392""},{""type"":{""value"":22,""displayName"":""RegularPlay""}},{""type"":{""value"":78,""displayName"":""LowCentre""}},{""type"":{""value"":20,""displayName"":""RightFoot""}},{""type"":{""value"":214,""displayName"":""BigChance""}},{""type"":{""value"":89,""displayName"":""OneOnOne""}},{""type"":{""value"":102,""displayName"":""GoalMouthY""},""value"":""51.8""},{""type"":{""value"":56,""displayName"":""Zone""},""value"":""Center""},{""type"":{""value"":103,""displayName"":""GoalMouthZ""},""value"":""16.5""},{""type"":{""value"":17,""displayName"":""BoxCentre""}}]",true,true,true,false,Goal,Successful,FirstHalf,2025-12-05 23:16:15.684766+00
2879340569,1903251,335,38,0,170,108186,50,50.5,29.3,48.1,,,,,"[{""type"":{""value"":56,""displayName"":""Zone""},""value"":""Back""},{""type"":{""value"":141,""displayName"":""PassEndY""},""value"":""48.1""},{""type"":{""value"":212,""displayName"":""Length""},""value"":""21.8""},{""type"":{""value"":140,""displayName"":""PassEndX""},""value"":""29.3""},{""type"":{""value"":213,""displayName"":""Angle""},""value"":""3.22""}]",true,false,false,false,Pass,Successful,FirstHalf,2025-12-05 23:16:15.684766+00
2879340605,1903251,336,38,12,170,92173,15.9,48.8,22,24.7,,,,,"[{""type"":{""value"":140,""displayName"":""PassEndX""},""value"":""22.0""},{""type"":{""value"":212,""displayName"":""Length""},""value"":""17.6""},{""type"":{""value"":213,""displayName"":""Angle""},""value"":""5.08""},{""type"":{""value"":56,""displayName"":""Zone""},""value"":""Back""},{""type"":{""value"":141,""displayName"":""PassEndY""},""value"":""24.7""}]",true,false,false,false,Pass,Successful,FirstHalf,2025-12-05 23:16:15.684766+00
2879340675,1903251,337,38,14,170,231135,22.1,22.7,45.5,51.4,,,,,"[{""type"":{""value"":141,""displayName"":""PassEndY""},""value"":""51.4""},{""type"":{""value"":140,""displayName"":""PassEndX""},""value"":""45.5""},{""type"":{""value"":56,""displayName"":""Zone""},""value"":""Back""},{""type"":{""value"":213,""displayName"":""Angle""},""value"":""0.67""},{""type"":{""value"":212,""displayName"":""Length""},""value"":""31.4""}]",true,false,false,false,Pass,Successful,FirstHalf,2025-12-05 23:16:15.684766+00
2879340735,1903251,338,38,17,170,136824,46,53.5,41,73.7,,,,,"[{""type"":{""value"":213,""displayName"":""Angle""},""value"":""1.94""},{""type"":{""value"":56,""displayName"":""Zone""},""value"":""Back""},{""type"":{""value"":140,""displayName"":""PassEndX""},""value"":""41.0""},{""type"":{""value"":141,""displayName"":""PassEndY""},""value"":""73.7""},{""type"":{""value"":212,""displayName"":""Length""},""value"":""14.7""}]",true,false,false,false,Pass,Successful,FirstHalf,2025-12-05 23:16:15.684766+00
2879340815,1903251,339,38,23,170,363686,46.8,86.2,39.5,69.4,,,,,"[{""type"":{""value"":56,""displayName"":""Zone""},""value"":""Back""},{""type"":{""value"":140,""displayName"":""PassEndX""},""value"":""39.5""},{""type"":{""value"":213,""displayName"":""Angle""},""value"":""4.12""},{""type"":{""value"":212,""displayName"":""Length""},""value"":""13.8""},{""type"":{""value"":141,""displayName"":""PassEndY""},""value"":""69.4""}]",true,false,false,false,Pass,Successful,FirstHalf,2025-12-05 23:16:15.684766+00
2879340863,1903251,340,38,25,170,396976,39.5,67.9,38.5,41.6,,,,,"[{""type"":{""value"":56,""displayName"":""Zone""},""value"":""Back""},{""type"":{""value"":212,""displayName"":""Length""},""value"":""17.9""},{""type"":{""value"":213,""displayName"":""Angle""},""value"":""4.65""},{""type"":{""value"":140,""displayName"":""PassEndX""},""value"":""38.5""},{""type"":{""value"":141,""displayName"":""PassEndY""},""value"":""41.6""}]",true,false,false,false,Pass,Successful,FirstHalf,2025-12-05 23:16:15.684766+00
2879340907,1903251,341,38,28,170,231135,40.3,37.9,53.3,47.1,,,,,"[{""type"":{""value"":141,""displayName"":""PassEndY""},""value"":""47.1""},{""type"":{""value"":212,""displayName"":""Length""},""value"":""15.0""},{""type"":{""value"":56,""displayName"":""Zone""},""value"":""Center""},{""type"":{""value"":213,""displayName"":""Angle""},""value"":""0.43""},{""type"":{""value"":140,""displayName"":""PassEndX""},""value"":""53.3""}]",true,false,false,false,Pass,Successful,FirstHalf,2025-12-05 23:16:15.684766+00
2879340941,1903251,342,38,30,170,321020,52.4,42.8,45.5,23.9,,,,,"[{""type"":{""value"":140,""displayName"":""PassEndX""},""value"":""45.5""},{""type"":{""value"":212,""displayName"":""Length""},""value"":""14.8""},{""type"":{""value"":141,""displayName"":""PassEndY""},""value"":""23.9""},{""type"":{""value"":213,""displayName"":""Angle""},""value"":""4.20""},{""type"":{""value"":56,""displayName"":""Zone""},""value"":""Back""}]",true,false,false,false,Pass,Successful,FirstHalf,2025-12-05 23:16:15.684766+00
2879340997,1903251,343,38,32,170,145996,45.5,23.9,39.5,32.5,,,,,"[{""type"":{""value"":140,""displayName"":""PassEndX""},""value"":""39.5""},{""type"":{""value"":212,""displayName"":""Length""},""value"":""8.6""},{""type"":{""value"":141,""displayName"":""PassEndY""},""value"":""32.5""},{""type"":{""value"":213,""displayName"":""Angle""},""value"":""2.39""},{""type"":{""value"":56,""displayName"":""Zone""},""value"":""Back""}]",true,false,false,false,Pass,Successful,FirstHalf,2025-12-05 23:16:15.684766+00
2879341055,1903251,344,38,35,170,231135,39.3,33.3,38.9,14.7,,,,,"[{""type"":{""value"":212,""displayName"":""Length""},""value"":""12.7""},{""type"":{""value"":213,""displayName"":""Angle""},""value"":""4.68""},{""type"":{""value"":56,""displayName"":""Zone""},""value"":""Back""},{""type"":{""value"":140,""displayName"":""PassEndX""},""value"":""38.9""},{""type"":{""value"":141,""displayName"":""PassEndY""},""value"":""14.7""}]",true,false,false,false,Pass,Successful,FirstHalf,2025-12-05 23:16:15.684766+00
2879341175,1903251,395,38,44,167,468847,55.2,54.7,,,,,,,"[{""type"":{""value"":13,""displayName"":""Foul""}},{""type"":{""value"":233,""displayName"":""OppositeRelatedEvent""},""value"":""346""},{""type"":{""value"":56,""displayName"":""Zone""},""value"":""Center""},{""type"":{""value"":285,""displayName"":""Defensive""}}]",false,false,false,false,Foul,Unsuccessful,FirstHalf,2025-12-05 23:16:15.684766+00
2879341191,1903251,345,38,37,170,145996,38.5,15.6,47.1,7.2,,,,,"[{""type"":{""value"":141,""displayName"":""PassEndY""},""value"":""7.2""},{""type"":{""value"":56,""displayName"":""Zone""},""value"":""Back""},{""type"":{""value"":140,""displayName"":""PassEndX""},""value"":""47.1""},{""type"":{""value"":212,""displayName"":""Length""},""value"":""10.7""},{""type"":{""value"":213,""displayName"":""Angle""},""value"":""5.72""}]",true,false,false,false,Pass,Successful,FirstHalf,2025-12-05 23:16:15.684766+00
2879341197,1903251,346,38,44,170,297395,44.8,45.3,,,,,,,"[{""type"":{""value"":56,""displayName"":""Zone""},""value"":""Back""},{""type"":{""value"":233,""displayName"":""OppositeRelatedEvent""},""value"":""395""},{""type"":{""value"":286,""displayName"":""Offensive""}},{""type"":{""value"":13,""displayName"":""Foul""}}]",true,false,false,false,Foul,Successful,FirstHalf,2025-12-05 23:16:15.684766+00
2879341589,1903251,347,39,0,170,321020,45.2,51.9,46.9,86.7,,,,,"[{""type"":{""value"":141,""displayName"":""PassEndY""},""value"":""86.7""},{""type"":{""value"":140,""displayName"":""PassEndX""},""value"":""46.9""},{""type"":{""value"":212,""displayName"":""Length""},""value"":""23.7""},{""type"":{""value"":5,""displayName"":""FreekickTaken""}},{""type"":{""value"":56,""displayName"":""Zone""},""value"":""Back""},{""type"":{""value"":213,""displayName"":""Angle""},""value"":""1.50""}]",true,false,false,false,Pass,Successful,FirstHalf,2025-12-05 23:16:15.684766+00
2879341615,1903251,348,39,1,170,136824,46.3,81.2,57.3,77.1,,,,,"[{""type"":{""value"":212,""displayName"":""Length""},""value"":""11.9""},{""type"":{""value"":141,""displayName"":""PassEndY""},""value"":""77.1""},{""type"":{""value"":140,""displayName"":""PassEndX""},""value"":""57.3""},{""type"":{""value"":213,""displayName"":""Angle""},""value"":""6.05""},{""type"":{""value"":56,""displayName"":""Zone""},""value"":""Center""}]",true,false,false,false,Pass,Successful,FirstHalf,2025-12-05 23:16:15.684766+00
2879341641,1903251,349,39,6,170,363686,56,75.8,47.7,81.4,,,,,"[{""type"":{""value"":141,""displayName"":""PassEndY""},""value"":""81.4""},{""type"":{""value"":140,""displayName"":""PassEndX""},""value"":""47.7""},{""type"":{""value"":56,""displayName"":""Zone""},""value"":""Back""},{""type"":{""value"":212,""displayName"":""Length""},""value"":""9.5""},{""type"":{""value"":213,""displayName"":""Angle""},""value"":""2.73""}]",true,false,false,false,Pass,Successful,FirstHalf,2025-12-05 23:16:15.684766+00
2879341695,1903251,350,39,7,170,136824,42.7,72.5,38.1,38.4,,,,,"[{""type"":{""value"":212,""displayName"":""Length""},""value"":""23.7""},{""type"":{""value"":141,""displayName"":""PassEndY""},""value"":""38.4""},{""type"":{""value"":56,""displayName"":""Zone""},""value"":""Back""},{""type"":{""value"":140,""displayName"":""PassEndX""},""value"":""38.1""},{""type"":{""value"":213,""displayName"":""Angle""},""value"":""4.51""}]",true,false,false,false,Pass,Successful,FirstHalf,2025-12-05 23:16:15.684766+00
2879341761,1903251,351,39,10,170,231135,51.9,44.9,76.7,87.4,,,,,"[{""type"":{""value"":141,""displayName"":""PassEndY""},""value"":""87.4""},{""type"":{""value"":140,""displayName"":""PassEndX""},""value"":""76.7""},{""type"":{""value"":1,""displayName"":""Longball""}},{""type"":{""value"":213,""displayName"":""Angle""},""value"":""0.84""},{""type"":{""value"":212,""displayName"":""Length""},""value"":""38.9""},{""type"":{""value"":155,""displayName"":""Chipped""}},{""type"":{""value"":56,""displayName"":""Zone""},""value"":""Left""}]",true,false,false,false,Pass,Successful,FirstHalf,2025-12-05 23:16:15.684766+00
2879341781,1903251,352,39,14,170,363686,77.5,86.6,82.2,79.8,,,,,"[{""type"":{""value"":140,""displayName"":""PassEndX""},""value"":""82.2""},{""type"":{""value"":56,""displayName"":""Zone""},""value"":""Left""},{""type"":{""value"":213,""displayName"":""Angle""},""value"":""5.53""},{""type"":{""value"":212,""displayName"":""Length""},""value"":""6.8""},{""type"":{""value"":141,""displayName"":""PassEndY""},""value"":""79.8""}]",true,false,false,false,Pass,Successful,FirstHalf,2025-12-05 23:16:15.684766+00
2879341801,1903251,353,39,15,170,322611,83.4,79.4,76,82,,,,,"[{""type"":{""value"":156,""displayName"":""LayOff""}},{""type"":{""value"":56,""displayName"":""Zone""},""value"":""Left""},{""type"":{""value"":141,""displayName"":""PassEndY""},""value"":""82.0""},{""type"":{""value"":140,""displayName"":""PassEndX""},""value"":""76.0""},{""type"":{""value"":213,""displayName"":""Angle""},""value"":""2.92""},{""type"":{""value"":212,""displayName"":""Length""},""value"":""8.0""}]",true,false,false,false,Pass,Successful,FirstHalf,2025-12-05 23:16:15.684766+00
2879341837,1903251,354,39,18,170,363686,75.6,72.6,,,,,,,"[{""type"":{""value"":286,""displayName"":""Offensive""}},{""type"":{""value"":56,""displayName"":""Zone""},""value"":""Center""},{""type"":{""value"":233,""displayName"":""OppositeRelatedEvent""},""value"":""396""}]",true,false,false,false,Dispossessed,Successful,FirstHalf,2025-12-05 23:16:15.684766+00
2879341845,1903251,396,39,18,167,136741,24.4,27.4,,,,,,,"[{""type"":{""value"":178,""displayName"":""StandingSave""}},{""type"":{""value"":56,""displayName"":""Zone""},""value"":""Back""},{""type"":{""value"":233,""displayName"":""OppositeRelatedEvent""},""value"":""354""},{""type"":{""value"":285,""displayName"":""Defensive""}}]",true,false,false,false,Tackle,Unsuccessful,FirstHalf,2025-12-05 23:16:15.684766+00
2879341951,1903251,355,39,20,170,363686,75.3,72.2,73,75.6,,,,,"[{""type"":{""value"":212,""displayName"":""Length""},""value"":""3.3""},{""type"":{""value"":141,""displayName"":""PassEndY""},""value"":""75.6""},{""type"":{""value"":213,""displayName"":""Angle""},""value"":""2.38""},{""type"":{""value"":140,""displayName"":""PassEndX""},""value"":""73.0""},{""type"":{""value"":56,""displayName"":""Zone""},""value"":""Center""}]",true,false,false,false,Pass,Successful,FirstHalf,2025-12-05 23:16:15.684766+00
2879341971,1903251,356,39,24,170,136824,68.2,54.7,81.5,45.9,,,,,"[{""type"":{""value"":213,""displayName"":""Angle""},""value"":""5.88""},{""type"":{""value"":212,""displayName"":""Length""},""value"":""15.2""},{""type"":{""value"":140,""displayName"":""PassEndX""},""value"":""81.5""},{""type"":{""value"":56,""displayName"":""Zone""},""value"":""Center""},{""type"":{""value"":141,""displayName"":""PassEndY""},""value"":""45.9""}]",true,false,false,false,Pass,Unsuccessful,FirstHalf,2025-12-05 23:16:15.684766+00
2879342037,1903251,397,39,26,167,468847,20.8,65.2,30.1,70,,,,,"[{""type"":{""value"":56,""displayName"":""Zone""},""value"":""Back""},{""type"":{""value"":212,""displayName"":""Length""},""value"":""10.3""},{""type"":{""value"":213,""displayName"":""Angle""},""value"":""0.32""},{""type"":{""value"":141,""displayName"":""PassEndY""},""value"":""70.0""},{""type"":{""value"":140,""displayName"":""PassEndX""},""value"":""30.1""}]",true,false,false,false,Pass,Successful,FirstHalf,2025-12-05 23:16:15.684766+00
2879342045,1903251,398,39,29,167,388098,30.2,71.6,,,,,,,"[{""type"":{""value"":233,""displayName"":""OppositeRelatedEvent""},""value"":""370""},{""type"":{""value"":56,""displayName"":""Zone""},""value"":""Back""},{""type"":{""value"":285,""displayName"":""Defensive""}}]",true,false,false,false,Dispossessed,Successful,FirstHalf,2025-12-05 23:16:15.684766+00
2879342125,1903251,399,39,33,167,468847,10.4,95.7,44.4,67.2,,,,,"[{""type"":{""value"":213,""displayName"":""Angle""},""value"":""5.79""},{""type"":{""value"":141,""displayName"":""PassEndY""},""value"":""67.2""},{""type"":{""value"":1,""displayName"":""Longball""}},{""type"":{""value"":212,""displayName"":""Length""},""value"":""40.6""},{""type"":{""value"":56,""displayName"":""Zone""},""value"":""Back""},{""type"":{""value"":140,""displayName"":""PassEndX""},""value"":""44.4""}]",true,false,false,false,Pass,Unsuccessful,FirstHalf,2025-12-05 23:16:15.684766+00
2879342167,1903251,358,39,35,170,231135,51.6,27.4,56.4,26.3,,,,,"[{""type"":{""value"":3,""displayName"":""HeadPass""}},{""type"":{""value"":213,""displayName"":""Angle""},""value"":""6.14""},{""type"":{""value"":212,""displayName"":""Length""},""value"":""5.1""},{""type"":{""value"":141,""displayName"":""PassEndY""},""value"":""26.3""},{""type"":{""value"":56,""displayName"":""Zone""},""value"":""Center""},{""type"":{""value"":140,""displayName"":""PassEndX""},""value"":""56.4""}]",true,false,false,false,Pass,Successful,FirstHalf,2025-12-05 23:16:15.684766+00
2879342245,1903251,359,39,36,170,321020,56.2,25.1,68.1,6,,,,,"[{""type"":{""value"":212,""displayName"":""Length""},""value"":""18.0""},{""type"":{""value"":141,""displayName"":""PassEndY""},""value"":""6.0""},{""type"":{""value"":213,""displayName"":""Angle""},""value"":""5.48""},{""type"":{""value"":140,""displayName"":""PassEndX""},""value"":""68.1""},{""type"":{""value"":56,""displayName"":""Zone""},""value"":""Right""}]",true,false,false,false,Pass,Successful,FirstHalf,2025-12-05 23:16:15.684766+00
2879342339,1903251,360,39,39,170,333044,65.1,6.4,59.5,23,,,,,"[{""type"":{""value"":212,""displayName"":""Length""},""value"":""12.7""},{""type"":{""value"":213,""displayName"":""Angle""},""value"":""2.05""},{""type"":{""value"":141,""displayName"":""PassEndY""},""value"":""23.0""},{""type"":{""value"":56,""displayName"":""Zone""},""value"":""Center""},{""type"":{""value"":140,""displayName"":""PassEndX""},""value"":""59.5""}]",true,false,false,false,Pass,Successful,FirstHalf,2025-12-05 23:16:15.684766+00
2879342397,1903251,361,39,44,170,321020,63.6,39.8,62.8,75,,,,,"[{""type"":{""value"":212,""displayName"":""Length""},""value"":""24.0""},{""type"":{""value"":141,""displayName"":""PassEndY""},""value"":""75.0""},{""type"":{""value"":213,""displayName"":""Angle""},""value"":""1.61""},{""type"":{""value"":140,""displayName"":""PassEndX""},""value"":""62.8""},{""type"":{""value"":56,""displayName"":""Zone""},""value"":""Center""}]",true,false,false,false,Pass,Successful,FirstHalf,2025-12-05 23:16:15.684766+00
2879342457,1903251,362,39,48,170,322611,61.4,86,65.8,95.5,,,,,"[{""type"":{""value"":213,""displayName"":""Angle""},""value"":""0.95""},{""type"":{""value"":56,""displayName"":""Zone""},""value"":""Left""},{""type"":{""value"":141,""displayName"":""PassEndY""},""value"":""95.5""},{""type"":{""value"":140,""displayName"":""PassEndX""},""value"":""65.8""},{""type"":{""value"":212,""displayName"":""Length""},""value"":""7.9""}]",true,false,false,false,Pass,Successful,FirstHalf,2025-12-05 23:16:15.684766+00
2879342559,1903251,363,39,51,170,363686,65.8,95.5,46.6,72,,,,,"[{""type"":{""value"":212,""displayName"":""Length""},""value"":""25.7""},{""type"":{""value"":140,""displayName"":""PassEndX""},""value"":""46.6""},{""type"":{""value"":141,""displayName"":""PassEndY""},""value"":""72.0""},{""type"":{""value"":56,""displayName"":""Zone""},""value"":""Back""},{""type"":{""value"":213,""displayName"":""Angle""},""value"":""3.81""}]",true,false,false,false,Pass,Successful,FirstHalf,2025-12-05 23:16:15.684766+00
2879342589,1903251,364,39,58,170,396976,44.8,71.3,44.1,45.2,,,,,"[{""type"":{""value"":212,""displayName"":""Length""},""value"":""17.8""},{""type"":{""value"":141,""displayName"":""PassEndY""},""value"":""45.2""},{""type"":{""value"":56,""displayName"":""Zone""},""value"":""Back""},{""type"":{""value"":213,""displayName"":""Angle""},""value"":""4.67""},{""type"":{""value"":140,""displayName"":""PassEndX""},""value"":""44.1""}]",true,false,false,false,Pass,Successful,FirstHalf,2025-12-05 23:16:15.684766+00
2879342611,1903251,365,39,58,170,231135,44.1,45.2,42.4,26.2,,,,,"[{""type"":{""value"":213,""displayName"":""Angle""},""value"":""4.58""},{""type"":{""value"":212,""displayName"":""Length""},""value"":""13.0""},{""type"":{""value"":56,""displayName"":""Zone""},""value"":""Back""},{""type"":{""value"":141,""displayName"":""PassEndY""},""value"":""26.2""},{""type"":{""value"":140,""displayName"":""PassEndX""},""value"":""42.4""}]",true,false,false,false,Pass,Successful,FirstHalf,2025-12-05 23:16:15.684766+00
2879342621,1903251,366,39,59,170,145996,42.3,25.6,45.8,36.4,,,,,"[{""type"":{""value"":140,""displayName"":""PassEndX""},""value"":""45.8""},{""type"":{""value"":56,""displayName"":""Zone""},""value"":""Back""},{""type"":{""value"":141,""displayName"":""PassEndY""},""value"":""36.4""},{""type"":{""value"":212,""displayName"":""Length""},""value"":""8.2""},{""type"":{""value"":213,""displayName"":""Angle""},""value"":""1.11""}]",true,false,false,false,Pass,Successful,FirstHalf,2025-12-05 23:16:15.684766+00
2879342709,1903251,367,40,0,170,321020,45.8,36.9,45.6,27.4,,,,,"[{""type"":{""value"":212,""displayName"":""Length""},""value"":""6.5""},{""type"":{""value"":141,""displayName"":""PassEndY""},""value"":""27.4""},{""type"":{""value"":213,""displayName"":""Angle""},""value"":""4.68""},{""type"":{""value"":56,""displayName"":""Zone""},""value"":""Back""},{""type"":{""value"":140,""displayName"":""PassEndX""},""value"":""45.6""}]",true,false,false,false,Pass,Successful,FirstHalf,2025-12-05 23:16:15.684766+00
2879342715,1903251,368,40,4,170,136824,45.3,8.1,43.3,11.3,,,,,"[{""type"":{""value"":141,""displayName"":""PassEndY""},""value"":""11.3""},{""type"":{""value"":140,""displayName"":""PassEndX""},""value"":""43.3""},{""type"":{""value"":56,""displayName"":""Zone""},""value"":""Back""},{""type"":{""value"":233,""displayName"":""OppositeRelatedEvent""},""value"":""400""},{""type"":{""value"":212,""displayName"":""Length""},""value"":""3.0""},{""type"":{""value"":286,""displayName"":""Offensive""}},{""type"":{""value"":213,""displayName"":""Angle""},""value"":""2.34""}]",true,false,false,false,Pass,Unsuccessful,FirstHalf,2025-12-05 23:16:15.684766+00
2879342721,1903251,400,40,4,167,388098,56.7,88.7,,,,,,,"[{""type"":{""value"":285,""displayName"":""Defensive""}},{""type"":{""value"":56,""displayName"":""Zone""},""value"":""Left""},{""type"":{""value"":233,""displayName"":""OppositeRelatedEvent""},""value"":""368""}]",true,false,false,false,BlockedPass,Successful,FirstHalf,2025-12-05 23:16:15.684766+00
2879342827,1903251,370,39,29,170,145996,69.8,28.4,,,,,,,"[{""type"":{""value"":56,""displayName"":""Zone""},""value"":""Center""},{""type"":{""value"":178,""displayName"":""StandingSave""}},{""type"":{""value"":233,""displayName"":""OppositeRelatedEvent""},""value"":""398""},{""type"":{""value"":286,""displayName"":""Offensive""}}]",true,false,false,false,Tackle,Unsuccessful,FirstHalf,2025-12-05 23:16:15.684766+00
2879342911,1903251,371,40,15,170,145996,33.5,0,23.3,12.3,,,,,"[{""type"":{""value"":56,""displayName"":""Zone""},""value"":""Back""},{""type"":{""value"":107,""displayName"":""ThrowIn""}},{""type"":{""value"":140,""displayName"":""PassEndX""},""value"":""23.3""},{""type"":{""value"":213,""displayName"":""Angle""},""value"":""2.43""},{""type"":{""value"":212,""displayName"":""Length""},""value"":""14.1""},{""type"":{""value"":141,""displayName"":""PassEndY""},""value"":""12.3""}]",true,false,false,false,Pass,Successful,FirstHalf,2025-12-05 23:16:15.684766+00
2879342979,1903251,372,40,15,170,231135,23.3,12.3,6.3,38.7,,,,,"[{""type"":{""value"":213,""displayName"":""Angle""},""value"":""2.35""},{""type"":{""value"":212,""displayName"":""Length""},""value"":""25.3""},{""type"":{""value"":141,""displayName"":""PassEndY""},""value"":""38.7""},{""type"":{""value"":56,""displayName"":""Zone""},""value"":""Back""},{""type"":{""value"":140,""displayName"":""PassEndX""},""value"":""6.3""}]",true,false,false,false,Pass,Successful,FirstHalf,2025-12-05 23:16:15.684766+00
2879343015,1903251,373,40,20,170,92173,7.5,35.1,54.6,49.7,,,,,"[{""type"":{""value"":141,""displayName"":""PassEndY""},""value"":""49.7""},{""type"":{""value"":140,""displayName"":""PassEndX""},""value"":""54.6""},{""type"":{""value"":1,""displayName"":""Longball""}},{""type"":{""value"":56,""displayName"":""Zone""},""value"":""Center""},{""type"":{""value"":212,""displayName"":""Length""},""value"":""50.4""},{""type"":{""value"":213,""displayName"":""Angle""},""value"":""0.20""},{""type"":{""value"":155,""displayName"":""Chipped""}}]",true,false,false,false,Pass,Unsuccessful,FirstHalf,2025-12-05 23:16:15.684766+00
2879343021,1903251,402,40,22,167,313171,45.4,50.3,,,,,,,"[{""type"":{""value"":56,""displayName"":""Zone""},""value"":""Back""},{""type"":{""value"":285,""displayName"":""Defensive""}},{""type"":{""value"":233,""displayName"":""OppositeRelatedEvent""},""value"":""374""}]",false,false,false,false,Aerial,Successful,FirstHalf,2025-12-05 23:16:15.684766+00
2879343023,1903251,374,40,22,170,108186,54.6,49.7,,,,,,,"[{""type"":{""value"":56,""displayName"":""Zone""},""value"":""Center""},{""type"":{""value"":286,""displayName"":""Offensive""}},{""type"":{""value"":233,""displayName"":""OppositeRelatedEvent""},""value"":""402""}]",false,false,false,false,Aerial,Unsuccessful,FirstHalf,2025-12-05 23:16:15.684766+00
2879343047,1903251,403,40,22,167,313171,45.4,50.3,55.1,55.8,,,,,"[{""type"":{""value"":15,""displayName"":""Head""}},{""type"":{""value"":141,""displayName"":""PassEndY""},""value"":""55.8""},{""type"":{""value"":212,""displayName"":""Length""},""value"":""10.8""},{""type"":{""value"":213,""displayName"":""Angle""},""value"":""0.35""},{""type"":{""value"":56,""displayName"":""Zone""},""value"":""Center""},{""type"":{""value"":140,""displayName"":""PassEndX""},""value"":""55.1""}]",true,false,false,false,Clearance,Successful,FirstHalf,2025-12-05 23:16:15.684766+00
2879343057,1903251,404,40,24,167,343382,55.1,56.1,56.7,39.1,,,,,"[{""type"":{""value"":213,""displayName"":""Angle""},""value"":""4.86""},{""type"":{""value"":212,""displayName"":""Length""},""value"":""11.7""},{""type"":{""value"":141,""displayName"":""PassEndY""},""value"":""39.1""},{""type"":{""value"":56,""displayName"":""Zone""},""value"":""Center""},{""type"":{""value"":140,""displayName"":""PassEndX""},""value"":""56.7""}]",true,false,false,false,Pass,Unsuccessful,FirstHalf,2025-12-05 23:16:15.684766+00
2879343105,1903251,375,40,25,170,321020,44.7,54.7,48.2,67.8,,,,,"[{""type"":{""value"":141,""displayName"":""PassEndY""},""value"":""67.8""},{""type"":{""value"":140,""displayName"":""PassEndX""},""value"":""48.2""},{""type"":{""value"":212,""displayName"":""Length""},""value"":""9.6""},{""type"":{""value"":213,""displayName"":""Angle""},""value"":""1.18""},{""type"":{""value"":56,""displayName"":""Zone""},""value"":""Back""}]",true,false,false,false,Pass,Successful,FirstHalf,2025-12-05 23:16:15.684766+00
2879343111,1903251,376,40,27,170,322611,51.3,72.5,,,,,,,"[{""type"":{""value"":56,""displayName"":""Zone""},""value"":""Center""}]",true,false,false,false,BallTouch,Unsuccessful,FirstHalf,2025-12-05 23:16:15.684766+00
2879343127,1903251,405,40,29,167,394933,43.5,28.9,,,,,,,"[{""type"":{""value"":56,""displayName"":""Zone""},""value"":""Back""}]",true,false,false,false,BallTouch,Successful,FirstHalf,2025-12-05 23:16:15.684766+00
2879343193,1903251,406,40,30,167,422939,44.4,34.9,93.2,21,,,,,"[{""type"":{""value"":141,""displayName"":""PassEndY""},""value"":""21.0""},{""type"":{""value"":140,""displayName"":""PassEndX""},""value"":""93.2""},{""type"":{""value"":212,""displayName"":""Length""},""value"":""52.1""},{""type"":{""value"":213,""displayName"":""Angle""},""value"":""6.10""},{""type"":{""value"":56,""displayName"":""Zone""},""value"":""Right""},{""type"":{""value"":1,""displayName"":""Longball""}}]",true,false,false,false,Pass,Unsuccessful,FirstHalf,2025-12-05 23:16:15.684766+00
2879343373,1903251,377,40,35,170,92173,9,76.2,22.8,76.5,,,,,"[{""type"":{""value"":213,""displayName"":""Angle""},""value"":""0.01""},{""type"":{""value"":140,""displayName"":""PassEndX""},""value"":""22.8""},{""type"":{""value"":56,""displayName"":""Zone""},""value"":""Back""},{""type"":{""value"":212,""displayName"":""Length""},""value"":""14.5""},{""type"":{""value"":141,""displayName"":""PassEndY""},""value"":""76.5""}]",true,false,false,false,Pass,Successful,FirstHalf,2025-12-05 23:16:15.684766+00
2879343447,1903251,378,40,44,170,396976,29.3,68.2,32.8,55.4,,,,,"[{""type"":{""value"":140,""displayName"":""PassEndX""},""value"":""32.8""},{""type"":{""value"":213,""displayName"":""Angle""},""value"":""5.11""},{""type"":{""value"":212,""displayName"":""Length""},""value"":""9.4""},{""type"":{""value"":56,""displayName"":""Zone""},""value"":""Back""},{""type"":{""value"":141,""displayName"":""PassEndY""},""value"":""55.4""}]",true,false,false,false,Pass,Successful,FirstHalf,2025-12-05 23:16:15.684766+00
2879343455,1903251,379,40,48,170,321020,32.7,52,27.9,34.6,,,,,"[{""type"":{""value"":140,""displayName"":""PassEndX""},""value"":""27.9""},{""type"":{""value"":141,""displayName"":""PassEndY""},""value"":""34.6""},{""type"":{""value"":212,""displayName"":""Length""},""value"":""12.9""},{""type"":{""value"":213,""displayName"":""Angle""},""value"":""4.31""},{""type"":{""value"":56,""displayName"":""Zone""},""value"":""Back""}]",true,false,false,false,Pass,Successful,FirstHalf,2025-12-05 23:16:15.684766+00
2879343483,1903251,380,40,48,170,231135,27.7,33.3,38.5,31.6,,,,,"[{""type"":{""value"":140,""displayName"":""PassEndX""},""value"":""38.5""},{""type"":{""value"":56,""displayName"":""Zone""},""value"":""Back""},{""type"":{""value"":141,""displayName"":""PassEndY""},""value"":""31.6""},{""type"":{""value"":212,""displayName"":""Length""},""value"":""11.4""},{""type"":{""value"":213,""displayName"":""Angle""},""value"":""6.18""}]",true,false,false,false,Pass,Successful,FirstHalf,2025-12-05 23:16:15.684766+00
2879343493,1903251,381,40,50,170,297395,38.5,31.6,30.7,28.1,,,,,"[{""type"":{""value"":141,""displayName"":""PassEndY""},""value"":""28.1""},{""type"":{""value"":140,""displayName"":""PassEndX""},""value"":""30.7""},{""type"":{""value"":213,""displayName"":""Angle""},""value"":""3.42""},{""type"":{""value"":56,""displayName"":""Zone""},""value"":""Back""},{""type"":{""value"":212,""displayName"":""Length""},""value"":""8.5""}]",true,false,false,false,Pass,Unsuccessful,FirstHalf,2025-12-05 23:16:15.684766+00
2879343515,1903251,407,40,51,167,343382,67.2,74.4,,,,,,,[],false,false,false,false,BallRecovery,Successful,FirstHalf,2025-12-05 23:16:15.684766+00
2879343571,1903251,408,40,52,167,343382,66.5,75.1,41.8,76.7,,,,,"[{""type"":{""value"":212,""displayName"":""Length""},""value"":""26.0""},{""type"":{""value"":141,""displayName"":""PassEndY""},""value"":""76.7""},{""type"":{""value"":213,""displayName"":""Angle""},""value"":""3.10""},{""type"":{""value"":140,""displayName"":""PassEndX""},""value"":""41.8""},{""type"":{""value"":56,""displayName"":""Zone""},""value"":""Back""}]",true,false,false,false,Pass,Successful,FirstHalf,2025-12-05 23:16:15.684766+00
2879343601,1903251,409,40,55,167,468847,40.7,76.1,35.4,67.9,,,,,"[{""type"":{""value"":213,""displayName"":""Angle""},""value"":""3.93""},{""type"":{""value"":212,""displayName"":""Length""},""value"":""7.9""},{""type"":{""value"":56,""displayName"":""Zone""},""value"":""Back""},{""type"":{""value"":141,""displayName"":""PassEndY""},""value"":""67.9""},{""type"":{""value"":140,""displayName"":""PassEndX""},""value"":""35.4""}]",true,false,false,false,Pass,Successful,FirstHalf,2025-12-05 23:16:15.684766+00
2879343687,1903251,410,40,59,167,402664,31.3,60.2,15.2,50.1,,,,,"[{""type"":{""value"":213,""displayName"":""Angle""},""value"":""3.53""},{""type"":{""value"":140,""displayName"":""PassEndX""},""value"":""15.2""},{""type"":{""value"":56,""displayName"":""Zone""},""value"":""Back""},{""type"":{""value"":212,""displayName"":""Length""},""value"":""18.2""},{""type"":{""value"":141,""displayName"":""PassEndY""},""value"":""50.1""}]",true,false,false,false,Pass,Successful,FirstHalf,2025-12-05 23:16:15.684766+00
2879343729,1903251,411,41,1,167,262515,14.6,48.8,21.7,19.7,,,,,"[{""type"":{""value"":141,""displayName"":""PassEndY""},""value"":""19.7""},{""type"":{""value"":140,""displayName"":""PassEndX""},""value"":""21.7""},{""type"":{""value"":212,""displayName"":""Length""},""value"":""21.1""},{""type"":{""value"":213,""displayName"":""Angle""},""value"":""5.07""},{""type"":{""value"":56,""displayName"":""Zone""},""value"":""Back""}]",true,false,false,false,Pass,Successful,FirstHalf,2025-12-05 23:16:15.684766+00
2879343775,1903251,412,41,3,167,313171,21.8,19.1,30,6.2,,,,,"[{""type"":{""value"":56,""displayName"":""Zone""},""value"":""Back""},{""type"":{""value"":140,""displayName"":""PassEndX""},""value"":""30.0""},{""type"":{""value"":141,""displayName"":""PassEndY""},""value"":""6.2""},{""type"":{""value"":213,""displayName"":""Angle""},""value"":""5.49""},{""type"":{""value"":212,""displayName"":""Length""},""value"":""12.3""}]",true,false,false,false,Pass,Successful,FirstHalf,2025-12-05 23:16:15.684766+00
2879343819,1903251,413,41,6,167,394933,30.2,5.8,35.1,20.9,,,,,"[{""type"":{""value"":213,""displayName"":""Angle""},""value"":""1.11""},{""type"":{""value"":140,""displayName"":""PassEndX""},""value"":""35.1""},{""type"":{""value"":56,""displayName"":""Zone""},""value"":""Back""},{""type"":{""value"":212,""displayName"":""Length""},""value"":""11.5""},{""type"":{""value"":141,""displayName"":""PassEndY""},""value"":""20.9""}]",true,false,false,false,Pass,Successful,FirstHalf,2025-12-05 23:16:15.684766+00
2879343885,1903251,414,41,9,167,331254,32.9,29.4,22.8,65.2,,,,,"[{""type"":{""value"":212,""displayName"":""Length""},""value"":""26.6""},{""type"":{""value"":213,""displayName"":""Angle""},""value"":""1.98""},{""type"":{""value"":141,""displayName"":""PassEndY""},""value"":""65.2""},{""type"":{""value"":56,""displayName"":""Zone""},""value"":""Back""},{""type"":{""value"":140,""displayName"":""PassEndX""},""value"":""22.8""}]",true,false,false,false,Pass,Successful,FirstHalf,2025-12-05 23:16:15.684766+00
2879343899,1903251,415,41,15,167,402664,29.5,72.6,29.7,57.2,,,,,"[{""type"":{""value"":213,""displayName"":""Angle""},""value"":""4.73""},{""type"":{""value"":56,""displayName"":""Zone""},""value"":""Back""},{""type"":{""value"":140,""displayName"":""PassEndX""},""value"":""29.7""},{""type"":{""value"":212,""displayName"":""Length""},""value"":""10.5""},{""type"":{""value"":141,""displayName"":""PassEndY""},""value"":""57.2""}]",true,false,false,false,Pass,Successful,FirstHalf,2025-12-05 23:16:15.684766+00
2879343915,1903251,416,41,17,167,136741,29.7,57.5,35.2,53.6,,,,,"[{""type"":{""value"":212,""displayName"":""Length""},""value"":""6.4""},{""type"":{""value"":140,""displayName"":""PassEndX""},""value"":""35.2""},{""type"":{""value"":141,""displayName"":""PassEndY""},""value"":""53.6""},{""type"":{""value"":213,""displayName"":""Angle""},""value"":""5.85""},{""type"":{""value"":56,""displayName"":""Zone""},""value"":""Back""}]",true,false,false,false,Pass,Successful,FirstHalf,2025-12-05 23:16:15.684766+00
2879343929,1903251,417,41,18,167,331254,35.2,53.6,30.3,57.8,,,,,"[{""type"":{""value"":56,""displayName"":""Zone""},""value"":""Back""},{""type"":{""value"":140,""displayName"":""PassEndX""},""value"":""30.3""},{""type"":{""value"":156,""displayName"":""LayOff""}},{""type"":{""value"":213,""displayName"":""Angle""},""value"":""2.63""},{""type"":{""value"":212,""displayName"":""Length""},""value"":""5.9""},{""type"":{""value"":141,""displayName"":""PassEndY""},""value"":""57.8""}]",true,false,false,false,Pass,Successful,FirstHalf,2025-12-05 23:16:15.684766+00
2879344013,1903251,418,41,21,167,136741,31.5,53.6,28.1,35.2,,,,,"[{""type"":{""value"":140,""displayName"":""PassEndX""},""value"":""28.1""},{""type"":{""value"":213,""displayName"":""Angle""},""value"":""4.43""},{""type"":{""value"":212,""displayName"":""Length""},""value"":""13.0""},{""type"":{""value"":56,""displayName"":""Zone""},""value"":""Back""},{""type"":{""value"":141,""displayName"":""PassEndY""},""value"":""35.2""}]",true,false,false,false,Pass,Successful,FirstHalf,2025-12-05 23:16:15.684766+00
2879344061,1903251,419,41,23,167,313171,28.7,37.3,32.8,63,,,,,"[{""type"":{""value"":140,""displayName"":""PassEndX""},""value"":""32.8""},{""type"":{""value"":141,""displayName"":""PassEndY""},""value"":""63.0""},{""type"":{""value"":56,""displayName"":""Zone""},""value"":""Back""},{""type"":{""value"":213,""displayName"":""Angle""},""value"":""1.33""},{""type"":{""value"":212,""displayName"":""Length""},""value"":""18.0""}]",true,false,false,false,Pass,Successful,FirstHalf,2025-12-05 23:16:15.684766+00
2879344099,1903251,420,41,25,167,331254,36.7,68.2,39,91.1,,,,,"[{""type"":{""value"":140,""displayName"":""PassEndX""},""value"":""39.0""},{""type"":{""value"":141,""displayName"":""PassEndY""},""value"":""91.1""},{""type"":{""value"":56,""displayName"":""Zone""},""value"":""Back""},{""type"":{""value"":213,""displayName"":""Angle""},""value"":""1.42""},{""type"":{""value"":212,""displayName"":""Length""},""value"":""15.8""}]",true,false,false,false,Pass,Successful,FirstHalf,2025-12-05 23:16:15.684766+00
2879344133,1903251,421,41,27,167,402664,38.4,92.3,48.1,95.3,,,,,"[{""type"":{""value"":56,""displayName"":""Zone""},""value"":""Back""},{""type"":{""value"":213,""displayName"":""Angle""},""value"":""0.20""},{""type"":{""value"":212,""displayName"":""Length""},""value"":""10.4""},{""type"":{""value"":140,""displayName"":""PassEndX""},""value"":""48.1""},{""type"":{""value"":141,""displayName"":""PassEndY""},""value"":""95.3""}]",true,false,false,false,Pass,Successful,FirstHalf,2025-12-05 23:16:15.684766+00
2879344145,1903251,422,41,29,167,468847,46,94.7,40,84.7,,,,,"[{""type"":{""value"":213,""displayName"":""Angle""},""value"":""3.97""},{""type"":{""value"":56,""displayName"":""Zone""},""value"":""Back""},{""type"":{""value"":140,""displayName"":""PassEndX""},""value"":""40.0""},{""type"":{""value"":141,""displayName"":""PassEndY""},""value"":""84.7""},{""type"":{""value"":212,""displayName"":""Length""},""value"":""9.3""}]",true,false,false,false,Pass,Successful,FirstHalf,2025-12-05 23:16:15.684766+00
2879344175,1903251,423,41,30,167,331254,40,84.7,32.1,95.9,,,,,"[{""type"":{""value"":213,""displayName"":""Angle""},""value"":""2.40""},{""type"":{""value"":56,""displayName"":""Zone""},""value"":""Back""},{""type"":{""value"":212,""displayName"":""Length""},""value"":""11.3""},{""type"":{""value"":140,""displayName"":""PassEndX""},""value"":""32.1""},{""type"":{""value"":141,""displayName"":""PassEndY""},""value"":""95.9""}]",true,false,false,false,Pass,Successful,FirstHalf,2025-12-05 23:16:15.684766+00
2879344253,1903251,424,41,32,167,402664,28.6,95.1,9.4,63,,,,,"[{""type"":{""value"":213,""displayName"":""Angle""},""value"":""3.97""},{""type"":{""value"":141,""displayName"":""PassEndY""},""value"":""63.0""},{""type"":{""value"":212,""displayName"":""Length""},""value"":""29.7""},{""type"":{""value"":140,""displayName"":""PassEndX""},""value"":""9.4""},{""type"":{""value"":56,""displayName"":""Zone""},""value"":""Back""}]",true,false,false,false,Pass,Successful,FirstHalf,2025-12-05 23:16:15.684766+00
2879344307,1903251,425,41,37,167,262515,11.4,66.7,45.7,72.3,,,,,"[{""type"":{""value"":140,""displayName"":""PassEndX""},""value"":""45.7""},{""type"":{""value"":141,""displayName"":""PassEndY""},""value"":""72.3""},{""type"":{""value"":155,""displayName"":""Chipped""}},{""type"":{""value"":213,""displayName"":""Angle""},""value"":""0.11""},{""type"":{""value"":212,""displayName"":""Length""},""value"":""36.2""},{""type"":{""value"":56,""displayName"":""Zone""},""value"":""Back""},{""type"":{""value"":1,""displayName"":""Longball""}}]",true,false,false,false,Pass,Unsuccessful,FirstHalf,2025-12-05 23:16:15.684766+00
2879344347,1903251,382,41,40,170,231135,53,24.2,63.4,29.5,,,,,"[{""type"":{""value"":56,""displayName"":""Zone""},""value"":""Center""},{""type"":{""value"":140,""displayName"":""PassEndX""},""value"":""63.4""},{""type"":{""value"":141,""displayName"":""PassEndY""},""value"":""29.5""},{""type"":{""value"":212,""displayName"":""Length""},""value"":""11.5""},{""type"":{""value"":213,""displayName"":""Angle""},""value"":""0.32""},{""type"":{""value"":3,""displayName"":""HeadPass""}}]",true,false,false,false,Pass,Successful,FirstHalf,2025-12-05 23:16:15.684766+00
2879344363,1903251,383,41,42,170,297395,63.4,30.6,54.4,43.7,,,,,"[{""type"":{""value"":56,""displayName"":""Zone""},""value"":""Center""},{""type"":{""value"":213,""displayName"":""Angle""},""value"":""2.39""},{""type"":{""value"":140,""displayName"":""PassEndX""},""value"":""54.4""},{""type"":{""value"":141,""displayName"":""PassEndY""},""value"":""43.7""},{""type"":{""value"":212,""displayName"":""Length""},""value"":""13.0""}]",true,false,false,false,Pass,Unsuccessful,FirstHalf,2025-12-05 23:16:15.684766+00
2879344403,1903251,426,41,43,167,315227,44.5,52.5,44.1,23.4,,,,,"[{""type"":{""value"":141,""displayName"":""PassEndY""},""value"":""23.4""},{""type"":{""value"":140,""displayName"":""PassEndX""},""value"":""44.1""},{""type"":{""value"":56,""displayName"":""Zone""},""value"":""Back""},{""type"":{""value"":212,""displayName"":""Length""},""value"":""19.8""},{""type"":{""value"":213,""displayName"":""Angle""},""value"":""4.69""}]",true,false,false,false,Pass,Unsuccessful,FirstHalf,2025-12-05 23:16:15.684766+00
2879344409,1903251,384,41,45,170,322611,55.9,76.6,,,,,,,"[{""type"":{""value"":56,""displayName"":""Zone""},""value"":""Center""}]",true,false,false,false,Interception,Successful,FirstHalf,2025-12-05 23:16:15.684766+00
2879344489,1903251,427,41,48,167,136741,31.3,14.3,23.8,27.4,,,,,"[{""type"":{""value"":212,""displayName"":""Length""},""value"":""11.9""},{""type"":{""value"":141,""displayName"":""PassEndY""},""value"":""27.4""},{""type"":{""value"":213,""displayName"":""Angle""},""value"":""2.29""},{""type"":{""value"":140,""displayName"":""PassEndX""},""value"":""23.8""},{""type"":{""value"":56,""displayName"":""Zone""},""value"":""Back""}]",true,false,false,false,Pass,Successful,FirstHalf,2025-12-05 23:16:15.684766+00
2879344525,1903251,428,41,50,167,313171,23.7,27.9,38.5,40.1,,,,,"[{""type"":{""value"":140,""displayName"":""PassEndX""},""value"":""38.5""},{""type"":{""value"":56,""displayName"":""Zone""},""value"":""Back""},{""type"":{""value"":213,""displayName"":""Angle""},""value"":""0.49""},{""type"":{""value"":212,""displayName"":""Length""},""value"":""17.6""},{""type"":{""value"":141,""displayName"":""PassEndY""},""value"":""40.1""}]",true,false,false,false,Pass,Successful,FirstHalf,2025-12-05 23:16:15.684766+00
2879344561,1903251,429,41,52,167,331254,38.5,40.4,31.9,47.3,,,,,"[{""type"":{""value"":213,""displayName"":""Angle""},""value"":""2.55""},{""type"":{""value"":56,""displayName"":""Zone""},""value"":""Back""},{""type"":{""value"":212,""displayName"":""Length""},""value"":""8.4""},{""type"":{""value"":141,""displayName"":""PassEndY""},""value"":""47.3""},{""type"":{""value"":140,""displayName"":""PassEndX""},""value"":""31.9""}]",true,false,false,false,Pass,Successful,FirstHalf,2025-12-05 23:16:15.684766+00
2879344587,1903251,430,41,54,167,422939,31.4,49.6,39.2,62.3,,,,,"[{""type"":{""value"":213,""displayName"":""Angle""},""value"":""0.81""},{""type"":{""value"":212,""displayName"":""Length""},""value"":""11.9""},{""type"":{""value"":141,""displayName"":""PassEndY""},""value"":""62.3""},{""type"":{""value"":140,""displayName"":""PassEndX""},""value"":""39.2""},{""type"":{""value"":56,""displayName"":""Zone""},""value"":""Back""}]",true,false,false,false,Pass,Successful,FirstHalf,2025-12-05 23:16:15.684766+00
2879344611,1903251,431,41,55,167,343382,39.4,62.3,50.3,37.9,,,,,"[{""type"":{""value"":213,""displayName"":""Angle""},""value"":""5.32""},{""type"":{""value"":140,""displayName"":""PassEndX""},""value"":""50.3""},{""type"":{""value"":56,""displayName"":""Zone""},""value"":""Center""},{""type"":{""value"":141,""displayName"":""PassEndY""},""value"":""37.9""},{""type"":{""value"":212,""displayName"":""Length""},""value"":""20.2""}]",true,false,false,false,Pass,Successful,FirstHalf,2025-12-05 23:16:15.684766+00
2879344621,1903251,432,41,56,167,388098,50.3,37.9,46.7,37.7,,,,,"[{""type"":{""value"":141,""displayName"":""PassEndY""},""value"":""37.7""},{""type"":{""value"":140,""displayName"":""PassEndX""},""value"":""46.7""},{""type"":{""value"":56,""displayName"":""Zone""},""value"":""Back""},{""type"":{""value"":156,""displayName"":""LayOff""}},{""type"":{""value"":213,""displayName"":""Angle""},""value"":""3.18""},{""type"":{""value"":212,""displayName"":""Length""},""value"":""3.8""}]",true,false,false,false,Pass,Successful,FirstHalf,2025-12-05 23:16:15.684766+00
2879344655,1903251,433,41,57,167,331254,46.7,37.7,43.2,27.6,,,,,"[{""type"":{""value"":213,""displayName"":""Angle""},""value"":""4.22""},{""type"":{""value"":140,""displayName"":""PassEndX""},""value"":""43.2""},{""type"":{""value"":56,""displayName"":""Zone""},""value"":""Back""},{""type"":{""value"":141,""displayName"":""PassEndY""},""value"":""27.6""},{""type"":{""value"":212,""displayName"":""Length""},""value"":""7.8""}]",true,false,false,false,Pass,Successful,FirstHalf,2025-12-05 23:16:15.684766+00
2879344691,1903251,385,42,1,170,231135,23,49.4,,,,,,,"[{""type"":{""value"":15,""displayName"":""Head""}},{""type"":{""value"":56,""displayName"":""Zone""},""value"":""Back""}]",true,false,false,false,Interception,Successful,FirstHalf,2025-12-05 23:16:15.684766+00
2879344693,1903251,434,41,58,167,394933,43.5,27.6,77,50.6,,,,,"[{""type"":{""value"":140,""displayName"":""PassEndX""},""value"":""77.0""},{""type"":{""value"":1,""displayName"":""Longball""}},{""type"":{""value"":213,""displayName"":""Angle""},""value"":""0.42""},{""type"":{""value"":56,""displayName"":""Zone""},""value"":""Center""},{""type"":{""value"":212,""displayName"":""Length""},""value"":""38.5""},{""type"":{""value"":141,""displayName"":""PassEndY""},""value"":""50.6""},{""type"":{""value"":155,""displayName"":""Chipped""}}]",true,false,false,false,Pass,Unsuccessful,FirstHalf,2025-12-05 23:16:15.684766+00
2879344729,1903251,435,42,2,167,315227,87.3,57.9,,,,,,,"[{""type"":{""value"":56,""displayName"":""Zone""},""value"":""Center""}]",true,false,false,false,BallTouch,Successful,FirstHalf,2025-12-05 23:16:15.684766+00
2879344771,1903251,386,42,4,170,145996,8.6,21.5,,,,,,,[],false,false,false,false,BallRecovery,Successful,FirstHalf,2025-12-05 23:16:15.684766+00
2879344853,1903251,387,42,7,170,145996,5.6,4.6,34.5,19.9,,,,,"[{""type"":{""value"":213,""displayName"":""Angle""},""value"":""0.33""},{""type"":{""value"":1,""displayName"":""Longball""}},{""type"":{""value"":212,""displayName"":""Length""},""value"":""32.1""},{""type"":{""value"":141,""displayName"":""PassEndY""},""value"":""19.9""},{""type"":{""value"":140,""displayName"":""PassEndX""},""value"":""34.5""},{""type"":{""value"":56,""displayName"":""Zone""},""value"":""Back""}]",true,false,false,false,Pass,Unsuccessful,FirstHalf,2025-12-05 23:16:15.684766+00
2879344885,1903251,436,42,10,167,422939,67.4,80.9,,,,,,,[],false,false,false,false,BallRecovery,Successful,FirstHalf,2025-12-05 23:16:15.684766+00
2879344941,1903251,437,42,10,167,422939,67.4,80.9,77.9,83.6,,,,,"[{""type"":{""value"":213,""displayName"":""Angle""},""value"":""0.17""},{""type"":{""value"":212,""displayName"":""Length""},""value"":""11.2""},{""type"":{""value"":141,""displayName"":""PassEndY""},""value"":""83.6""},{""type"":{""value"":56,""displayName"":""Zone""},""value"":""Left""},{""type"":{""value"":140,""displayName"":""PassEndX""},""value"":""77.9""}]",true,false,false,false,Pass,Successful,FirstHalf,2025-12-05 23:16:15.684766+00
2879344971,1903251,438,42,13,167,343382,77.7,85,80.3,67.6,,,,,"[{""type"":{""value"":56,""displayName"":""Zone""},""value"":""Center""},{""type"":{""value"":140,""displayName"":""PassEndX""},""value"":""80.3""},{""type"":{""value"":7,""displayName"":""PlayerCaughtOffside""},""value"":""315227""},{""type"":{""value"":141,""displayName"":""PassEndY""},""value"":""67.6""}]",true,false,false,false,OffsidePass,Successful,FirstHalf,2025-12-05 23:16:15.684766+00
2879344979,1903251,389,42,13,170,322611,19.5,50.9,,,,,,,[],false,false,false,false,OffsideProvoked,Successful,FirstHalf,2025-12-05 23:16:15.684766+00
2879345615,1903251,390,42,29,170,231135,19.9,32.5,32.3,34.4,,,,,"[{""type"":{""value"":5,""displayName"":""FreekickTaken""}},{""type"":{""value"":212,""displayName"":""Length""},""value"":""13.1""},{""type"":{""value"":141,""displayName"":""PassEndY""},""value"":""34.4""},{""type"":{""value"":140,""displayName"":""PassEndX""},""value"":""32.3""},{""type"":{""value"":56,""displayName"":""Zone""},""value"":""Back""},{""type"":{""value"":241,""displayName"":""IndirectFreekickTaken""}},{""type"":{""value"":213,""displayName"":""Angle""},""value"":""0.10""}]",true,false,false,false,Pass,Successful,FirstHalf,2025-12-05 23:16:15.684766+00
2879345661,1903251,391,42,40,170,321020,8.3,42.3,0,24.5,,,,,"[{""type"":{""value"":56,""displayName"":""Zone""},""value"":""Back""},{""type"":{""value"":140,""displayName"":""PassEndX""},""value"":""0.0""},{""type"":{""value"":213,""displayName"":""Angle""},""value"":""4.04""},{""type"":{""value"":212,""displayName"":""Length""},""value"":""15.5""},{""type"":{""value"":141,""displayName"":""PassEndY""},""value"":""24.5""}]",true,false,false,false,Clearance,Successful,FirstHalf,2025-12-05 23:16:15.684766+00
2879345671,1903251,392,42,42,170,321020,0.9,23.8,,,,,,,"[{""type"":{""value"":56,""displayName"":""Zone""},""value"":""Back""},{""type"":{""value"":233,""displayName"":""OppositeRelatedEvent""},""value"":""439""},{""type"":{""value"":73,""displayName"":""MissLeft""}}]",false,false,false,false,CornerAwarded,Unsuccessful,FirstHalf,2025-12-05 23:16:15.684766+00
2879345895,1903251,439,42,42,167,388098,99.1,76.2,,,,,,,"[{""type"":{""value"":73,""displayName"":""MissLeft""}},{""type"":{""value"":56,""displayName"":""Zone""},""value"":""Center""},{""type"":{""value"":233,""displayName"":""OppositeRelatedEvent""},""value"":""392""}]",false,false,false,false,CornerAwarded,Successful,FirstHalf,2025-12-05 23:16:15.684766+00
2879346083,1903251,440,43,16,167,343382,99.5,99.5,95.2,44.5,,,,,"[{""type"":{""value"":213,""displayName"":""Angle""},""value"":""4.59""},{""type"":{""value"":212,""displayName"":""Length""},""value"":""37.7""},{""type"":{""value"":56,""displayName"":""Zone""},""value"":""Center""},{""type"":{""value"":6,""displayName"":""CornerTaken""}},{""type"":{""value"":155,""displayName"":""Chipped""}},{""type"":{""value"":2,""displayName"":""Cross""}},{""type"":{""value"":233,""displayName"":""OppositeRelatedEvent""},""value"":""393""},{""type"":{""value"":20,""displayName"":""RightFoot""}},{""type"":{""value"":1,""displayName"":""Longball""}},{""type"":{""value"":140,""displayName"":""PassEndX""},""value"":""95.2""},{""type"":{""value"":141,""displayName"":""PassEndY""},""value"":""44.5""}]",true,false,false,false,Pass,Unsuccessful,FirstHalf,2025-12-05 23:16:15.684766+00
2879346123,1903251,393,43,19,170,92173,4.8,55.5,21.1,59.2,,,,,"[{""type"":{""value"":213,""displayName"":""Angle""},""value"":""0.15""},{""type"":{""value"":140,""displayName"":""PassEndX""},""value"":""21.1""},{""type"":{""value"":141,""displayName"":""PassEndY""},""value"":""59.2""},{""type"":{""value"":212,""displayName"":""Length""},""value"":""17.3""},{""type"":{""value"":233,""displayName"":""OppositeRelatedEvent""},""value"":""440""}]",true,false,false,false,Punch,Unsuccessful,FirstHalf,2025-12-05 23:16:15.684766+00
2879346177,1903251,441,43,21,167,331254,79.9,41.7,,,,,24.1,53.6,"[{""type"":{""value"":77,""displayName"":""HighLeft""}},{""type"":{""value"":215,""displayName"":""IndividualPlay""}},{""type"":{""value"":103,""displayName"":""GoalMouthZ""},""value"":""24.1""},{""type"":{""value"":72,""displayName"":""LeftFoot""}},{""type"":{""value"":102,""displayName"":""GoalMouthY""},""value"":""53.6""},{""type"":{""value"":56,""displayName"":""Zone""},""value"":""Center""},{""type"":{""value"":18,""displayName"":""OutOfBoxCentre""}},{""type"":{""value"":25,""displayName"":""FromCorner""}}]",true,true,true,false,Goal,Successful,FirstHalf,2025-12-05 23:16:15.684766+00
2879347601,1903251,394,44,40,170,333044,49.9,50.5,28.5,51.5,,,,,"[{""type"":{""value"":141,""displayName"":""PassEndY""},""value"":""51.5""},{""type"":{""value"":140,""displayName"":""PassEndX""},""value"":""28.5""},{""type"":{""value"":56,""displayName"":""Zone""},""value"":""Back""},{""type"":{""value"":213,""displayName"":""Angle""},""value"":""3.11""},{""type"":{""value"":212,""displayName"":""Length""},""value"":""22.5""}]",true,false,false,false,Pass,Successful,FirstHalf,2025-12-05 23:16:15.684766+00
2879347627,1903251,442,44,46,167,331254,41,9.3,,,,,,,"[{""type"":{""value"":233,""displayName"":""OppositeRelatedEvent""},""value"":""396""},{""type"":{""value"":285,""displayName"":""Defensive""}},{""type"":{""value"":56,""displayName"":""Zone""},""value"":""Back""}]",false,false,false,false,Aerial,Successful,FirstHalf,2025-12-05 23:16:15.684766+00
2879347633,1903251,443,44,47,167,331254,33.3,8.5,,,,,,,"[{""type"":{""value"":56,""displayName"":""Zone""},""value"":""Back""}]",true,false,false,false,BallTouch,Successful,FirstHalf,2025-12-05 23:16:15.684766+00
2879347639,1903251,395,44,44,170,231135,32.9,50.3,72.2,93.2,,,,,"[{""type"":{""value"":141,""displayName"":""PassEndY""},""value"":""93.2""},{""type"":{""value"":140,""displayName"":""PassEndX""},""value"":""72.2""},{""type"":{""value"":155,""displayName"":""Chipped""}},{""type"":{""value"":212,""displayName"":""Length""},""value"":""50.5""},{""type"":{""value"":213,""displayName"":""Angle""},""value"":""0.62""},{""type"":{""value"":1,""displayName"":""Longball""}},{""type"":{""value"":56,""displayName"":""Zone""},""value"":""Left""}]",true,false,false,false,Pass,Unsuccessful,FirstHalf,2025-12-05 23:16:15.684766+00
2879347647,1903251,396,44,46,170,108186,59,90.7,,,,,,,"[{""type"":{""value"":233,""displayName"":""OppositeRelatedEvent""},""value"":""442""},{""type"":{""value"":56,""displayName"":""Zone""},""value"":""Left""},{""type"":{""value"":286,""displayName"":""Offensive""}}]",false,false,false,false,Aerial,Unsuccessful,FirstHalf,2025-12-05 23:16:15.684766+00
2879347783,1903251,398,44,54,170,322611,69.3,100,65.7,88.6,,,,,"[{""type"":{""value"":212,""displayName"":""Length""},""value"":""9.6""},{""type"":{""value"":213,""displayName"":""Angle""},""value"":""4.31""},{""type"":{""value"":107,""displayName"":""ThrowIn""}},{""type"":{""value"":141,""displayName"":""PassEndY""},""value"":""88.6""},{""type"":{""value"":56,""displayName"":""Zone""},""value"":""Left""},{""type"":{""value"":140,""displayName"":""PassEndX""},""value"":""65.7""}]",true,false,false,false,Pass,Successful,FirstHalf,2025-12-05 23:16:15.684766+00
2879347801,1903251,399,44,55,170,321020,66.2,87.7,65.4,92.5,,,,,"[{""type"":{""value"":140,""displayName"":""PassEndX""},""value"":""65.4""},{""type"":{""value"":141,""displayName"":""PassEndY""},""value"":""92.5""},{""type"":{""value"":212,""displayName"":""Length""},""value"":""3.4""},{""type"":{""value"":56,""displayName"":""Zone""},""value"":""Left""},{""type"":{""value"":213,""displayName"":""Angle""},""value"":""1.82""}]",true,false,false,false,Pass,Successful,FirstHalf,2025-12-05 23:16:15.684766+00
2879347845,1903251,400,44,57,170,322611,65.5,95.2,54.9,87.4,,,,,"[{""type"":{""value"":56,""displayName"":""Zone""},""value"":""Left""},{""type"":{""value"":140,""displayName"":""PassEndX""},""value"":""54.9""},{""type"":{""value"":141,""displayName"":""PassEndY""},""value"":""87.4""},{""type"":{""value"":212,""displayName"":""Length""},""value"":""12.3""},{""type"":{""value"":213,""displayName"":""Angle""},""value"":""3.59""}]",true,false,false,false,Pass,Successful,FirstHalf,2025-12-05 23:16:15.684766+00
2879347913,1903251,401,44,58,170,396976,55.9,86.3,46.7,67,,,,,"[{""type"":{""value"":212,""displayName"":""Length""},""value"":""16.3""},{""type"":{""value"":141,""displayName"":""PassEndY""},""value"":""67.0""},{""type"":{""value"":213,""displayName"":""Angle""},""value"":""4.08""},{""type"":{""value"":140,""displayName"":""PassEndX""},""value"":""46.7""},{""type"":{""value"":56,""displayName"":""Zone""},""value"":""Back""}]",true,false,false,false,Pass,Successful,FirstHalf,2025-12-05 23:16:15.684766+00
2879347947,1903251,402,45,2,170,231135,46.8,59.8,44.9,36.9,,,,,"[{""type"":{""value"":141,""displayName"":""PassEndY""},""value"":""36.9""},{""type"":{""value"":212,""displayName"":""Length""},""value"":""15.7""},{""type"":{""value"":213,""displayName"":""Angle""},""value"":""4.58""},{""type"":{""value"":56,""displayName"":""Zone""},""value"":""Back""},{""type"":{""value"":140,""displayName"":""PassEndX""},""value"":""44.9""}]",true,false,false,false,Pass,Successful,FirstHalf,2025-12-05 23:16:15.684766+00
2879348045,1903251,403,45,3,170,145996,44.2,35.1,55.3,25.3,,,,,"[{""type"":{""value"":212,""displayName"":""Length""},""value"":""13.4""},{""type"":{""value"":141,""displayName"":""PassEndY""},""value"":""25.3""},{""type"":{""value"":213,""displayName"":""Angle""},""value"":""5.76""},{""type"":{""value"":56,""displayName"":""Zone""},""value"":""Center""},{""type"":{""value"":140,""displayName"":""PassEndX""},""value"":""55.3""}]",true,false,false,false,Pass,Successful,FirstHalf,2025-12-05 23:16:15.684766+00
2879348101,1903251,404,45,7,170,297395,52.4,26,38.8,34.6,,,,,"[{""type"":{""value"":140,""displayName"":""PassEndX""},""value"":""38.8""},{""type"":{""value"":141,""displayName"":""PassEndY""},""value"":""34.6""},{""type"":{""value"":56,""displayName"":""Zone""},""value"":""Back""},{""type"":{""value"":212,""displayName"":""Length""},""value"":""15.4""},{""type"":{""value"":213,""displayName"":""Angle""},""value"":""2.75""}]",true,false,false,false,Pass,Successful,FirstHalf,2025-12-05 23:16:15.684766+00
2879348143,1903251,405,45,10,170,231135,40.2,31.5,68.3,7.3,,,,,"[{""type"":{""value"":141,""displayName"":""PassEndY""},""value"":""7.3""},{""type"":{""value"":212,""displayName"":""Length""},""value"":""33.8""},{""type"":{""value"":155,""displayName"":""Chipped""}},{""type"":{""value"":56,""displayName"":""Zone""},""value"":""Right""},{""type"":{""value"":140,""displayName"":""PassEndX""},""value"":""68.3""},{""type"":{""value"":1,""displayName"":""Longball""}},{""type"":{""value"":213,""displayName"":""Angle""},""value"":""5.77""}]",true,false,false,false,Pass,Successful,FirstHalf,2025-12-05 23:16:15.684766+00
2879348225,1903251,406,45,12,170,333044,68.2,7.2,68.9,16.1,,,,,"[{""type"":{""value"":56,""displayName"":""Zone""},""value"":""Right""},{""type"":{""value"":140,""displayName"":""PassEndX""},""value"":""68.9""},{""type"":{""value"":141,""displayName"":""PassEndY""},""value"":""16.1""},{""type"":{""value"":3,""displayName"":""HeadPass""}},{""type"":{""value"":212,""displayName"":""Length""},""value"":""6.1""},{""type"":{""value"":213,""displayName"":""Angle""},""value"":""1.45""}]",true,false,false,false,Pass,Successful,FirstHalf,2025-12-05 23:16:15.684766+00
2879348233,1903251,445,45,15,167,402664,19.9,88.3,0,61.4,,,,,"[{""type"":{""value"":140,""displayName"":""PassEndX""},""value"":""0.0""},{""type"":{""value"":141,""displayName"":""PassEndY""},""value"":""61.4""},{""type"":{""value"":213,""displayName"":""Angle""},""value"":""3.82""},{""type"":{""value"":56,""displayName"":""Zone""},""value"":""Back""},{""type"":{""value"":212,""displayName"":""Length""},""value"":""29.1""}]",true,false,false,false,Clearance,Successful,FirstHalf,2025-12-05 23:16:15.684766+00
2879348237,1903251,407,45,15,170,108186,69.1,14.4,,,,,,,"[{""type"":{""value"":56,""displayName"":""Zone""},""value"":""Right""}]",true,false,false,false,BallTouch,Unsuccessful,FirstHalf,2025-12-05 23:16:15.684766+00
2879348241,1903251,446,45,16,167,402664,11.4,71,,,,,,,"[{""type"":{""value"":56,""displayName"":""Zone""},""value"":""Back""},{""type"":{""value"":73,""displayName"":""MissLeft""}},{""type"":{""value"":233,""displayName"":""OppositeRelatedEvent""},""value"":""408""}]",false,false,false,false,CornerAwarded,Unsuccessful,FirstHalf,2025-12-05 23:16:15.684766+00
2879348273,1903251,408,45,16,170,108186,88.6,29,,,,,,,"[{""type"":{""value"":75,""displayName"":""MissRight""}},{""type"":{""value"":56,""displayName"":""Zone""},""value"":""Center""},{""type"":{""value"":233,""displayName"":""OppositeRelatedEvent""},""value"":""446""}]",false,false,false,false,CornerAwarded,Successful,FirstHalf,2025-12-05 23:16:15.684766+00
2879348825,1903251,409,45,51,170,333044,99.5,0.5,94,34.6,,,,,"[{""type"":{""value"":155,""displayName"":""Chipped""}},{""type"":{""value"":140,""displayName"":""PassEndX""},""value"":""94.0""},{""type"":{""value"":6,""displayName"":""CornerTaken""}},{""type"":{""value"":56,""displayName"":""Zone""},""value"":""Center""},{""type"":{""value"":72,""displayName"":""LeftFoot""}},{""type"":{""value"":213,""displayName"":""Angle""},""value"":""1.81""},{""type"":{""value"":212,""displayName"":""Length""},""value"":""23.9""},{""type"":{""value"":141,""displayName"":""PassEndY""},""value"":""34.6""},{""type"":{""value"":2,""displayName"":""Cross""}}]",true,false,false,false,Pass,Unsuccessful,FirstHalf,2025-12-05 23:16:15.684766+00
2879348859,1903251,447,45,53,167,331254,5.2,65.4,25.2,72.4,,,,,"[{""type"":{""value"":213,""displayName"":""Angle""},""value"":""0.22""},{""type"":{""value"":212,""displayName"":""Length""},""value"":""21.5""},{""type"":{""value"":141,""displayName"":""PassEndY""},""value"":""72.4""},{""type"":{""value"":15,""displayName"":""Head""}},{""type"":{""value"":56,""displayName"":""Zone""},""value"":""Back""},{""type"":{""value"":140,""displayName"":""PassEndX""},""value"":""25.2""}]",true,false,false,false,Clearance,Successful,FirstHalf,2025-12-05 23:16:15.684766+00
2879348885,1903251,448,45,56,167,394933,25.1,73.8,,,,,,,"[{""type"":{""value"":56,""displayName"":""Zone""},""value"":""Back""}]",true,false,false,false,BallTouch,Unsuccessful,FirstHalf,2025-12-05 23:16:15.684766+00
2879348959,1903251,410,45,57,170,136824,68.5,19.6,91.5,20.6,,,,,"[{""type"":{""value"":213,""displayName"":""Angle""},""value"":""0.03""},{""type"":{""value"":56,""displayName"":""Zone""},""value"":""Right""},{""type"":{""value"":141,""displayName"":""PassEndY""},""value"":""20.6""},{""type"":{""value"":140,""displayName"":""PassEndX""},""value"":""91.5""},{""type"":{""value"":212,""displayName"":""Length""},""value"":""24.2""}]",true,false,false,false,Pass,Successful,FirstHalf,2025-12-05 23:16:15.684766+00
2879349011,1903251,411,46,0,170,333044,92,19.7,89.5,42.3,,,,,"[{""type"":{""value"":154,""displayName"":""IntentionalAssist""}},{""type"":{""value"":210,""displayName"":""ShotAssist""},""value"":""16""},{""type"":{""value"":25,""displayName"":""FromCorner""}},{""type"":{""value"":56,""displayName"":""Zone""},""value"":""Center""},{""type"":{""value"":20,""displayName"":""RightFoot""}},{""type"":{""value"":155,""displayName"":""Chipped""}},{""type"":{""value"":2,""displayName"":""Cross""}},{""type"":{""value"":141,""displayName"":""PassEndY""},""value"":""42.3""},{""type"":{""value"":213,""displayName"":""Angle""},""value"":""1.74""},{""type"":{""value"":212,""displayName"":""Length""},""value"":""15.6""},{""type"":{""value"":140,""displayName"":""PassEndX""},""value"":""89.5""},{""type"":{""value"":11111,""displayName"":""IntentionalGoalAssist""}},{""type"":{""value"":11113,""displayName"":""KeyPass""}}]",true,false,false,false,Pass,Successful,FirstHalf,2025-12-05 23:16:15.684766+00
2879349017,1903251,412,46,1,170,363686,89.5,42.3,,,,,20.3,53.6,"[{""type"":{""value"":15,""displayName"":""Head""}},{""type"":{""value"":56,""displayName"":""Zone""},""value"":""Center""},{""type"":{""value"":17,""displayName"":""BoxCentre""}},{""type"":{""value"":55,""displayName"":""RelatedEventId""},""value"":""411""},{""type"":{""value"":328,""displayName"":""FirstTouch""}},{""type"":{""value"":25,""displayName"":""FromCorner""}},{""type"":{""value"":102,""displayName"":""GoalMouthY""},""value"":""53.6""},{""type"":{""value"":77,""displayName"":""HighLeft""}},{""type"":{""value"":103,""displayName"":""GoalMouthZ""},""value"":""20.3""},{""type"":{""value"":154,""displayName"":""IntentionalAssist""}},{""type"":{""value"":29,""displayName"":""Assisted""}}]",true,true,true,false,Goal,Successful,FirstHalf,2025-12-05 23:16:15.684766+00
2879349105,1903251,450,42,37,167,388098,95.2,84,89.9,58.3,,,,,"[{""type"":{""value"":140,""displayName"":""PassEndX""},""value"":""89.9""},{""type"":{""value"":141,""displayName"":""PassEndY""},""value"":""58.3""},{""type"":{""value"":20,""displayName"":""RightFoot""}},{""type"":{""value"":212,""displayName"":""Length""},""value"":""18.3""},{""type"":{""value"":2,""displayName"":""Cross""}},{""type"":{""value"":213,""displayName"":""Angle""},""value"":""4.40""},{""type"":{""value"":56,""displayName"":""Zone""},""value"":""Center""}]",true,false,false,false,Pass,Unsuccessful,FirstHalf,2025-12-05 23:16:15.684766+00
2879349973,1903251,452,46,51,167,343382,50.1,49.9,24.6,46.6,,,,,"[{""type"":{""value"":56,""displayName"":""Zone""},""value"":""Back""},{""type"":{""value"":213,""displayName"":""Angle""},""value"":""3.23""},{""type"":{""value"":212,""displayName"":""Length""},""value"":""26.9""},{""type"":{""value"":141,""displayName"":""PassEndY""},""value"":""46.6""},{""type"":{""value"":140,""displayName"":""PassEndX""},""value"":""24.6""}]",true,false,false,false,Pass,Successful,FirstHalf,2025-12-05 23:16:15.684766+00
2879349977,1903251,453,46,55,167,262515,24.1,41.7,70.7,22.3,,,,,"[{""type"":{""value"":1,""displayName"":""Longball""}},{""type"":{""value"":212,""displayName"":""Length""},""value"":""50.7""},{""type"":{""value"":56,""displayName"":""Zone""},""value"":""Center""},{""type"":{""value"":213,""displayName"":""Angle""},""value"":""6.02""},{""type"":{""value"":140,""displayName"":""PassEndX""},""value"":""70.7""},{""type"":{""value"":141,""displayName"":""PassEndY""},""value"":""22.3""}]",true,false,false,false,Pass,Successful,FirstHalf,2025-12-05 23:16:15.684766+00
2879350033,1903251,454,46,58,167,315227,72.9,23.9,64.8,11.4,,,,,"[{""type"":{""value"":3,""displayName"":""HeadPass""}},{""type"":{""value"":140,""displayName"":""PassEndX""},""value"":""64.8""},{""type"":{""value"":212,""displayName"":""Length""},""value"":""12.0""},{""type"":{""value"":213,""displayName"":""Angle""},""value"":""3.93""},{""type"":{""value"":56,""displayName"":""Zone""},""value"":""Right""},{""type"":{""value"":156,""displayName"":""LayOff""}},{""type"":{""value"":141,""displayName"":""PassEndY""},""value"":""11.4""}]",true,false,false,false,Pass,Unsuccessful,FirstHalf,2025-12-05 23:16:15.684766+00
2879350097,1903251,413,47,1,170,136824,31.9,83.8,,,,,,,[],false,false,false,false,BallRecovery,Successful,FirstHalf,2025-12-05 23:16:15.684766+00
2879350121,1903251,414,47,2,170,136824,32.2,81.2,44.3,58.1,,,,,"[{""type"":{""value"":212,""displayName"":""Length""},""value"":""20.2""},{""type"":{""value"":213,""displayName"":""Angle""},""value"":""5.39""},{""type"":{""value"":56,""displayName"":""Zone""},""value"":""Back""},{""type"":{""value"":140,""displayName"":""PassEndX""},""value"":""44.3""},{""type"":{""value"":141,""displayName"":""PassEndY""},""value"":""58.1""}]",true,false,false,false,Pass,Successful,FirstHalf,2025-12-05 23:16:15.684766+00
2879350147,1903251,455,47,5,167,136741,43.4,38.3,41,38.3,,,,,"[{""type"":{""value"":140,""displayName"":""PassEndX""},""value"":""41.0""},{""type"":{""value"":141,""displayName"":""PassEndY""},""value"":""38.3""},{""type"":{""value"":212,""displayName"":""Length""},""value"":""2.5""},{""type"":{""value"":56,""displayName"":""Zone""},""value"":""Back""},{""type"":{""value"":286,""displayName"":""Offensive""}},{""type"":{""value"":233,""displayName"":""OppositeRelatedEvent""},""value"":""416""},{""type"":{""value"":213,""displayName"":""Angle""},""value"":""3.14""}]",true,false,false,false,Pass,Unsuccessful,FirstHalf,2025-12-05 23:16:15.684766+00
2879350163,1903251,415,47,4,170,297395,49.6,62,55.3,69.1,,,,,"[{""type"":{""value"":140,""displayName"":""PassEndX""},""value"":""55.3""},{""type"":{""value"":56,""displayName"":""Zone""},""value"":""Center""},{""type"":{""value"":141,""displayName"":""PassEndY""},""value"":""69.1""},{""type"":{""value"":213,""displayName"":""Angle""},""value"":""0.68""},{""type"":{""value"":212,""displayName"":""Length""},""value"":""7.7""}]",true,false,false,false,Pass,Successful,FirstHalf,2025-12-05 23:16:15.684766+00
2879350171,1903251,416,47,5,170,108186,59,61.7,,,,,,,"[{""type"":{""value"":285,""displayName"":""Defensive""}},{""type"":{""value"":56,""displayName"":""Zone""},""value"":""Center""},{""type"":{""value"":233,""displayName"":""OppositeRelatedEvent""},""value"":""455""}]",true,false,false,false,BlockedPass,Successful,FirstHalf,2025-12-05 23:16:15.684766+00
2879350229,1903251,417,47,8,170,108186,57.5,38.1,63.6,15.8,,,,,"[{""type"":{""value"":141,""displayName"":""PassEndY""},""value"":""15.8""},{""type"":{""value"":212,""displayName"":""Length""},""value"":""16.5""},{""type"":{""value"":213,""displayName"":""Angle""},""value"":""5.11""},{""type"":{""value"":140,""displayName"":""PassEndX""},""value"":""63.6""},{""type"":{""value"":56,""displayName"":""Zone""},""value"":""Right""}]",true,false,false,false,Pass,Successful,FirstHalf,2025-12-05 23:16:15.684766+00
2879350261,1903251,418,47,10,170,145996,64.5,13.1,73,11.9,,,,,"[{""type"":{""value"":213,""displayName"":""Angle""},""value"":""6.19""},{""type"":{""value"":141,""displayName"":""PassEndY""},""value"":""11.9""},{""type"":{""value"":212,""displayName"":""Length""},""value"":""9.0""},{""type"":{""value"":56,""displayName"":""Zone""},""value"":""Right""},{""type"":{""value"":140,""displayName"":""PassEndX""},""value"":""73.0""}]",true,false,false,false,Pass,Successful,FirstHalf,2025-12-05 23:16:15.684766+00
2879350295,1903251,419,47,12,170,297395,74.9,13.7,67.3,22.1,,,,,"[{""type"":{""value"":140,""displayName"":""PassEndX""},""value"":""67.3""},{""type"":{""value"":213,""displayName"":""Angle""},""value"":""2.52""},{""type"":{""value"":56,""displayName"":""Zone""},""value"":""Center""},{""type"":{""value"":212,""displayName"":""Length""},""value"":""9.8""},{""type"":{""value"":141,""displayName"":""PassEndY""},""value"":""22.1""}]",true,false,false,false,Pass,Successful,FirstHalf,2025-12-05 23:16:15.684766+00
2879350361,1903251,420,47,15,170,321020,65.4,23.8,84.6,10.7,,,,,"[{""type"":{""value"":56,""displayName"":""Zone""},""value"":""Right""},{""type"":{""value"":140,""displayName"":""PassEndX""},""value"":""84.6""},{""type"":{""value"":141,""displayName"":""PassEndY""},""value"":""10.7""},{""type"":{""value"":213,""displayName"":""Angle""},""value"":""5.87""},{""type"":{""value"":212,""displayName"":""Length""},""value"":""22.0""}]",true,false,false,false,Pass,Successful,FirstHalf,2025-12-05 23:16:15.684766+00
2879350413,1903251,421,47,19,170,145996,79.5,10.1,64.1,31.9,,,,,"[{""type"":{""value"":56,""displayName"":""Zone""},""value"":""Center""},{""type"":{""value"":140,""displayName"":""PassEndX""},""value"":""64.1""},{""type"":{""value"":213,""displayName"":""Angle""},""value"":""2.40""},{""type"":{""value"":212,""displayName"":""Length""},""value"":""21.9""},{""type"":{""value"":141,""displayName"":""PassEndY""},""value"":""31.9""}]",true,false,false,false,Pass,Successful,FirstHalf,2025-12-05 23:16:15.684766+00
2879350417,1903251,422,47,21,170,231135,60.6,33.9,58.7,63.3,,,,,"[{""type"":{""value"":141,""displayName"":""PassEndY""},""value"":""63.3""},{""type"":{""value"":56,""displayName"":""Zone""},""value"":""Center""},{""type"":{""value"":140,""displayName"":""PassEndX""},""value"":""58.7""},{""type"":{""value"":213,""displayName"":""Angle""},""value"":""1.67""},{""type"":{""value"":212,""displayName"":""Length""},""value"":""20.1""}]",true,false,false,false,Pass,Successful,FirstHalf,2025-12-05 23:16:15.684766+00
2879350517,1903251,423,47,23,170,396976,58.6,66.1,68.7,97.2,,,,,"[{""type"":{""value"":141,""displayName"":""PassEndY""},""value"":""97.2""},{""type"":{""value"":56,""displayName"":""Zone""},""value"":""Left""},{""type"":{""value"":140,""displayName"":""PassEndX""},""value"":""68.7""},{""type"":{""value"":212,""displayName"":""Length""},""value"":""23.7""},{""type"":{""value"":213,""displayName"":""Angle""},""value"":""1.11""}]",true,false,false,false,Pass,Successful,FirstHalf,2025-12-05 23:16:15.684766+00
2879350529,1903251,424,47,27,170,136824,69.5,97.3,72.2,83.2,,,,,"[{""type"":{""value"":140,""displayName"":""PassEndX""},""value"":""72.2""},{""type"":{""value"":141,""displayName"":""PassEndY""},""value"":""83.2""},{""type"":{""value"":212,""displayName"":""Length""},""value"":""10.0""},{""type"":{""value"":56,""displayName"":""Zone""},""value"":""Left""},{""type"":{""value"":213,""displayName"":""Angle""},""value"":""5.00""}]",true,false,false,false,Pass,Successful,FirstHalf,2025-12-05 23:16:15.684766+00
2879350573,1903251,425,47,28,170,363686,73.2,83.3,86.3,92.5,,,,,"[{""type"":{""value"":56,""displayName"":""Zone""},""value"":""Left""},{""type"":{""value"":140,""displayName"":""PassEndX""},""value"":""86.3""},{""type"":{""value"":213,""displayName"":""Angle""},""value"":""0.43""},{""type"":{""value"":212,""displayName"":""Length""},""value"":""15.1""},{""type"":{""value"":141,""displayName"":""PassEndY""},""value"":""92.5""}]",true,false,false,false,Pass,Successful,FirstHalf,2025-12-05 23:16:15.684766+00
2879350609,1903251,426,47,31,170,136824,86.5,90.7,91.5,58.9,,,,,"[{""type"":{""value"":140,""displayName"":""PassEndX""},""value"":""91.5""},{""type"":{""value"":213,""displayName"":""Angle""},""value"":""4.95""},{""type"":{""value"":155,""displayName"":""Chipped""}},{""type"":{""value"":20,""displayName"":""RightFoot""}},{""type"":{""value"":56,""displayName"":""Zone""},""value"":""Center""},{""type"":{""value"":141,""displayName"":""PassEndY""},""value"":""58.9""},{""type"":{""value"":212,""displayName"":""Length""},""value"":""22.3""},{""type"":{""value"":2,""displayName"":""Cross""}}]",true,false,false,false,Pass,Unsuccessful,FirstHalf,2025-12-05 23:16:15.684766+00
2879350649,1903251,457,47,33,167,422939,9.5,45.5,27.9,25.6,,,,,"[{""type"":{""value"":15,""displayName"":""Head""}},{""type"":{""value"":212,""displayName"":""Length""},""value"":""23.6""},{""type"":{""value"":140,""displayName"":""PassEndX""},""value"":""27.9""},{""type"":{""value"":141,""displayName"":""PassEndY""},""value"":""25.6""},{""type"":{""value"":213,""displayName"":""Angle""},""value"":""5.67""},{""type"":{""value"":56,""displayName"":""Zone""},""value"":""Back""}]",true,false,false,false,Clearance,Successful,FirstHalf,2025-12-05 23:16:15.684766+00
2879350681,1903251,458,47,35,167,315227,27.9,25.6,21.9,29.1,,,,,"[{""type"":{""value"":140,""displayName"":""PassEndX""},""value"":""21.9""},{""type"":{""value"":213,""displayName"":""Angle""},""value"":""2.78""},{""type"":{""value"":56,""displayName"":""Zone""},""value"":""Back""},{""type"":{""value"":212,""displayName"":""Length""},""value"":""6.7""},{""type"":{""value"":141,""displayName"":""PassEndY""},""value"":""29.1""}]",true,false,false,false,Pass,Successful,FirstHalf,2025-12-05 23:16:15.684766+00
2879350753,1903251,459,47,37,167,343382,22.2,29.4,33,0,,,,,"[{""type"":{""value"":141,""displayName"":""PassEndY""},""value"":""0.0""},{""type"":{""value"":140,""displayName"":""PassEndX""},""value"":""33.0""},{""type"":{""value"":213,""displayName"":""Angle""},""value"":""5.21""},{""type"":{""value"":212,""displayName"":""Length""},""value"":""23.9""},{""type"":{""value"":1,""displayName"":""Longball""}},{""type"":{""value"":56,""displayName"":""Zone""},""value"":""Back""}]",true,false,false,false,Pass,Unsuccessful,FirstHalf,2025-12-05 23:16:15.684766+00
2879350911,1903251,428,47,43,170,136824,68.3,100,59.8,67.9,,,,,"[{""type"":{""value"":141,""displayName"":""PassEndY""},""value"":""67.9""},{""type"":{""value"":212,""displayName"":""Length""},""value"":""24.3""},{""type"":{""value"":213,""displayName"":""Angle""},""value"":""4.34""},{""type"":{""value"":107,""displayName"":""ThrowIn""}},{""type"":{""value"":56,""displayName"":""Zone""},""value"":""Center""},{""type"":{""value"":140,""displayName"":""PassEndX""},""value"":""59.8""},{""type"":{""value"":1,""displayName"":""Longball""}}]",true,false,false,false,Pass,Successful,FirstHalf,2025-12-05 23:16:15.684766+00
2879350937,1903251,429,47,47,170,321020,59.6,64.6,54.8,42.8,,,,,"[{""type"":{""value"":213,""displayName"":""Angle""},""value"":""4.38""},{""type"":{""value"":56,""displayName"":""Zone""},""value"":""Center""},{""type"":{""value"":140,""displayName"":""PassEndX""},""value"":""54.8""},{""type"":{""value"":141,""displayName"":""PassEndY""},""value"":""42.8""},{""type"":{""value"":212,""displayName"":""Length""},""value"":""15.7""}]",true,false,false,false,Pass,Successful,FirstHalf,2025-12-05 23:16:15.684766+00
2879350957,1903251,430,47,49,170,145996,55.1,36,67,12,,,,,"[{""type"":{""value"":56,""displayName"":""Zone""},""value"":""Right""},{""type"":{""value"":212,""displayName"":""Length""},""value"":""20.6""},{""type"":{""value"":213,""displayName"":""Angle""},""value"":""5.37""},{""type"":{""value"":140,""displayName"":""PassEndX""},""value"":""67.0""},{""type"":{""value"":141,""displayName"":""PassEndY""},""value"":""12.0""}]",true,false,false,false,Pass,Successful,FirstHalf,2025-12-05 23:16:15.684766+00
2879350985,1903251,431,47,50,170,333044,67.6,10.8,59.3,25.7,,,,,"[{""type"":{""value"":141,""displayName"":""PassEndY""},""value"":""25.7""},{""type"":{""value"":213,""displayName"":""Angle""},""value"":""2.28""},{""type"":{""value"":212,""displayName"":""Length""},""value"":""13.4""},{""type"":{""value"":56,""displayName"":""Zone""},""value"":""Center""},{""type"":{""value"":140,""displayName"":""PassEndX""},""value"":""59.3""}]",true,false,false,false,Pass,Successful,FirstHalf,2025-12-05 23:16:15.684766+00
2879351011,1903251,432,47,52,170,145996,59.6,23.9,67.8,25.1,,,,,"[{""type"":{""value"":141,""displayName"":""PassEndY""},""value"":""25.1""},{""type"":{""value"":212,""displayName"":""Length""},""value"":""8.6""},{""type"":{""value"":213,""displayName"":""Angle""},""value"":""0.09""},{""type"":{""value"":56,""displayName"":""Zone""},""value"":""Center""},{""type"":{""value"":140,""displayName"":""PassEndX""},""value"":""67.8""}]",true,false,false,false,Pass,Successful,FirstHalf,2025-12-05 23:16:15.684766+00
2879351041,1903251,433,47,54,170,333044,67.7,25.1,57.4,25.1,,,,,"[{""type"":{""value"":56,""displayName"":""Zone""},""value"":""Center""},{""type"":{""value"":212,""displayName"":""Length""},""value"":""10.8""},{""type"":{""value"":213,""displayName"":""Angle""},""value"":""3.14""},{""type"":{""value"":141,""displayName"":""PassEndY""},""value"":""25.1""},{""type"":{""value"":140,""displayName"":""PassEndX""},""value"":""57.4""}]",true,false,false,false,Pass,Successful,FirstHalf,2025-12-05 23:16:15.684766+00
2879351093,1903251,434,47,55,170,145996,57.6,28.1,52.4,44.1,,,,,"[{""type"":{""value"":212,""displayName"":""Length""},""value"":""12.2""},{""type"":{""value"":141,""displayName"":""PassEndY""},""value"":""44.1""},{""type"":{""value"":140,""displayName"":""PassEndX""},""value"":""52.4""},{""type"":{""value"":213,""displayName"":""Angle""},""value"":""2.04""},{""type"":{""value"":56,""displayName"":""Zone""},""value"":""Center""}]",true,false,false,false,Pass,Successful,FirstHalf,2025-12-05 23:16:15.684766+00
2879351225,1903251,435,47,58,170,231135,52.6,44.3,56.2,71,,,,,"[{""type"":{""value"":213,""displayName"":""Angle""},""value"":""1.37""},{""type"":{""value"":56,""displayName"":""Zone""},""value"":""Center""},{""type"":{""value"":141,""displayName"":""PassEndY""},""value"":""71.0""},{""type"":{""value"":140,""displayName"":""PassEndX""},""value"":""56.2""},{""type"":{""value"":212,""displayName"":""Length""},""value"":""18.5""}]",true,false,false,false,Pass,Successful,FirstHalf,2025-12-05 23:16:15.684766+00
2879351287,1903251,436,48,5,170,396976,57.3,68.1,54.3,49.7,,,,,"[{""type"":{""value"":56,""displayName"":""Zone""},""value"":""Center""},{""type"":{""value"":212,""displayName"":""Length""},""value"":""12.9""},{""type"":{""value"":140,""displayName"":""PassEndX""},""value"":""54.3""},{""type"":{""value"":213,""displayName"":""Angle""},""value"":""4.47""},{""type"":{""value"":141,""displayName"":""PassEndY""},""value"":""49.7""}]",true,false,false,false,Pass,Successful,FirstHalf,2025-12-05 23:16:15.684766+00
2879351333,1903251,437,48,9,170,231135,62.7,40.5,60.9,17.4,,,,,"[{""type"":{""value"":140,""displayName"":""PassEndX""},""value"":""60.9""},{""type"":{""value"":141,""displayName"":""PassEndY""},""value"":""17.4""},{""type"":{""value"":212,""displayName"":""Length""},""value"":""15.8""},{""type"":{""value"":56,""displayName"":""Zone""},""value"":""Right""},{""type"":{""value"":213,""displayName"":""Angle""},""value"":""4.59""}]",true,false,false,false,Pass,Successful,FirstHalf,2025-12-05 23:16:15.684766+00
2879351393,1903251,438,48,12,170,145996,59.9,11.4,66,5.8,,,,,"[{""type"":{""value"":213,""displayName"":""Angle""},""value"":""5.75""},{""type"":{""value"":56,""displayName"":""Zone""},""value"":""Right""},{""type"":{""value"":141,""displayName"":""PassEndY""},""value"":""5.8""},{""type"":{""value"":140,""displayName"":""PassEndX""},""value"":""66.0""},{""type"":{""value"":212,""displayName"":""Length""},""value"":""7.5""}]",true,false,false,false,Pass,Successful,FirstHalf,2025-12-05 23:16:15.684766+00
2879364587,1903251,463,27,6,167,331254,86.6,24.3,85.9,31.5,,,,,"[{""type"":{""value"":140,""displayName"":""PassEndX""},""value"":""85.9""},{""type"":{""value"":56,""displayName"":""Zone""},""value"":""Center""},{""type"":{""value"":213,""displayName"":""Angle""},""value"":""1.72""},{""type"":{""value"":141,""displayName"":""PassEndY""},""value"":""31.5""},{""type"":{""value"":212,""displayName"":""Length""},""value"":""5.0""}]",true,false,false,false,Pass,Successful,FirstHalf,2025-12-05 23:16:15.684766+00
2879365973,1903251,440,45,0,170,145996,0,0,,,,,,,"[{""type"":{""value"":44,""displayName"":""PlayerPosition""},""value"":""Defender""},{""type"":{""value"":59,""displayName"":""JerseyNumber""},""value"":""2""},{""type"":{""value"":55,""displayName"":""RelatedEventId""},""value"":""441""}]",false,false,false,false,SubstitutionOff,Successful,SecondHalf,2025-12-05 23:16:15.684766+00
2879365979,1903251,441,45,0,170,141169,0,0,,,,,,,"[{""type"":{""value"":145,""displayName"":""FormationSlot""},""value"":""2""},{""type"":{""value"":55,""displayName"":""RelatedEventId""},""value"":""440""},{""type"":{""value"":44,""displayName"":""PlayerPosition""},""value"":""Defender""},{""type"":{""value"":59,""displayName"":""JerseyNumber""},""value"":""21""}]",false,false,false,false,SubstitutionOn,Successful,SecondHalf,2025-12-05 23:16:15.684766+00
2879366345,1903251,442,45,0,170,297395,0,0,,,,,,,"[{""type"":{""value"":55,""displayName"":""RelatedEventId""},""value"":""443""},{""type"":{""value"":59,""displayName"":""JerseyNumber""},""value"":""20""},{""type"":{""value"":44,""displayName"":""PlayerPosition""},""value"":""Midfielder""}]",false,false,false,false,SubstitutionOff,Successful,SecondHalf,2025-12-05 23:16:15.684766+00
2879366351,1903251,443,45,0,170,363665,0,0,,,,,,,"[{""type"":{""value"":55,""displayName"":""RelatedEventId""},""value"":""442""},{""type"":{""value"":145,""displayName"":""FormationSlot""},""value"":""8""},{""type"":{""value"":44,""displayName"":""PlayerPosition""},""value"":""Midfielder""},{""type"":{""value"":59,""displayName"":""JerseyNumber""},""value"":""19""}]",false,false,false,false,SubstitutionOn,Successful,SecondHalf,2025-12-05 23:16:15.684766+00
2879366687,1903251,445,45,0,170,333044,49.9,49.7,37.3,44.3,,,,,"[{""type"":{""value"":141,""displayName"":""PassEndY""},""value"":""44.3""},{""type"":{""value"":212,""displayName"":""Length""},""value"":""13.7""},{""type"":{""value"":140,""displayName"":""PassEndX""},""value"":""37.3""},{""type"":{""value"":56,""displayName"":""Zone""},""value"":""Back""},{""type"":{""value"":213,""displayName"":""Angle""},""value"":""3.41""}]",true,false,false,false,Pass,Successful,SecondHalf,2025-12-05 23:16:15.684766+00
2879366755,1903251,446,45,3,170,231135,37.4,43.7,73.9,100,,,,,"[{""type"":{""value"":213,""displayName"":""Angle""},""value"":""0.79""},{""type"":{""value"":212,""displayName"":""Length""},""value"":""54.6""},{""type"":{""value"":155,""displayName"":""Chipped""}},{""type"":{""value"":140,""displayName"":""PassEndX""},""value"":""73.9""},{""type"":{""value"":1,""displayName"":""Longball""}},{""type"":{""value"":56,""displayName"":""Zone""},""value"":""Left""},{""type"":{""value"":141,""displayName"":""PassEndY""},""value"":""100.0""}]",true,false,false,false,Pass,Unsuccessful,SecondHalf,2025-12-05 23:16:15.684766+00
2879367021,1903251,466,45,22,167,394933,26.2,0,44,12.9,,,,,"[{""type"":{""value"":56,""displayName"":""Zone""},""value"":""Back""},{""type"":{""value"":107,""displayName"":""ThrowIn""}},{""type"":{""value"":141,""displayName"":""PassEndY""},""value"":""12.9""},{""type"":{""value"":213,""displayName"":""Angle""},""value"":""0.49""},{""type"":{""value"":140,""displayName"":""PassEndX""},""value"":""44.0""},{""type"":{""value"":212,""displayName"":""Length""},""value"":""21.1""}]",true,false,false,false,Pass,Unsuccessful,SecondHalf,2025-12-05 23:16:15.684766+00
2879367061,1903251,448,45,25,170,363686,61.1,72,42.8,68.2,,,,,"[{""type"":{""value"":141,""displayName"":""PassEndY""},""value"":""68.2""},{""type"":{""value"":140,""displayName"":""PassEndX""},""value"":""42.8""},{""type"":{""value"":56,""displayName"":""Zone""},""value"":""Back""},{""type"":{""value"":213,""displayName"":""Angle""},""value"":""3.28""},{""type"":{""value"":212,""displayName"":""Length""},""value"":""19.4""}]",true,false,false,false,Pass,Successful,SecondHalf,2025-12-05 23:16:15.684766+00
2879367063,1903251,449,45,27,170,231135,41,66.1,,,,,,,[],false,false,false,false,BallRecovery,Successful,SecondHalf,2025-12-05 23:16:15.684766+00
2879367137,1903251,450,45,29,170,231135,41,66.1,47,27.4,,,,,"[{""type"":{""value"":141,""displayName"":""PassEndY""},""value"":""27.4""},{""type"":{""value"":212,""displayName"":""Length""},""value"":""27.1""},{""type"":{""value"":213,""displayName"":""Angle""},""value"":""4.95""},{""type"":{""value"":140,""displayName"":""PassEndX""},""value"":""47.0""},{""type"":{""value"":56,""displayName"":""Zone""},""value"":""Back""}]",true,false,false,false,Pass,Successful,SecondHalf,2025-12-05 23:16:15.684766+00
2879367181,1903251,451,45,34,170,141169,69.5,17.3,85.7,17.4,,,,,"[{""type"":{""value"":56,""displayName"":""Zone""},""value"":""Right""},{""type"":{""value"":213,""displayName"":""Angle""},""value"":""0.00""},{""type"":{""value"":140,""displayName"":""PassEndX""},""value"":""85.7""},{""type"":{""value"":212,""displayName"":""Length""},""value"":""17.0""},{""type"":{""value"":141,""displayName"":""PassEndY""},""value"":""17.4""}]",true,false,false,false,Pass,Successful,SecondHalf,2025-12-05 23:16:15.684766+00
2879367209,1903251,452,45,38,170,108186,88.4,11.1,75.1,22.9,,,,,"[{""type"":{""value"":56,""displayName"":""Zone""},""value"":""Center""},{""type"":{""value"":213,""displayName"":""Angle""},""value"":""2.62""},{""type"":{""value"":140,""displayName"":""PassEndX""},""value"":""75.1""},{""type"":{""value"":141,""displayName"":""PassEndY""},""value"":""22.9""},{""type"":{""value"":212,""displayName"":""Length""},""value"":""16.1""}]",true,false,false,false,Pass,Successful,SecondHalf,2025-12-05 23:16:15.684766+00
2879367283,1903251,453,45,39,170,363686,74.4,22.3,73,5.2,,,,,"[{""type"":{""value"":140,""displayName"":""PassEndX""},""value"":""73.0""},{""type"":{""value"":212,""displayName"":""Length""},""value"":""11.7""},{""type"":{""value"":213,""displayName"":""Angle""},""value"":""4.59""},{""type"":{""value"":56,""displayName"":""Zone""},""value"":""Right""},{""type"":{""value"":141,""displayName"":""PassEndY""},""value"":""5.2""}]",true,false,false,false,Pass,Successful,SecondHalf,2025-12-05 23:16:15.684766+00
2879367325,1903251,454,45,42,170,333044,73.1,5.2,62.4,24.4,,,,,"[{""type"":{""value"":213,""displayName"":""Angle""},""value"":""2.28""},{""type"":{""value"":212,""displayName"":""Length""},""value"":""17.2""},{""type"":{""value"":56,""displayName"":""Zone""},""value"":""Center""},{""type"":{""value"":140,""displayName"":""PassEndX""},""value"":""62.4""},{""type"":{""value"":141,""displayName"":""PassEndY""},""value"":""24.4""}]",true,false,false,false,Pass,Successful,SecondHalf,2025-12-05 23:16:15.684766+00
2879367343,1903251,455,45,46,170,321020,61.2,25.7,42.9,24.5,,,,,"[{""type"":{""value"":140,""displayName"":""PassEndX""},""value"":""42.9""},{""type"":{""value"":141,""displayName"":""PassEndY""},""value"":""24.5""},{""type"":{""value"":212,""displayName"":""Length""},""value"":""19.2""},{""type"":{""value"":213,""displayName"":""Angle""},""value"":""3.18""},{""type"":{""value"":56,""displayName"":""Zone""},""value"":""Back""}]",true,false,false,false,Pass,Successful,SecondHalf,2025-12-05 23:16:15.684766+00
2879367417,1903251,456,45,47,170,231135,42.9,24.5,54.3,9.9,,,,,"[{""type"":{""value"":141,""displayName"":""PassEndY""},""value"":""9.9""},{""type"":{""value"":56,""displayName"":""Zone""},""value"":""Right""},{""type"":{""value"":213,""displayName"":""Angle""},""value"":""5.59""},{""type"":{""value"":140,""displayName"":""PassEndX""},""value"":""54.3""},{""type"":{""value"":212,""displayName"":""Length""},""value"":""15.6""}]",true,false,false,false,Pass,Successful,SecondHalf,2025-12-05 23:16:15.684766+00
2879367457,1903251,457,45,52,170,363686,45.7,17,44.3,29.8,,,,,"[{""type"":{""value"":213,""displayName"":""Angle""},""value"":""1.74""},{""type"":{""value"":56,""displayName"":""Zone""},""value"":""Back""},{""type"":{""value"":212,""displayName"":""Length""},""value"":""8.8""},{""type"":{""value"":140,""displayName"":""PassEndX""},""value"":""44.3""},{""type"":{""value"":141,""displayName"":""PassEndY""},""value"":""29.8""}]",true,false,false,false,Pass,Successful,SecondHalf,2025-12-05 23:16:15.684766+00
2879367497,1903251,458,45,56,170,136824,47.7,42.2,56.4,91.8,,,,,"[{""type"":{""value"":1,""displayName"":""Longball""}},{""type"":{""value"":213,""displayName"":""Angle""},""value"":""1.31""},{""type"":{""value"":140,""displayName"":""PassEndX""},""value"":""56.4""},{""type"":{""value"":56,""displayName"":""Zone""},""value"":""Left""},{""type"":{""value"":141,""displayName"":""PassEndY""},""value"":""91.8""},{""type"":{""value"":212,""displayName"":""Length""},""value"":""34.9""}]",true,false,false,false,Pass,Successful,SecondHalf,2025-12-05 23:16:15.684766+00
2879367569,1903251,459,45,58,170,322611,57.8,89.9,61.5,95.5,,,,,"[{""type"":{""value"":141,""displayName"":""PassEndY""},""value"":""95.5""},{""type"":{""value"":212,""displayName"":""Length""},""value"":""5.4""},{""type"":{""value"":140,""displayName"":""PassEndX""},""value"":""61.5""},{""type"":{""value"":56,""displayName"":""Zone""},""value"":""Left""},{""type"":{""value"":213,""displayName"":""Angle""},""value"":""0.78""}]",true,false,false,false,Pass,Successful,SecondHalf,2025-12-05 23:16:15.684766+00
2879367585,1903251,460,46,3,170,363665,55,76.8,43.1,73.2,,,,,"[{""type"":{""value"":213,""displayName"":""Angle""},""value"":""3.34""},{""type"":{""value"":56,""displayName"":""Zone""},""value"":""Back""},{""type"":{""value"":140,""displayName"":""PassEndX""},""value"":""43.1""},{""type"":{""value"":141,""displayName"":""PassEndY""},""value"":""73.2""},{""type"":{""value"":212,""displayName"":""Length""},""value"":""12.7""}]",true,false,false,false,Pass,Successful,SecondHalf,2025-12-05 23:16:15.684766+00
2879367631,1903251,461,46,5,170,396976,43.1,73.2,36.4,51.4,,,,,"[{""type"":{""value"":56,""displayName"":""Zone""},""value"":""Back""},{""type"":{""value"":140,""displayName"":""PassEndX""},""value"":""36.4""},{""type"":{""value"":212,""displayName"":""Length""},""value"":""16.4""},{""type"":{""value"":141,""displayName"":""PassEndY""},""value"":""51.4""},{""type"":{""value"":213,""displayName"":""Angle""},""value"":""4.27""}]",true,false,false,false,Pass,Successful,SecondHalf,2025-12-05 23:16:15.684766+00
2879367655,1903251,462,46,7,170,231135,35.1,46.1,39.7,23.2,,,,,"[{""type"":{""value"":56,""displayName"":""Zone""},""value"":""Back""},{""type"":{""value"":212,""displayName"":""Length""},""value"":""16.3""},{""type"":{""value"":140,""displayName"":""PassEndX""},""value"":""39.7""},{""type"":{""value"":213,""displayName"":""Angle""},""value"":""5.01""},{""type"":{""value"":141,""displayName"":""PassEndY""},""value"":""23.2""}]",true,false,false,false,Pass,Successful,SecondHalf,2025-12-05 23:16:15.684766+00
2879367669,1903251,463,46,9,170,141169,37.1,23.2,41,29.8,,,,,"[{""type"":{""value"":140,""displayName"":""PassEndX""},""value"":""41.0""},{""type"":{""value"":56,""displayName"":""Zone""},""value"":""Back""},{""type"":{""value"":213,""displayName"":""Angle""},""value"":""0.83""},{""type"":{""value"":141,""displayName"":""PassEndY""},""value"":""29.8""},{""type"":{""value"":212,""displayName"":""Length""},""value"":""6.1""}]",true,false,false,false,Pass,Successful,SecondHalf,2025-12-05 23:16:15.684766+00
2879367705,1903251,464,46,10,170,321020,40.8,29.7,43.5,15.2,,,,,"[{""type"":{""value"":141,""displayName"":""PassEndY""},""value"":""15.2""},{""type"":{""value"":212,""displayName"":""Length""},""value"":""10.3""},{""type"":{""value"":213,""displayName"":""Angle""},""value"":""4.99""},{""type"":{""value"":140,""displayName"":""PassEndX""},""value"":""43.5""},{""type"":{""value"":56,""displayName"":""Zone""},""value"":""Back""}]",true,false,false,false,Pass,Successful,SecondHalf,2025-12-05 23:16:15.684766+00
2879367753,1903251,465,46,13,170,363686,41.5,16.7,25.9,22.4,,,,,"[{""type"":{""value"":56,""displayName"":""Zone""},""value"":""Back""},{""type"":{""value"":140,""displayName"":""PassEndX""},""value"":""25.9""},{""type"":{""value"":213,""displayName"":""Angle""},""value"":""2.91""},{""type"":{""value"":141,""displayName"":""PassEndY""},""value"":""22.4""},{""type"":{""value"":212,""displayName"":""Length""},""value"":""16.8""}]",true,false,false,false,Pass,Successful,SecondHalf,2025-12-05 23:16:15.684766+00
2879367777,1903251,466,46,16,170,231135,26.3,26.2,31.2,33.6,,,,,"[{""type"":{""value"":213,""displayName"":""Angle""},""value"":""0.77""},{""type"":{""value"":212,""displayName"":""Length""},""value"":""7.2""},{""type"":{""value"":56,""displayName"":""Zone""},""value"":""Back""},{""type"":{""value"":140,""displayName"":""PassEndX""},""value"":""31.2""},{""type"":{""value"":141,""displayName"":""PassEndY""},""value"":""33.6""}]",true,false,false,false,Pass,Successful,SecondHalf,2025-12-05 23:16:15.684766+00
2879367831,1903251,467,46,17,170,136824,31.2,33.6,32.9,24.5,,,,,"[{""type"":{""value"":56,""displayName"":""Zone""},""value"":""Back""},{""type"":{""value"":140,""displayName"":""PassEndX""},""value"":""32.9""},{""type"":{""value"":212,""displayName"":""Length""},""value"":""6.4""},{""type"":{""value"":141,""displayName"":""PassEndY""},""value"":""24.5""},{""type"":{""value"":213,""displayName"":""Angle""},""value"":""4.99""}]",true,false,false,false,Pass,Successful,SecondHalf,2025-12-05 23:16:15.684766+00
2879367849,1903251,468,46,19,170,321020,34,18.5,29.9,11.7,,,,,"[{""type"":{""value"":141,""displayName"":""PassEndY""},""value"":""11.7""},{""type"":{""value"":56,""displayName"":""Zone""},""value"":""Back""},{""type"":{""value"":212,""displayName"":""Length""},""value"":""6.3""},{""type"":{""value"":213,""displayName"":""Angle""},""value"":""3.96""},{""type"":{""value"":140,""displayName"":""PassEndX""},""value"":""29.9""}]",true,false,false,false,Pass,Successful,SecondHalf,2025-12-05 23:16:15.684766+00
2879367875,1903251,469,46,21,170,141169,29.9,11.7,13.2,27.5,,,,,"[{""type"":{""value"":141,""displayName"":""PassEndY""},""value"":""27.5""},{""type"":{""value"":140,""displayName"":""PassEndX""},""value"":""13.2""},{""type"":{""value"":212,""displayName"":""Length""},""value"":""20.6""},{""type"":{""value"":213,""displayName"":""Angle""},""value"":""2.59""},{""type"":{""value"":56,""displayName"":""Zone""},""value"":""Back""}]",true,false,false,false,Pass,Successful,SecondHalf,2025-12-05 23:16:15.684766+00
2879367931,1903251,470,46,23,170,231135,12.1,27.4,4,51.4,,,,,"[{""type"":{""value"":141,""displayName"":""PassEndY""},""value"":""51.4""},{""type"":{""value"":140,""displayName"":""PassEndX""},""value"":""4.0""},{""type"":{""value"":213,""displayName"":""Angle""},""value"":""2.05""},{""type"":{""value"":212,""displayName"":""Length""},""value"":""18.4""},{""type"":{""value"":56,""displayName"":""Zone""},""value"":""Back""}]",true,false,false,false,Pass,Successful,SecondHalf,2025-12-05 23:16:15.684766+00
2879367975,1903251,471,46,25,170,92173,7.6,53.2,6.1,84.5,,,,,"[{""type"":{""value"":213,""displayName"":""Angle""},""value"":""1.64""},{""type"":{""value"":56,""displayName"":""Zone""},""value"":""Back""},{""type"":{""value"":212,""displayName"":""Length""},""value"":""21.3""},{""type"":{""value"":141,""displayName"":""PassEndY""},""value"":""84.5""},{""type"":{""value"":140,""displayName"":""PassEndX""},""value"":""6.1""}]",true,false,false,false,Pass,Successful,SecondHalf,2025-12-05 23:16:15.684766+00
2879368033,1903251,472,46,29,170,396976,6.2,89,36.7,90.5,,,,,"[{""type"":{""value"":141,""displayName"":""PassEndY""},""value"":""90.5""},{""type"":{""value"":140,""displayName"":""PassEndX""},""value"":""36.7""},{""type"":{""value"":213,""displayName"":""Angle""},""value"":""0.03""},{""type"":{""value"":1,""displayName"":""Longball""}},{""type"":{""value"":212,""displayName"":""Length""},""value"":""32.0""},{""type"":{""value"":56,""displayName"":""Zone""},""value"":""Back""},{""type"":{""value"":155,""displayName"":""Chipped""}}]",true,false,false,false,Pass,Successful,SecondHalf,2025-12-05 23:16:15.684766+00
2879368035,1903251,473,46,32,170,363665,38.1,91.4,,,,,,,"[{""type"":{""value"":56,""displayName"":""Zone""},""value"":""Back""}]",true,false,false,false,BallTouch,Unsuccessful,SecondHalf,2025-12-05 23:16:15.684766+00
2879368073,1903251,468,46,34,167,394933,65.1,17,61.5,30.3,,,,,"[{""type"":{""value"":56,""displayName"":""Zone""},""value"":""Center""},{""type"":{""value"":140,""displayName"":""PassEndX""},""value"":""61.5""},{""type"":{""value"":141,""displayName"":""PassEndY""},""value"":""30.3""},{""type"":{""value"":213,""displayName"":""Angle""},""value"":""1.97""},{""type"":{""value"":212,""displayName"":""Length""},""value"":""9.8""}]",true,false,false,false,Pass,Unsuccessful,SecondHalf,2025-12-05 23:16:15.684766+00
2879368087,1903251,475,46,35,170,108186,38.5,69.7,,,,,,,"[{""type"":{""value"":56,""displayName"":""Zone""},""value"":""Back""}]",true,false,false,false,Interception,Successful,SecondHalf,2025-12-05 23:16:15.684766+00
2879368149,1903251,476,46,37,170,108186,33.8,59,46.8,44.6,,,,,"[{""type"":{""value"":212,""displayName"":""Length""},""value"":""16.8""},{""type"":{""value"":140,""displayName"":""PassEndX""},""value"":""46.8""},{""type"":{""value"":141,""displayName"":""PassEndY""},""value"":""44.6""},{""type"":{""value"":213,""displayName"":""Angle""},""value"":""5.66""},{""type"":{""value"":56,""displayName"":""Zone""},""value"":""Back""}]",true,false,false,false,Pass,Successful,SecondHalf,2025-12-05 23:16:15.684766+00
2879368225,1903251,477,46,38,170,363686,47.3,43.7,62.1,5.2,,,,,"[{""type"":{""value"":212,""displayName"":""Length""},""value"":""30.4""},{""type"":{""value"":141,""displayName"":""PassEndY""},""value"":""5.2""},{""type"":{""value"":213,""displayName"":""Angle""},""value"":""5.25""},{""type"":{""value"":140,""displayName"":""PassEndX""},""value"":""62.1""},{""type"":{""value"":56,""displayName"":""Zone""},""value"":""Right""}]",true,false,false,false,Pass,Successful,SecondHalf,2025-12-05 23:16:15.684766+00
2879368255,1903251,478,46,44,170,333044,66.8,19.3,74.6,7.3,,,,,"[{""type"":{""value"":212,""displayName"":""Length""},""value"":""11.6""},{""type"":{""value"":140,""displayName"":""PassEndX""},""value"":""74.6""},{""type"":{""value"":141,""displayName"":""PassEndY""},""value"":""7.3""},{""type"":{""value"":56,""displayName"":""Zone""},""value"":""Right""},{""type"":{""value"":213,""displayName"":""Angle""},""value"":""5.50""}]",true,false,false,false,Pass,Successful,SecondHalf,2025-12-05 23:16:15.684766+00
2879368261,1903251,469,46,45,167,402664,21.3,92.4,,,,,,,"[{""type"":{""value"":285,""displayName"":""Defensive""}},{""type"":{""value"":233,""displayName"":""OppositeRelatedEvent""},""value"":""479""},{""type"":{""value"":56,""displayName"":""Zone""},""value"":""Back""}]",true,false,false,false,BlockedPass,Successful,SecondHalf,2025-12-05 23:16:15.684766+00
2879368265,1903251,479,46,45,170,141169,75.4,6.1,78.7,7.6,,,,,"[{""type"":{""value"":213,""displayName"":""Angle""},""value"":""0.29""},{""type"":{""value"":56,""displayName"":""Zone""},""value"":""Right""},{""type"":{""value"":140,""displayName"":""PassEndX""},""value"":""78.7""},{""type"":{""value"":141,""displayName"":""PassEndY""},""value"":""7.6""},{""type"":{""value"":233,""displayName"":""OppositeRelatedEvent""},""value"":""469""},{""type"":{""value"":212,""displayName"":""Length""},""value"":""3.6""},{""type"":{""value"":286,""displayName"":""Offensive""}}]",true,false,false,false,Pass,Unsuccessful,SecondHalf,2025-12-05 23:16:15.684766+00
2879368365,1903251,481,46,49,170,141169,73.2,0,64,23,,,,,"[{""type"":{""value"":56,""displayName"":""Zone""},""value"":""Center""},{""type"":{""value"":107,""displayName"":""ThrowIn""}},{""type"":{""value"":213,""displayName"":""Angle""},""value"":""2.10""},{""type"":{""value"":140,""displayName"":""PassEndX""},""value"":""64.0""},{""type"":{""value"":212,""displayName"":""Length""},""value"":""19.2""},{""type"":{""value"":141,""displayName"":""PassEndY""},""value"":""23.0""}]",true,false,false,false,Pass,Successful,SecondHalf,2025-12-05 23:16:15.684766+00
2879368435,1903251,482,46,54,170,321020,63.8,29.2,65.1,55.4,,,,,"[{""type"":{""value"":140,""displayName"":""PassEndX""},""value"":""65.1""},{""type"":{""value"":141,""displayName"":""PassEndY""},""value"":""55.4""},{""type"":{""value"":212,""displayName"":""Length""},""value"":""17.9""},{""type"":{""value"":213,""displayName"":""Angle""},""value"":""1.49""},{""type"":{""value"":56,""displayName"":""Zone""},""value"":""Center""}]",true,false,false,false,Pass,Successful,SecondHalf,2025-12-05 23:16:15.684766+00
2879368465,1903251,483,46,59,170,136824,70.1,60.2,74,84.8,,,,,"[{""type"":{""value"":140,""displayName"":""PassEndX""},""value"":""74.0""},{""type"":{""value"":56,""displayName"":""Zone""},""value"":""Left""},{""type"":{""value"":212,""displayName"":""Length""},""value"":""17.2""},{""type"":{""value"":141,""displayName"":""PassEndY""},""value"":""84.8""},{""type"":{""value"":213,""displayName"":""Angle""},""value"":""1.33""}]",true,false,false,false,Pass,Successful,SecondHalf,2025-12-05 23:16:15.684766+00
2879368501,1903251,484,47,0,170,396976,76.3,85.7,80.5,94.2,,,,,"[{""type"":{""value"":212,""displayName"":""Length""},""value"":""7.3""},{""type"":{""value"":213,""displayName"":""Angle""},""value"":""0.92""},{""type"":{""value"":141,""displayName"":""PassEndY""},""value"":""94.2""},{""type"":{""value"":140,""displayName"":""PassEndX""},""value"":""80.5""},{""type"":{""value"":56,""displayName"":""Zone""},""value"":""Left""}]",true,false,false,false,Pass,Successful,SecondHalf,2025-12-05 23:16:15.684766+00
2879368527,1903251,485,47,1,170,322611,80.3,94.3,71.5,87.4,,,,,"[{""type"":{""value"":212,""displayName"":""Length""},""value"":""10.4""},{""type"":{""value"":213,""displayName"":""Angle""},""value"":""3.61""},{""type"":{""value"":140,""displayName"":""PassEndX""},""value"":""71.5""},{""type"":{""value"":141,""displayName"":""PassEndY""},""value"":""87.4""},{""type"":{""value"":56,""displayName"":""Zone""},""value"":""Left""}]",true,false,false,false,Pass,Successful,SecondHalf,2025-12-05 23:16:15.684766+00
2879368559,1903251,486,47,3,170,136824,69.4,86.2,73.6,73.8,,,,,"[{""type"":{""value"":212,""displayName"":""Length""},""value"":""9.5""},{""type"":{""value"":213,""displayName"":""Angle""},""value"":""5.19""},{""type"":{""value"":56,""displayName"":""Zone""},""value"":""Center""},{""type"":{""value"":141,""displayName"":""PassEndY""},""value"":""73.8""},{""type"":{""value"":140,""displayName"":""PassEndX""},""value"":""73.6""}]",true,false,false,false,Pass,Successful,SecondHalf,2025-12-05 23:16:15.684766+00
2879368575,1903251,471,47,5,167,422939,25.7,28.8,,,,,,,"[{""type"":{""value"":285,""displayName"":""Defensive""}},{""type"":{""value"":233,""displayName"":""OppositeRelatedEvent""},""value"":""487""},{""type"":{""value"":56,""displayName"":""Zone""},""value"":""Back""}]",false,false,false,false,Challenge,Unsuccessful,SecondHalf,2025-12-05 23:16:15.684766+00
2879368579,1903251,487,47,5,170,363665,74.3,71.2,,,,,,,"[{""type"":{""value"":233,""displayName"":""OppositeRelatedEvent""},""value"":""471""},{""type"":{""value"":56,""displayName"":""Zone""},""value"":""Center""},{""type"":{""value"":286,""displayName"":""Offensive""}}]",true,false,false,false,TakeOn,Successful,SecondHalf,2025-12-05 23:16:15.684766+00
2879368609,1903251,488,47,6,170,363665,76.6,65.2,80.7,64.2,,,,,"[{""type"":{""value"":212,""displayName"":""Length""},""value"":""4.4""},{""type"":{""value"":141,""displayName"":""PassEndY""},""value"":""64.2""},{""type"":{""value"":213,""displayName"":""Angle""},""value"":""6.13""},{""type"":{""value"":56,""displayName"":""Zone""},""value"":""Center""},{""type"":{""value"":140,""displayName"":""PassEndX""},""value"":""80.7""}]",true,false,false,false,Pass,Unsuccessful,SecondHalf,2025-12-05 23:16:15.684766+00
2879368613,1903251,472,47,8,167,313171,19.3,35.8,,,,,,,"[{""type"":{""value"":56,""displayName"":""Zone""},""value"":""Back""}]",true,false,false,false,Interception,Successful,SecondHalf,2025-12-05 23:16:15.684766+00
2879368627,1903251,489,47,8,170,363665,76.8,65.5,,,,,,,"[{""type"":{""value"":56,""displayName"":""Zone""},""value"":""Center""}]",true,false,false,false,BallTouch,Successful,SecondHalf,2025-12-05 23:16:15.684766+00
2879368643,1903251,473,47,9,167,343382,26.9,42.4,,,,,,,[],false,false,false,false,BallRecovery,Successful,SecondHalf,2025-12-05 23:16:15.684766+00
2879368655,1903251,474,47,9,167,343382,26.9,42.4,32.7,32.8,,,,,"[{""type"":{""value"":140,""displayName"":""PassEndX""},""value"":""32.7""},{""type"":{""value"":213,""displayName"":""Angle""},""value"":""5.46""},{""type"":{""value"":56,""displayName"":""Zone""},""value"":""Back""},{""type"":{""value"":212,""displayName"":""Length""},""value"":""8.9""},{""type"":{""value"":141,""displayName"":""PassEndY""},""value"":""32.8""}]",true,false,false,false,Pass,Successful,SecondHalf,2025-12-05 23:16:15.684766+00
2879368675,1903251,475,47,10,167,315227,33.2,32.2,33.7,64.8,,,,,"[{""type"":{""value"":56,""displayName"":""Zone""},""value"":""Back""},{""type"":{""value"":213,""displayName"":""Angle""},""value"":""1.55""},{""type"":{""value"":212,""displayName"":""Length""},""value"":""22.2""},{""type"":{""value"":141,""displayName"":""PassEndY""},""value"":""64.8""},{""type"":{""value"":140,""displayName"":""PassEndX""},""value"":""33.7""}]",true,false,false,false,Pass,Successful,SecondHalf,2025-12-05 23:16:15.684766+00
2879368793,1903251,476,47,12,167,343382,34.6,68.5,61.9,87.1,,,,,"[{""type"":{""value"":141,""displayName"":""PassEndY""},""value"":""87.1""},{""type"":{""value"":140,""displayName"":""PassEndX""},""value"":""61.9""},{""type"":{""value"":213,""displayName"":""Angle""},""value"":""0.42""},{""type"":{""value"":212,""displayName"":""Length""},""value"":""31.3""},{""type"":{""value"":56,""displayName"":""Zone""},""value"":""Left""}]",true,false,false,false,Pass,Successful,SecondHalf,2025-12-05 23:16:15.684766+00
2879368811,1903251,477,47,20,167,388098,73.3,73.6,89.2,55.1,,,,,"[{""type"":{""value"":140,""displayName"":""PassEndX""},""value"":""89.2""},{""type"":{""value"":213,""displayName"":""Angle""},""value"":""5.64""},{""type"":{""value"":212,""displayName"":""Length""},""value"":""20.9""},{""type"":{""value"":56,""displayName"":""Zone""},""value"":""Center""},{""type"":{""value"":141,""displayName"":""PassEndY""},""value"":""55.1""}]",true,false,false,false,Pass,Successful,SecondHalf,2025-12-05 23:16:15.684766+00
2879368823,1903251,478,47,21,167,315227,89.3,54.9,,,,,,,"[{""type"":{""value"":56,""displayName"":""Zone""},""value"":""Center""},{""type"":{""value"":11112,""displayName"":""BigChanceCreated""}},{""type"":{""value"":11113,""displayName"":""KeyPass""}}]",true,false,false,false,BallTouch,Successful,SecondHalf,2025-12-05 23:16:15.684766+00
2879368871,1903251,479,47,22,167,331254,95.1,40.5,,,,,19,46.1,"[{""type"":{""value"":328,""displayName"":""FirstTouch""}},{""type"":{""value"":20,""displayName"":""RightFoot""}},{""type"":{""value"":80,""displayName"":""LowRight""}},{""type"":{""value"":55,""displayName"":""RelatedEventId""},""value"":""478""},{""type"":{""value"":102,""displayName"":""GoalMouthY""},""value"":""46.1""},{""type"":{""value"":56,""displayName"":""Zone""},""value"":""Center""},{""type"":{""value"":89,""displayName"":""OneOnOne""}},{""type"":{""value"":103,""displayName"":""GoalMouthZ""},""value"":""19.0""},{""type"":{""value"":23,""displayName"":""FastBreak""}},{""type"":{""value"":60,""displayName"":""SmallBoxRight""}},{""type"":{""value"":29,""displayName"":""Assisted""}},{""type"":{""value"":214,""displayName"":""BigChance""}}]",true,true,true,false,Goal,Successful,SecondHalf,2025-12-05 23:16:15.684766+00
2879370035,1903251,491,48,41,170,333044,50.3,50.1,33.8,49.5,,,,,"[{""type"":{""value"":140,""displayName"":""PassEndX""},""value"":""33.8""},{""type"":{""value"":56,""displayName"":""Zone""},""value"":""Back""},{""type"":{""value"":141,""displayName"":""PassEndY""},""value"":""49.5""},{""type"":{""value"":212,""displayName"":""Length""},""value"":""17.3""},{""type"":{""value"":213,""displayName"":""Angle""},""value"":""3.17""}]",true,false,false,false,Pass,Successful,SecondHalf,2025-12-05 23:16:15.684766+00
2879370071,1903251,492,48,47,170,322611,38.4,72.9,45.6,61.5,,,,,"[{""type"":{""value"":212,""displayName"":""Length""},""value"":""10.8""},{""type"":{""value"":141,""displayName"":""PassEndY""},""value"":""61.5""},{""type"":{""value"":213,""displayName"":""Angle""},""value"":""5.49""},{""type"":{""value"":56,""displayName"":""Zone""},""value"":""Back""},{""type"":{""value"":140,""displayName"":""PassEndX""},""value"":""45.6""}]",true,false,false,false,Pass,Successful,SecondHalf,2025-12-05 23:16:15.684766+00
2879370105,1903251,493,48,50,170,321020,45,56.6,46.3,9.8,,,,,"[{""type"":{""value"":141,""displayName"":""PassEndY""},""value"":""9.8""},{""type"":{""value"":140,""displayName"":""PassEndX""},""value"":""46.3""},{""type"":{""value"":56,""displayName"":""Zone""},""value"":""Back""},{""type"":{""value"":213,""displayName"":""Angle""},""value"":""4.76""},{""type"":{""value"":212,""displayName"":""Length""},""value"":""31.9""}]",true,false,false,false,Pass,Successful,SecondHalf,2025-12-05 23:16:15.684766+00
2879370127,1903251,494,48,52,170,141169,45.8,14.6,47.1,32.8,,,,,"[{""type"":{""value"":140,""displayName"":""PassEndX""},""value"":""47.1""},{""type"":{""value"":141,""displayName"":""PassEndY""},""value"":""32.8""},{""type"":{""value"":212,""displayName"":""Length""},""value"":""12.5""},{""type"":{""value"":56,""displayName"":""Zone""},""value"":""Back""},{""type"":{""value"":213,""displayName"":""Angle""},""value"":""1.46""}]",true,false,false,false,Pass,Successful,SecondHalf,2025-12-05 23:16:15.684766+00
2879370173,1903251,495,48,54,170,321020,47.1,32.8,40.7,14.3,,,,,"[{""type"":{""value"":156,""displayName"":""LayOff""}},{""type"":{""value"":56,""displayName"":""Zone""},""value"":""Back""},{""type"":{""value"":212,""displayName"":""Length""},""value"":""14.3""},{""type"":{""value"":213,""displayName"":""Angle""},""value"":""4.22""},{""type"":{""value"":140,""displayName"":""PassEndX""},""value"":""40.7""},{""type"":{""value"":141,""displayName"":""PassEndY""},""value"":""14.3""}]",true,false,false,false,Pass,Successful,SecondHalf,2025-12-05 23:16:15.684766+00
2879370221,1903251,496,48,57,170,141169,40.7,14.3,34.1,32.8,,,,,"[{""type"":{""value"":56,""displayName"":""Zone""},""value"":""Back""},{""type"":{""value"":213,""displayName"":""Angle""},""value"":""2.07""},{""type"":{""value"":212,""displayName"":""Length""},""value"":""14.4""},{""type"":{""value"":141,""displayName"":""PassEndY""},""value"":""32.8""},{""type"":{""value"":140,""displayName"":""PassEndX""},""value"":""34.1""}]",true,false,false,false,Pass,Successful,SecondHalf,2025-12-05 23:16:15.684766+00
2879370247,1903251,497,48,59,170,231135,30.6,41.7,51.8,70.3,,,,,"[{""type"":{""value"":213,""displayName"":""Angle""},""value"":""0.72""},{""type"":{""value"":155,""displayName"":""Chipped""}},{""type"":{""value"":212,""displayName"":""Length""},""value"":""29.6""},{""type"":{""value"":141,""displayName"":""PassEndY""},""value"":""70.3""},{""type"":{""value"":140,""displayName"":""PassEndX""},""value"":""51.8""},{""type"":{""value"":56,""displayName"":""Zone""},""value"":""Center""}]",true,false,false,false,Pass,Successful,SecondHalf,2025-12-05 23:16:15.684766+00
2879370249,1903251,498,49,1,170,108186,51.8,70.3,,,,,,,"[{""type"":{""value"":56,""displayName"":""Zone""},""value"":""Center""},{""type"":{""value"":286,""displayName"":""Offensive""}},{""type"":{""value"":233,""displayName"":""OppositeRelatedEvent""},""value"":""480""}]",false,false,false,false,Aerial,Successful,SecondHalf,2025-12-05 23:16:15.684766+00
2879370251,1903251,480,49,1,167,313171,48.2,29.7,,,,,,,"[{""type"":{""value"":233,""displayName"":""OppositeRelatedEvent""},""value"":""498""},{""type"":{""value"":285,""displayName"":""Defensive""}},{""type"":{""value"":56,""displayName"":""Zone""},""value"":""Back""}]",false,false,false,false,Aerial,Unsuccessful,SecondHalf,2025-12-05 23:16:15.684766+00
2879370263,1903251,499,49,1,170,108186,51.8,70.3,56.2,85.9,,,,,"[{""type"":{""value"":3,""displayName"":""HeadPass""}},{""type"":{""value"":140,""displayName"":""PassEndX""},""value"":""56.2""},{""type"":{""value"":56,""displayName"":""Zone""},""value"":""Left""},{""type"":{""value"":141,""displayName"":""PassEndY""},""value"":""85.9""},{""type"":{""value"":212,""displayName"":""Length""},""value"":""11.6""},{""type"":{""value"":213,""displayName"":""Angle""},""value"":""1.16""}]",true,false,false,false,Pass,Unsuccessful,SecondHalf,2025-12-05 23:16:15.684766+00
2879370289,1903251,481,49,4,167,394933,44.2,16.4,69.5,14,,,,,"[{""type"":{""value"":56,""displayName"":""Zone""},""value"":""Right""},{""type"":{""value"":1,""displayName"":""Longball""}},{""type"":{""value"":213,""displayName"":""Angle""},""value"":""6.22""},{""type"":{""value"":212,""displayName"":""Length""},""value"":""26.6""},{""type"":{""value"":140,""displayName"":""PassEndX""},""value"":""69.5""},{""type"":{""value"":141,""displayName"":""PassEndY""},""value"":""14.0""}]",true,false,false,false,Pass,Unsuccessful,SecondHalf,2025-12-05 23:16:15.684766+00
2879370327,1903251,500,49,7,170,396976,31.8,88,53.5,84.2,,,,,"[{""type"":{""value"":141,""displayName"":""PassEndY""},""value"":""84.2""},{""type"":{""value"":212,""displayName"":""Length""},""value"":""22.9""},{""type"":{""value"":140,""displayName"":""PassEndX""},""value"":""53.5""},{""type"":{""value"":56,""displayName"":""Zone""},""value"":""Left""},{""type"":{""value"":213,""displayName"":""Angle""},""value"":""6.17""}]",true,false,false,false,Pass,Unsuccessful,SecondHalf,2025-12-05 23:16:15.684766+00
2879370343,1903251,482,49,9,167,394933,47.5,16.2,,,,,,,[],false,false,false,false,BallRecovery,Successful,SecondHalf,2025-12-05 23:16:15.684766+00
2879370375,1903251,483,49,10,167,394933,52.2,16.7,54,8.6,,,,,"[{""type"":{""value"":140,""displayName"":""PassEndX""},""value"":""54.0""},{""type"":{""value"":213,""displayName"":""Angle""},""value"":""5.04""},{""type"":{""value"":56,""displayName"":""Zone""},""value"":""Right""},{""type"":{""value"":212,""displayName"":""Length""},""value"":""5.8""},{""type"":{""value"":141,""displayName"":""PassEndY""},""value"":""8.6""}]",true,false,false,false,Pass,Successful,SecondHalf,2025-12-05 23:16:15.684766+00
2879370409,1903251,484,49,11,167,331254,53.2,8.6,46.3,29.5,,,,,"[{""type"":{""value"":56,""displayName"":""Zone""},""value"":""Back""},{""type"":{""value"":213,""displayName"":""Angle""},""value"":""2.04""},{""type"":{""value"":140,""displayName"":""PassEndX""},""value"":""46.3""},{""type"":{""value"":141,""displayName"":""PassEndY""},""value"":""29.5""},{""type"":{""value"":212,""displayName"":""Length""},""value"":""16.0""}]",true,false,false,false,Pass,Successful,SecondHalf,2025-12-05 23:16:15.684766+00
2879370517,1903251,485,49,14,167,422939,46.1,28.8,39.4,52.7,,,,,"[{""type"":{""value"":56,""displayName"":""Zone""},""value"":""Back""},{""type"":{""value"":140,""displayName"":""PassEndX""},""value"":""39.4""},{""type"":{""value"":212,""displayName"":""Length""},""value"":""17.7""},{""type"":{""value"":141,""displayName"":""PassEndY""},""value"":""52.7""},{""type"":{""value"":213,""displayName"":""Angle""},""value"":""1.98""}]",true,false,false,false,Pass,Successful,SecondHalf,2025-12-05 23:16:15.684766+00
2879370567,1903251,486,49,21,167,402664,61.1,72.7,72.2,97.5,,,,,"[{""type"":{""value"":213,""displayName"":""Angle""},""value"":""0.97""},{""type"":{""value"":56,""displayName"":""Zone""},""value"":""Left""},{""type"":{""value"":212,""displayName"":""Length""},""value"":""20.5""},{""type"":{""value"":140,""displayName"":""PassEndX""},""value"":""72.2""},{""type"":{""value"":141,""displayName"":""PassEndY""},""value"":""97.5""}]",true,false,false,false,Pass,Successful,SecondHalf,2025-12-05 23:16:15.684766+00
2879370573,1903251,487,49,24,167,388098,76.1,87.2,89.9,75.9,,,,,"[{""type"":{""value"":212,""displayName"":""Length""},""value"":""16.4""},{""type"":{""value"":213,""displayName"":""Angle""},""value"":""5.80""},{""type"":{""value"":141,""displayName"":""PassEndY""},""value"":""75.9""},{""type"":{""value"":140,""displayName"":""PassEndX""},""value"":""89.9""},{""type"":{""value"":56,""displayName"":""Zone""},""value"":""Center""}]",true,false,false,false,Pass,Unsuccessful,SecondHalf,2025-12-05 23:16:15.684766+00
2879370593,1903251,501,49,26,170,333044,10.1,24.1,,,,,,,"[{""type"":{""value"":56,""displayName"":""Zone""},""value"":""Back""}]",true,false,false,false,Interception,Successful,SecondHalf,2025-12-05 23:16:15.684766+00
2879370631,1903251,502,49,27,170,333044,11.9,16.2,22,23.3,,,,,"[{""type"":{""value"":141,""displayName"":""PassEndY""},""value"":""23.3""},{""type"":{""value"":140,""displayName"":""PassEndX""},""value"":""22.0""},{""type"":{""value"":56,""displayName"":""Zone""},""value"":""Back""},{""type"":{""value"":213,""displayName"":""Angle""},""value"":""0.43""},{""type"":{""value"":212,""displayName"":""Length""},""value"":""11.7""}]",true,false,false,false,Pass,Successful,SecondHalf,2025-12-05 23:16:15.684766+00
2879370637,1903251,503,49,28,170,321020,22.5,16.7,,,,,,,[],false,false,false,false,BallRecovery,Successful,SecondHalf,2025-12-05 23:16:15.684766+00
2879370643,1903251,504,49,29,170,321020,22.6,15.2,18.9,4.3,,,,,"[{""type"":{""value"":212,""displayName"":""Length""},""value"":""8.4""},{""type"":{""value"":213,""displayName"":""Angle""},""value"":""4.23""},{""type"":{""value"":56,""displayName"":""Zone""},""value"":""Back""},{""type"":{""value"":141,""displayName"":""PassEndY""},""value"":""4.3""},{""type"":{""value"":140,""displayName"":""PassEndX""},""value"":""18.9""}]",true,false,false,false,Pass,Successful,SecondHalf,2025-12-05 23:16:15.684766+00
2879370719,1903251,505,49,30,170,333044,18.9,3.7,33.8,0,,,,,"[{""type"":{""value"":213,""displayName"":""Angle""},""value"":""6.07""},{""type"":{""value"":212,""displayName"":""Length""},""value"":""16.0""},{""type"":{""value"":141,""displayName"":""PassEndY""},""value"":""0.0""},{""type"":{""value"":140,""displayName"":""PassEndX""},""value"":""33.8""},{""type"":{""value"":56,""displayName"":""Zone""},""value"":""Back""}]",true,false,false,false,Pass,Unsuccessful,SecondHalf,2025-12-05 23:16:15.684766+00
2879370919,1903251,490,49,46,167,388098,81.8,92,80.6,92,,,,,"[{""type"":{""value"":56,""displayName"":""Zone""},""value"":""Left""},{""type"":{""value"":140,""displayName"":""PassEndX""},""value"":""80.6""},{""type"":{""value"":141,""displayName"":""PassEndY""},""value"":""92.0""},{""type"":{""value"":213,""displayName"":""Angle""},""value"":""3.14""},{""type"":{""value"":212,""displayName"":""Length""},""value"":""1.3""}]",true,false,false,false,Pass,Unsuccessful,SecondHalf,2025-12-05 23:16:15.684766+00
2879370933,1903251,491,49,45,167,468847,70.9,100,81.1,92.2,,,,,"[{""type"":{""value"":213,""displayName"":""Angle""},""value"":""5.74""},{""type"":{""value"":212,""displayName"":""Length""},""value"":""12.5""},{""type"":{""value"":141,""displayName"":""PassEndY""},""value"":""92.2""},{""type"":{""value"":56,""displayName"":""Zone""},""value"":""Left""},{""type"":{""value"":140,""displayName"":""PassEndX""},""value"":""81.1""},{""type"":{""value"":107,""displayName"":""ThrowIn""}}]",true,false,false,false,Pass,Successful,SecondHalf,2025-12-05 23:16:15.684766+00
2879371029,1903251,492,49,54,167,388098,66.5,97.1,53.4,92.4,,,,,"[{""type"":{""value"":56,""displayName"":""Zone""},""value"":""Left""},{""type"":{""value"":213,""displayName"":""Angle""},""value"":""3.37""},{""type"":{""value"":140,""displayName"":""PassEndX""},""value"":""53.4""},{""type"":{""value"":212,""displayName"":""Length""},""value"":""14.1""},{""type"":{""value"":141,""displayName"":""PassEndY""},""value"":""92.4""}]",true,false,false,false,Pass,Successful,SecondHalf,2025-12-05 23:16:15.684766+00
2879371055,1903251,493,49,57,167,402664,54.5,64.8,53.6,32.8,,,,,"[{""type"":{""value"":140,""displayName"":""PassEndX""},""value"":""53.6""},{""type"":{""value"":213,""displayName"":""Angle""},""value"":""4.67""},{""type"":{""value"":56,""displayName"":""Zone""},""value"":""Center""},{""type"":{""value"":141,""displayName"":""PassEndY""},""value"":""32.8""},{""type"":{""value"":212,""displayName"":""Length""},""value"":""21.8""}]",true,false,false,false,Pass,Successful,SecondHalf,2025-12-05 23:16:15.684766+00
2879371075,1903251,494,49,59,167,394933,53.8,31.8,44.6,44.9,,,,,"[{""type"":{""value"":56,""displayName"":""Zone""},""value"":""Back""},{""type"":{""value"":140,""displayName"":""PassEndX""},""value"":""44.6""},{""type"":{""value"":141,""displayName"":""PassEndY""},""value"":""44.9""},{""type"":{""value"":212,""displayName"":""Length""},""value"":""13.1""},{""type"":{""value"":213,""displayName"":""Angle""},""value"":""2.40""}]",true,false,false,false,Pass,Successful,SecondHalf,2025-12-05 23:16:15.684766+00
2879371093,1903251,495,50,2,167,313171,44.6,44.6,53.8,54,,,,,"[{""type"":{""value"":140,""displayName"":""PassEndX""},""value"":""53.8""},{""type"":{""value"":213,""displayName"":""Angle""},""value"":""0.58""},{""type"":{""value"":56,""displayName"":""Zone""},""value"":""Center""},{""type"":{""value"":141,""displayName"":""PassEndY""},""value"":""54.0""},{""type"":{""value"":212,""displayName"":""Length""},""value"":""11.6""}]",true,false,false,false,Pass,Successful,SecondHalf,2025-12-05 23:16:15.684766+00
2879371117,1903251,496,50,3,167,422939,53.8,54,54.3,24.1,,,,,"[{""type"":{""value"":155,""displayName"":""Chipped""}},{""type"":{""value"":56,""displayName"":""Zone""},""value"":""Center""},{""type"":{""value"":141,""displayName"":""PassEndY""},""value"":""24.1""},{""type"":{""value"":140,""displayName"":""PassEndX""},""value"":""54.3""},{""type"":{""value"":212,""displayName"":""Length""},""value"":""20.3""},{""type"":{""value"":213,""displayName"":""Angle""},""value"":""4.74""}]",true,false,false,false,Pass,Unsuccessful,SecondHalf,2025-12-05 23:16:15.684766+00
2879371175,1903251,507,50,8,170,363665,43,74.7,,,,,,,[],false,false,false,false,BallRecovery,Successful,SecondHalf,2025-12-05 23:16:15.684766+00
2879371213,1903251,508,50,8,170,363665,43,74.7,36.9,87.2,,,,,"[{""type"":{""value"":212,""displayName"":""Length""},""value"":""10.6""},{""type"":{""value"":141,""displayName"":""PassEndY""},""value"":""87.2""},{""type"":{""value"":140,""displayName"":""PassEndX""},""value"":""36.9""},{""type"":{""value"":56,""displayName"":""Zone""},""value"":""Back""},{""type"":{""value"":213,""displayName"":""Angle""},""value"":""2.22""}]",true,false,false,false,Pass,Successful,SecondHalf,2025-12-05 23:16:15.684766+00
2879371297,1903251,509,50,10,170,322611,32.8,85,7.6,75.6,,,,,"[{""type"":{""value"":140,""displayName"":""PassEndX""},""value"":""7.6""},{""type"":{""value"":56,""displayName"":""Zone""},""value"":""Back""},{""type"":{""value"":141,""displayName"":""PassEndY""},""value"":""75.6""},{""type"":{""value"":212,""displayName"":""Length""},""value"":""27.2""},{""type"":{""value"":213,""displayName"":""Angle""},""value"":""3.38""}]",true,false,false,false,Pass,Successful,SecondHalf,2025-12-05 23:16:15.684766+00
2879371323,1903251,510,50,14,170,396976,6.6,74.9,7,48.8,,,,,"[{""type"":{""value"":56,""displayName"":""Zone""},""value"":""Back""},{""type"":{""value"":212,""displayName"":""Length""},""value"":""17.8""},{""type"":{""value"":141,""displayName"":""PassEndY""},""value"":""48.8""},{""type"":{""value"":213,""displayName"":""Angle""},""value"":""4.74""},{""type"":{""value"":140,""displayName"":""PassEndX""},""value"":""7.0""}]",true,false,false,false,Pass,Successful,SecondHalf,2025-12-05 23:16:15.684766+00
2879371361,1903251,511,50,15,170,92173,7,48.8,11.8,21.8,,,,,"[{""type"":{""value"":56,""displayName"":""Zone""},""value"":""Back""},{""type"":{""value"":213,""displayName"":""Angle""},""value"":""4.98""},{""type"":{""value"":212,""displayName"":""Length""},""value"":""19.0""},{""type"":{""value"":141,""displayName"":""PassEndY""},""value"":""21.8""},{""type"":{""value"":140,""displayName"":""PassEndX""},""value"":""11.8""}]",true,false,false,false,Pass,Successful,SecondHalf,2025-12-05 23:16:15.684766+00
2879371413,1903251,512,50,17,170,231135,11.9,18.8,17.3,2.7,,,,,"[{""type"":{""value"":213,""displayName"":""Angle""},""value"":""5.19""},{""type"":{""value"":141,""displayName"":""PassEndY""},""value"":""2.7""},{""type"":{""value"":212,""displayName"":""Length""},""value"":""12.3""},{""type"":{""value"":140,""displayName"":""PassEndX""},""value"":""17.3""},{""type"":{""value"":56,""displayName"":""Zone""},""value"":""Back""}]",true,false,false,false,Pass,Successful,SecondHalf,2025-12-05 23:16:15.684766+00
2879371491,1903251,513,50,21,170,141169,26.4,3.6,43.4,20.6,,,,,"[{""type"":{""value"":56,""displayName"":""Zone""},""value"":""Back""},{""type"":{""value"":140,""displayName"":""PassEndX""},""value"":""43.4""},{""type"":{""value"":212,""displayName"":""Length""},""value"":""21.3""},{""type"":{""value"":141,""displayName"":""PassEndY""},""value"":""20.6""},{""type"":{""value"":213,""displayName"":""Angle""},""value"":""0.57""}]",true,false,false,false,Pass,Successful,SecondHalf,2025-12-05 23:16:15.684766+00
2879371497,1903251,514,50,25,170,108186,41.4,18.7,,,,,,,"[{""type"":{""value"":233,""displayName"":""OppositeRelatedEvent""},""value"":""497""},{""type"":{""value"":56,""displayName"":""Zone""},""value"":""Back""},{""type"":{""value"":286,""displayName"":""Offensive""}},{""type"":{""value"":13,""displayName"":""Foul""}}]",true,false,false,false,Foul,Successful,SecondHalf,2025-12-05 23:16:15.684766+00
2879371501,1903251,497,50,25,167,422939,58.6,81.3,,,,,,,"[{""type"":{""value"":56,""displayName"":""Zone""},""value"":""Left""},{""type"":{""value"":13,""displayName"":""Foul""}},{""type"":{""value"":233,""displayName"":""OppositeRelatedEvent""},""value"":""514""},{""type"":{""value"":285,""displayName"":""Defensive""}}]",false,false,false,false,Foul,Unsuccessful,SecondHalf,2025-12-05 23:16:15.684766+00
2879371739,1903251,515,50,38,170,108186,43.4,20.2,30.9,26.6,,,,,"[{""type"":{""value"":5,""displayName"":""FreekickTaken""}},{""type"":{""value"":213,""displayName"":""Angle""},""value"":""2.82""},{""type"":{""value"":141,""displayName"":""PassEndY""},""value"":""26.6""},{""type"":{""value"":212,""displayName"":""Length""},""value"":""13.8""},{""type"":{""value"":140,""displayName"":""PassEndX""},""value"":""30.9""},{""type"":{""value"":56,""displayName"":""Zone""},""value"":""Back""}]",true,false,false,false,Pass,Successful,SecondHalf,2025-12-05 23:16:15.684766+00
2879371801,1903251,516,50,43,170,231135,33.6,26.3,38.5,2.5,,,,,"[{""type"":{""value"":56,""displayName"":""Zone""},""value"":""Back""},{""type"":{""value"":213,""displayName"":""Angle""},""value"":""5.02""},{""type"":{""value"":212,""displayName"":""Length""},""value"":""17.0""},{""type"":{""value"":140,""displayName"":""PassEndX""},""value"":""38.5""},{""type"":{""value"":141,""displayName"":""PassEndY""},""value"":""2.5""}]",true,false,false,false,Pass,Successful,SecondHalf,2025-12-05 23:16:15.684766+00
2879371889,1903251,517,50,46,170,141169,32.9,13.4,19.1,32.5,,,,,"[{""type"":{""value"":141,""displayName"":""PassEndY""},""value"":""32.5""},{""type"":{""value"":140,""displayName"":""PassEndX""},""value"":""19.1""},{""type"":{""value"":212,""displayName"":""Length""},""value"":""19.5""},{""type"":{""value"":56,""displayName"":""Zone""},""value"":""Back""},{""type"":{""value"":213,""displayName"":""Angle""},""value"":""2.41""}]",true,false,false,false,Pass,Successful,SecondHalf,2025-12-05 23:16:15.684766+00
2879371911,1903251,518,50,50,170,231135,25.8,62.8,33.6,82.6,,,,,"[{""type"":{""value"":212,""displayName"":""Length""},""value"":""15.8""},{""type"":{""value"":141,""displayName"":""PassEndY""},""value"":""82.6""},{""type"":{""value"":213,""displayName"":""Angle""},""value"":""1.02""},{""type"":{""value"":56,""displayName"":""Zone""},""value"":""Back""},{""type"":{""value"":140,""displayName"":""PassEndX""},""value"":""33.6""}]",true,false,false,false,Pass,Successful,SecondHalf,2025-12-05 23:16:15.684766+00
2879372041,1903251,519,50,52,170,322611,33.6,82.6,47.1,76.5,,,,,"[{""type"":{""value"":56,""displayName"":""Zone""},""value"":""Back""},{""type"":{""value"":140,""displayName"":""PassEndX""},""value"":""47.1""},{""type"":{""value"":141,""displayName"":""PassEndY""},""value"":""76.5""},{""type"":{""value"":212,""displayName"":""Length""},""value"":""14.8""},{""type"":{""value"":213,""displayName"":""Angle""},""value"":""6.00""}]",true,false,false,false,Pass,Successful,SecondHalf,2025-12-05 23:16:15.684766+00
2879372057,1903251,520,51,1,170,136824,91.5,71.3,91.5,38.8,,,,,"[{""type"":{""value"":140,""displayName"":""PassEndX""},""value"":""91.5""},{""type"":{""value"":56,""displayName"":""Zone""},""value"":""Center""},{""type"":{""value"":213,""displayName"":""Angle""},""value"":""4.71""},{""type"":{""value"":212,""displayName"":""Length""},""value"":""22.1""},{""type"":{""value"":141,""displayName"":""PassEndY""},""value"":""38.8""},{""type"":{""value"":155,""displayName"":""Chipped""}}]",true,false,false,false,Pass,Successful,SecondHalf,2025-12-05 23:16:15.684766+00
2879372089,1903251,521,51,3,170,333044,90.6,39.3,86.1,44.8,,,,,"[{""type"":{""value"":154,""displayName"":""IntentionalAssist""}},{""type"":{""value"":210,""displayName"":""ShotAssist""},""value"":""15""},{""type"":{""value"":141,""displayName"":""PassEndY""},""value"":""44.8""},{""type"":{""value"":140,""displayName"":""PassEndX""},""value"":""86.1""},{""type"":{""value"":56,""displayName"":""Zone""},""value"":""Center""},{""type"":{""value"":212,""displayName"":""Length""},""value"":""6.0""},{""type"":{""value"":213,""displayName"":""Angle""},""value"":""2.47""},{""type"":{""value"":11113,""displayName"":""KeyPass""}}]",true,false,false,false,Pass,Successful,SecondHalf,2025-12-05 23:16:15.684766+00
2879372101,1903251,522,51,4,170,108186,86.1,44.8,,,93.2,48.4,19,51.8,"[{""type"":{""value"":22,""displayName"":""RegularPlay""}},{""type"":{""value"":29,""displayName"":""Assisted""}},{""type"":{""value"":20,""displayName"":""RightFoot""}},{""type"":{""value"":76,""displayName"":""LowLeft""}},{""type"":{""value"":233,""displayName"":""OppositeRelatedEvent""},""value"":""499""},{""type"":{""value"":328,""displayName"":""FirstTouch""}},{""type"":{""value"":55,""displayName"":""RelatedEventId""},""value"":""521""},{""type"":{""value"":103,""displayName"":""GoalMouthZ""},""value"":""19""},{""type"":{""value"":102,""displayName"":""GoalMouthY""},""value"":""51.8""},{""type"":{""value"":82,""displayName"":""Blocked""}},{""type"":{""value"":147,""displayName"":""BlockedY""},""value"":""48.4""},{""type"":{""value"":17,""displayName"":""BoxCentre""}},{""type"":{""value"":56,""displayName"":""Zone""},""value"":""Center""},{""type"":{""value"":146,""displayName"":""BlockedX""},""value"":""93.2""},{""type"":{""value"":154,""displayName"":""IntentionalAssist""}}]",true,true,false,false,SavedShot,Successful,SecondHalf,2025-12-05 23:16:15.684766+00
2879372131,1903251,499,51,4,167,422939,6.8,49.5,,,,,,,"[{""type"":{""value"":233,""displayName"":""OppositeRelatedEvent""},""value"":""522""},{""type"":{""value"":56,""displayName"":""Zone""},""value"":""Back""},{""type"":{""value"":94,""displayName"":""OutfielderBlock""}}]",true,false,false,false,Save,Successful,SecondHalf,2025-12-05 23:16:15.684766+00
2879372163,1903251,500,51,8,167,468847,10.5,58.7,40.2,62.4,,,,,"[{""type"":{""value"":56,""displayName"":""Zone""},""value"":""Back""},{""type"":{""value"":213,""displayName"":""Angle""},""value"":""0.08""},{""type"":{""value"":212,""displayName"":""Length""},""value"":""31.3""},{""type"":{""value"":140,""displayName"":""PassEndX""},""value"":""40.2""},{""type"":{""value"":141,""displayName"":""PassEndY""},""value"":""62.4""}]",true,false,false,false,Clearance,Successful,SecondHalf,2025-12-05 23:16:15.684766+00
2879372221,1903251,523,51,9,170,231135,59.8,40.1,65.2,47.9,,,,,"[{""type"":{""value"":56,""displayName"":""Zone""},""value"":""Center""},{""type"":{""value"":213,""displayName"":""Angle""},""value"":""0.75""},{""type"":{""value"":140,""displayName"":""PassEndX""},""value"":""65.2""},{""type"":{""value"":141,""displayName"":""PassEndY""},""value"":""47.9""},{""type"":{""value"":212,""displayName"":""Length""},""value"":""7.8""}]",true,false,false,false,Pass,Successful,SecondHalf,2025-12-05 23:16:15.684766+00
2879372259,1903251,524,51,11,170,321020,62.7,38.5,71.3,21.1,,,,,"[{""type"":{""value"":140,""displayName"":""PassEndX""},""value"":""71.3""},{""type"":{""value"":213,""displayName"":""Angle""},""value"":""5.36""},{""type"":{""value"":141,""displayName"":""PassEndY""},""value"":""21.1""},{""type"":{""value"":212,""displayName"":""Length""},""value"":""14.9""},{""type"":{""value"":56,""displayName"":""Zone""},""value"":""Right""}]",true,false,false,false,Pass,Successful,SecondHalf,2025-12-05 23:16:15.684766+00
2879372291,1903251,525,51,13,170,141169,71.8,21.1,78.4,9.9,,,,,"[{""type"":{""value"":213,""displayName"":""Angle""},""value"":""5.45""},{""type"":{""value"":212,""displayName"":""Length""},""value"":""10.3""},{""type"":{""value"":56,""displayName"":""Zone""},""value"":""Right""},{""type"":{""value"":141,""displayName"":""PassEndY""},""value"":""9.9""},{""type"":{""value"":140,""displayName"":""PassEndX""},""value"":""78.4""}]",true,false,false,false,Pass,Successful,SecondHalf,2025-12-05 23:16:15.684766+00
2879372297,1903251,526,51,14,170,333044,78.8,9.5,81.9,11,,,,,"[{""type"":{""value"":56,""displayName"":""Zone""},""value"":""Right""},{""type"":{""value"":141,""displayName"":""PassEndY""},""value"":""11.0""},{""type"":{""value"":140,""displayName"":""PassEndX""},""value"":""81.9""},{""type"":{""value"":213,""displayName"":""Angle""},""value"":""0.30""},{""type"":{""value"":212,""displayName"":""Length""},""value"":""3.4""}]",true,false,false,false,Pass,Unsuccessful,SecondHalf,2025-12-05 23:16:15.684766+00
2879372309,1903251,501,51,15,167,468847,18.1,89,,,,,,,"[{""type"":{""value"":56,""displayName"":""Zone""},""value"":""Back""}]",true,false,false,false,Interception,Successful,SecondHalf,2025-12-05 23:16:15.684766+00
2879372395,1903251,527,51,16,170,333044,76.2,12.2,72,26.9,,,,,"[{""type"":{""value"":213,""displayName"":""Angle""},""value"":""1.99""},{""type"":{""value"":212,""displayName"":""Length""},""value"":""10.9""},{""type"":{""value"":141,""displayName"":""PassEndY""},""value"":""26.9""},{""type"":{""value"":56,""displayName"":""Zone""},""value"":""Center""},{""type"":{""value"":140,""displayName"":""PassEndX""},""value"":""72.0""}]",true,false,false,false,Pass,Successful,SecondHalf,2025-12-05 23:16:15.684766+00
2879372405,1903251,528,51,19,170,321020,70.8,28.1,76.2,34.6,,,,,"[{""type"":{""value"":141,""displayName"":""PassEndY""},""value"":""34.6""},{""type"":{""value"":140,""displayName"":""PassEndX""},""value"":""76.2""},{""type"":{""value"":212,""displayName"":""Length""},""value"":""7.2""},{""type"":{""value"":213,""displayName"":""Angle""},""value"":""0.66""},{""type"":{""value"":56,""displayName"":""Zone""},""value"":""Center""}]",true,false,false,false,Pass,Successful,SecondHalf,2025-12-05 23:16:15.684766+00
2879372443,1903251,529,51,20,170,363686,76.2,34.6,68.6,40.7,,,,,"[{""type"":{""value"":140,""displayName"":""PassEndX""},""value"":""68.6""},{""type"":{""value"":56,""displayName"":""Zone""},""value"":""Center""},{""type"":{""value"":141,""displayName"":""PassEndY""},""value"":""40.7""},{""type"":{""value"":213,""displayName"":""Angle""},""value"":""2.66""},{""type"":{""value"":212,""displayName"":""Length""},""value"":""9.0""}]",true,false,false,false,Pass,Successful,SecondHalf,2025-12-05 23:16:15.684766+00
2879372487,1903251,530,51,23,170,231135,69.9,40.5,67,25.9,,,,,"[{""type"":{""value"":140,""displayName"":""PassEndX""},""value"":""67.0""},{""type"":{""value"":56,""displayName"":""Zone""},""value"":""Center""},{""type"":{""value"":213,""displayName"":""Angle""},""value"":""4.41""},{""type"":{""value"":141,""displayName"":""PassEndY""},""value"":""25.9""},{""type"":{""value"":212,""displayName"":""Length""},""value"":""10.4""}]",true,false,false,false,Pass,Successful,SecondHalf,2025-12-05 23:16:15.684766+00
2879372521,1903251,531,51,24,170,321020,68.3,24.4,84.1,14.9,,,,,"[{""type"":{""value"":141,""displayName"":""PassEndY""},""value"":""14.9""},{""type"":{""value"":140,""displayName"":""PassEndX""},""value"":""84.1""},{""type"":{""value"":212,""displayName"":""Length""},""value"":""17.8""},{""type"":{""value"":56,""displayName"":""Zone""},""value"":""Right""},{""type"":{""value"":213,""displayName"":""Angle""},""value"":""5.91""}]",true,false,false,false,Pass,Successful,SecondHalf,2025-12-05 23:16:15.684766+00
2879372525,1903251,532,51,27,170,141169,85,14.4,86.5,15,,,,,"[{""type"":{""value"":286,""displayName"":""Offensive""}},{""type"":{""value"":213,""displayName"":""Angle""},""value"":""0.25""},{""type"":{""value"":212,""displayName"":""Length""},""value"":""1.6""},{""type"":{""value"":141,""displayName"":""PassEndY""},""value"":""15.0""},{""type"":{""value"":233,""displayName"":""OppositeRelatedEvent""},""value"":""502""},{""type"":{""value"":140,""displayName"":""PassEndX""},""value"":""86.5""},{""type"":{""value"":56,""displayName"":""Zone""},""value"":""Right""}]",true,false,false,false,Pass,Unsuccessful,SecondHalf,2025-12-05 23:16:15.684766+00
2879372531,1903251,502,51,27,167,468847,13.5,85,,,,,,,"[{""type"":{""value"":56,""displayName"":""Zone""},""value"":""Back""},{""type"":{""value"":233,""displayName"":""OppositeRelatedEvent""},""value"":""532""},{""type"":{""value"":285,""displayName"":""Defensive""}}]",true,false,false,false,BlockedPass,Successful,SecondHalf,2025-12-05 23:16:15.684766+00
2879372549,1903251,533,51,28,170,141169,83.5,15.3,,,,,,,"[{""type"":{""value"":285,""displayName"":""Defensive""}},{""type"":{""value"":56,""displayName"":""Zone""},""value"":""Right""},{""type"":{""value"":233,""displayName"":""OppositeRelatedEvent""},""value"":""503""}]",true,false,false,false,BlockedPass,Successful,SecondHalf,2025-12-05 23:16:15.684766+00
2879372591,1903251,503,51,28,167,468847,12,83.6,13.8,83.8,,,,,"[{""type"":{""value"":233,""displayName"":""OppositeRelatedEvent""},""value"":""533""},{""type"":{""value"":141,""displayName"":""PassEndY""},""value"":""83.8""},{""type"":{""value"":56,""displayName"":""Zone""},""value"":""Back""},{""type"":{""value"":213,""displayName"":""Angle""},""value"":""0.07""},{""type"":{""value"":212,""displayName"":""Length""},""value"":""1.9""},{""type"":{""value"":140,""displayName"":""PassEndX""},""value"":""13.8""}]",true,false,false,false,Clearance,Successful,SecondHalf,2025-12-05 23:16:15.684766+00
2879372657,1903251,534,51,34,170,136824,69,64,,,,,,,"[{""type"":{""value"":56,""displayName"":""Zone""},""value"":""Center""}]",true,false,false,false,BallTouch,Successful,SecondHalf,2025-12-05 23:16:15.684766+00
2879372671,1903251,504,51,30,167,402664,2.8,67.5,35.4,30.4,,,,,"[{""type"":{""value"":213,""displayName"":""Angle""},""value"":""5.65""},{""type"":{""value"":212,""displayName"":""Length""},""value"":""42.5""},{""type"":{""value"":56,""displayName"":""Zone""},""value"":""Back""},{""type"":{""value"":141,""displayName"":""PassEndY""},""value"":""30.4""},{""type"":{""value"":140,""displayName"":""PassEndX""},""value"":""35.4""}]",true,false,false,false,Clearance,Successful,SecondHalf,2025-12-05 23:16:15.684766+00
2879372747,1903251,535,51,37,170,396976,42.6,72.2,45.7,51.5,,,,,"[{""type"":{""value"":141,""displayName"":""PassEndY""},""value"":""51.5""},{""type"":{""value"":140,""displayName"":""PassEndX""},""value"":""45.7""},{""type"":{""value"":56,""displayName"":""Zone""},""value"":""Back""},{""type"":{""value"":212,""displayName"":""Length""},""value"":""14.4""},{""type"":{""value"":213,""displayName"":""Angle""},""value"":""4.94""}]",true,false,false,false,Pass,Successful,SecondHalf,2025-12-05 23:16:15.684766+00
2879372809,1903251,536,51,38,170,231135,45.7,51.5,54.6,49.5,,,,,"[{""type"":{""value"":141,""displayName"":""PassEndY""},""value"":""49.5""},{""type"":{""value"":212,""displayName"":""Length""},""value"":""9.4""},{""type"":{""value"":213,""displayName"":""Angle""},""value"":""6.14""},{""type"":{""value"":140,""displayName"":""PassEndX""},""value"":""54.6""},{""type"":{""value"":56,""displayName"":""Zone""},""value"":""Center""}]",true,false,false,false,Pass,Successful,SecondHalf,2025-12-05 23:16:15.684766+00
2879372845,1903251,537,51,42,170,321020,54.6,54.2,63.2,81.7,,,,,"[{""type"":{""value"":56,""displayName"":""Zone""},""value"":""Left""},{""type"":{""value"":140,""displayName"":""PassEndX""},""value"":""63.2""},{""type"":{""value"":213,""displayName"":""Angle""},""value"":""1.12""},{""type"":{""value"":212,""displayName"":""Length""},""value"":""20.8""},{""type"":{""value"":141,""displayName"":""PassEndY""},""value"":""81.7""}]",true,false,false,false,Pass,Successful,SecondHalf,2025-12-05 23:16:15.684766+00
2879372893,1903251,538,51,44,170,136824,64.8,84.5,71.8,96.3,,,,,"[{""type"":{""value"":213,""displayName"":""Angle""},""value"":""0.83""},{""type"":{""value"":56,""displayName"":""Zone""},""value"":""Left""},{""type"":{""value"":140,""displayName"":""PassEndX""},""value"":""71.8""},{""type"":{""value"":141,""displayName"":""PassEndY""},""value"":""96.3""},{""type"":{""value"":212,""displayName"":""Length""},""value"":""10.9""}]",true,false,false,false,Pass,Successful,SecondHalf,2025-12-05 23:16:15.684766+00
2879372903,1903251,539,51,47,170,363665,72.3,90.8,73.1,88.9,,,,,"[{""type"":{""value"":286,""displayName"":""Offensive""}},{""type"":{""value"":56,""displayName"":""Zone""},""value"":""Left""},{""type"":{""value"":213,""displayName"":""Angle""},""value"":""5.29""},{""type"":{""value"":141,""displayName"":""PassEndY""},""value"":""88.9""},{""type"":{""value"":140,""displayName"":""PassEndX""},""value"":""73.1""},{""type"":{""value"":233,""displayName"":""OppositeRelatedEvent""},""value"":""505""},{""type"":{""value"":212,""displayName"":""Length""},""value"":""1.5""}]",true,false,false,false,Pass,Unsuccessful,SecondHalf,2025-12-05 23:16:15.684766+00
2879372959,1903251,505,51,47,167,394933,26.9,11.1,,,,,,,"[{""type"":{""value"":56,""displayName"":""Zone""},""value"":""Back""},{""type"":{""value"":285,""displayName"":""Defensive""}},{""type"":{""value"":233,""displayName"":""OppositeRelatedEvent""},""value"":""539""}]",true,false,false,false,BlockedPass,Successful,SecondHalf,2025-12-05 23:16:15.684766+00
2879372983,1903251,540,51,51,170,363665,70.1,73.2,78.4,55.9,,,,,"[{""type"":{""value"":210,""displayName"":""ShotAssist""},""value"":""13""},{""type"":{""value"":141,""displayName"":""PassEndY""},""value"":""55.9""},{""type"":{""value"":140,""displayName"":""PassEndX""},""value"":""78.4""},{""type"":{""value"":212,""displayName"":""Length""},""value"":""14.6""},{""type"":{""value"":56,""displayName"":""Zone""},""value"":""Center""},{""type"":{""value"":213,""displayName"":""Angle""},""value"":""5.35""},{""type"":{""value"":11113,""displayName"":""KeyPass""}}]",true,false,false,false,Pass,Successful,SecondHalf,2025-12-05 23:16:15.684766+00
2879372987,1903251,541,51,53,170,363686,79.7,50.7,,,,,76.4,45.9,"[{""type"":{""value"":102,""displayName"":""GoalMouthY""},""value"":""45.9""},{""type"":{""value"":29,""displayName"":""Assisted""}},{""type"":{""value"":55,""displayName"":""RelatedEventId""},""value"":""540""},{""type"":{""value"":56,""displayName"":""Zone""},""value"":""Center""},{""type"":{""value"":20,""displayName"":""RightFoot""}},{""type"":{""value"":215,""displayName"":""IndividualPlay""}},{""type"":{""value"":22,""displayName"":""RegularPlay""}},{""type"":{""value"":18,""displayName"":""OutOfBoxCentre""}},{""type"":{""value"":74,""displayName"":""MissHigh""}},{""type"":{""value"":103,""displayName"":""GoalMouthZ""},""value"":""76.4""}]",true,true,false,false,MissedShots,Successful,SecondHalf,2025-12-05 23:16:15.684766+00
2879373379,1903251,507,49,50,167,468847,74.1,90.3,74,96.5,,,,,"[{""type"":{""value"":212,""displayName"":""Length""},""value"":""4.2""},{""type"":{""value"":141,""displayName"":""PassEndY""},""value"":""96.5""},{""type"":{""value"":140,""displayName"":""PassEndX""},""value"":""74.0""},{""type"":{""value"":56,""displayName"":""Zone""},""value"":""Left""},{""type"":{""value"":213,""displayName"":""Angle""},""value"":""1.60""}]",true,false,false,false,Pass,Successful,SecondHalf,2025-12-05 23:16:15.684766+00
2879373733,1903251,508,52,48,167,313171,5.2,38.6,3.5,52.7,,,,,"[{""type"":{""value"":141,""displayName"":""PassEndY""},""value"":""52.7""},{""type"":{""value"":56,""displayName"":""Zone""},""value"":""Back""},{""type"":{""value"":140,""displayName"":""PassEndX""},""value"":""3.5""},{""type"":{""value"":124,""displayName"":""GoalKick""}},{""type"":{""value"":212,""displayName"":""Length""},""value"":""9.8""},{""type"":{""value"":213,""displayName"":""Angle""},""value"":""1.75""}]",true,false,false,false,Pass,Successful,SecondHalf,2025-12-05 23:16:15.684766+00
2879373799,1903251,509,52,49,167,262515,4.5,54,11.7,56.3,,,,,"[{""type"":{""value"":212,""displayName"":""Length""},""value"":""7.7""},{""type"":{""value"":213,""displayName"":""Angle""},""value"":""0.20""},{""type"":{""value"":140,""displayName"":""PassEndX""},""value"":""11.7""},{""type"":{""value"":141,""displayName"":""PassEndY""},""value"":""56.3""},{""type"":{""value"":56,""displayName"":""Zone""},""value"":""Back""}]",true,false,false,false,Pass,Successful,SecondHalf,2025-12-05 23:16:15.684766+00
2879373801,1903251,543,52,53,170,363686,72.2,12.5,,,,,,,"[{""type"":{""value"":56,""displayName"":""Zone""},""value"":""Right""}]",true,false,false,false,Interception,Successful,SecondHalf,2025-12-05 23:16:15.684766+00
2879373803,1903251,510,52,53,167,422939,11,84.1,27.8,87.5,,,,,"[{""type"":{""value"":213,""displayName"":""Angle""},""value"":""0.13""},{""type"":{""value"":141,""displayName"":""PassEndY""},""value"":""87.5""},{""type"":{""value"":140,""displayName"":""PassEndX""},""value"":""27.8""},{""type"":{""value"":212,""displayName"":""Length""},""value"":""17.8""},{""type"":{""value"":155,""displayName"":""Chipped""}},{""type"":{""value"":56,""displayName"":""Zone""},""value"":""Back""}]",true,false,false,false,Pass,Unsuccessful,SecondHalf,2025-12-05 23:16:15.684766+00
2879373823,1903251,544,52,54,170,333044,77.2,10.5,84.2,23,,,,,"[{""type"":{""value"":213,""displayName"":""Angle""},""value"":""0.86""},{""type"":{""value"":3,""displayName"":""HeadPass""}},{""type"":{""value"":212,""displayName"":""Length""},""value"":""11.2""},{""type"":{""value"":141,""displayName"":""PassEndY""},""value"":""23.0""},{""type"":{""value"":140,""displayName"":""PassEndX""},""value"":""84.2""},{""type"":{""value"":56,""displayName"":""Zone""},""value"":""Center""}]",true,false,false,false,Pass,Unsuccessful,SecondHalf,2025-12-05 23:16:15.684766+00
2879373897,1903251,512,53,0,167,136741,18.4,93,9.9,92.1,,,,,"[{""type"":{""value"":213,""displayName"":""Angle""},""value"":""3.21""},{""type"":{""value"":212,""displayName"":""Length""},""value"":""8.9""},{""type"":{""value"":141,""displayName"":""PassEndY""},""value"":""92.1""},{""type"":{""value"":140,""displayName"":""PassEndX""},""value"":""9.9""},{""type"":{""value"":56,""displayName"":""Zone""},""value"":""Back""}]",true,false,false,false,Pass,Successful,SecondHalf,2025-12-05 23:16:15.684766+00
2879373907,1903251,513,53,2,167,422939,9.9,92.1,19,88.9,,,,,"[{""type"":{""value"":140,""displayName"":""PassEndX""},""value"":""19.0""},{""type"":{""value"":141,""displayName"":""PassEndY""},""value"":""88.9""},{""type"":{""value"":56,""displayName"":""Zone""},""value"":""Back""},{""type"":{""value"":213,""displayName"":""Angle""},""value"":""6.06""},{""type"":{""value"":212,""displayName"":""Length""},""value"":""9.8""}]",true,false,false,false,Pass,Successful,SecondHalf,2025-12-05 23:16:15.684766+00
2879373925,1903251,514,53,2,167,331254,19.1,88.9,19.3,97.5,,,,,"[{""type"":{""value"":212,""displayName"":""Length""},""value"":""5.9""},{""type"":{""value"":56,""displayName"":""Zone""},""value"":""Back""},{""type"":{""value"":141,""displayName"":""PassEndY""},""value"":""97.5""},{""type"":{""value"":140,""displayName"":""PassEndX""},""value"":""19.3""},{""type"":{""value"":213,""displayName"":""Angle""},""value"":""1.53""}]",true,false,false,false,Pass,Successful,SecondHalf,2025-12-05 23:16:15.684766+00
2879373991,1903251,515,53,3,167,136741,19.3,97.5,18.9,90,,,,,"[{""type"":{""value"":213,""displayName"":""Angle""},""value"":""4.63""},{""type"":{""value"":56,""displayName"":""Zone""},""value"":""Back""},{""type"":{""value"":140,""displayName"":""PassEndX""},""value"":""18.9""},{""type"":{""value"":212,""displayName"":""Length""},""value"":""5.1""},{""type"":{""value"":141,""displayName"":""PassEndY""},""value"":""90.0""}]",true,false,false,false,Pass,Successful,SecondHalf,2025-12-05 23:16:15.684766+00
2879374055,1903251,516,53,9,167,331254,20.7,90.5,40.1,64.8,,,,,"[{""type"":{""value"":140,""displayName"":""PassEndX""},""value"":""40.1""},{""type"":{""value"":56,""displayName"":""Zone""},""value"":""Back""},{""type"":{""value"":213,""displayName"":""Angle""},""value"":""5.57""},{""type"":{""value"":212,""displayName"":""Length""},""value"":""26.8""},{""type"":{""value"":141,""displayName"":""PassEndY""},""value"":""64.8""}]",true,false,false,false,Pass,Successful,SecondHalf,2025-12-05 23:16:15.684766+00
2879374083,1903251,517,53,10,167,315227,35.1,71.7,33,81.4,,,,,"[{""type"":{""value"":140,""displayName"":""PassEndX""},""value"":""33.0""},{""type"":{""value"":212,""displayName"":""Length""},""value"":""7.0""},{""type"":{""value"":213,""displayName"":""Angle""},""value"":""1.89""},{""type"":{""value"":141,""displayName"":""PassEndY""},""value"":""81.4""},{""type"":{""value"":56,""displayName"":""Zone""},""value"":""Back""}]",true,false,false,false,Pass,Successful,SecondHalf,2025-12-05 23:16:15.684766+00
2879374085,1903251,518,53,12,167,136741,33.2,79,,,,,,,"[{""type"":{""value"":56,""displayName"":""Zone""},""value"":""Back""}]",true,false,false,false,BallTouch,Successful,SecondHalf,2025-12-05 23:16:15.684766+00
2879374139,1903251,519,53,14,167,422939,30.2,78.4,34.6,86.6,,,,,"[{""type"":{""value"":141,""displayName"":""PassEndY""},""value"":""86.6""},{""type"":{""value"":140,""displayName"":""PassEndX""},""value"":""34.6""},{""type"":{""value"":56,""displayName"":""Zone""},""value"":""Back""},{""type"":{""value"":213,""displayName"":""Angle""},""value"":""0.88""},{""type"":{""value"":212,""displayName"":""Length""},""value"":""7.2""}]",true,false,false,false,Pass,Successful,SecondHalf,2025-12-05 23:16:15.684766+00
2879374191,1903251,520,53,15,167,331254,34.6,86.6,47.4,96.2,,,,,"[{""type"":{""value"":141,""displayName"":""PassEndY""},""value"":""96.2""},{""type"":{""value"":212,""displayName"":""Length""},""value"":""14.9""},{""type"":{""value"":213,""displayName"":""Angle""},""value"":""0.45""},{""type"":{""value"":140,""displayName"":""PassEndX""},""value"":""47.4""},{""type"":{""value"":56,""displayName"":""Zone""},""value"":""Back""}]",true,false,false,false,Pass,Successful,SecondHalf,2025-12-05 23:16:15.684766+00
2879374237,1903251,521,53,18,167,468847,57.8,94.5,67.3,97.5,,,,,"[{""type"":{""value"":56,""displayName"":""Zone""},""value"":""Left""},{""type"":{""value"":141,""displayName"":""PassEndY""},""value"":""97.5""},{""type"":{""value"":140,""displayName"":""PassEndX""},""value"":""67.3""},{""type"":{""value"":213,""displayName"":""Angle""},""value"":""0.20""},{""type"":{""value"":212,""displayName"":""Length""},""value"":""10.2""}]",true,false,false,false,Pass,Successful,SecondHalf,2025-12-05 23:16:15.684766+00
2879374267,1903251,522,53,21,167,388098,71.3,88.1,68.7,75.6,,,,,"[{""type"":{""value"":141,""displayName"":""PassEndY""},""value"":""75.6""},{""type"":{""value"":212,""displayName"":""Length""},""value"":""8.9""},{""type"":{""value"":56,""displayName"":""Zone""},""value"":""Center""},{""type"":{""value"":213,""displayName"":""Angle""},""value"":""4.40""},{""type"":{""value"":140,""displayName"":""PassEndX""},""value"":""68.7""}]",true,false,false,false,Pass,Successful,SecondHalf,2025-12-05 23:16:15.684766+00
2879374317,1903251,523,53,23,167,331254,68.6,75.4,77,89.1,,,,,"[{""type"":{""value"":140,""displayName"":""PassEndX""},""value"":""77.0""},{""type"":{""value"":212,""displayName"":""Length""},""value"":""12.8""},{""type"":{""value"":141,""displayName"":""PassEndY""},""value"":""89.1""},{""type"":{""value"":56,""displayName"":""Zone""},""value"":""Left""},{""type"":{""value"":213,""displayName"":""Angle""},""value"":""0.81""}]",true,false,false,false,Pass,Successful,SecondHalf,2025-12-05 23:16:15.684766+00
2879374347,1903251,524,53,25,167,388098,78.6,89.3,89.8,65.7,,,,,"[{""type"":{""value"":212,""displayName"":""Length""},""value"":""19.9""},{""type"":{""value"":213,""displayName"":""Angle""},""value"":""5.34""},{""type"":{""value"":141,""displayName"":""PassEndY""},""value"":""65.7""},{""type"":{""value"":140,""displayName"":""PassEndX""},""value"":""89.8""},{""type"":{""value"":56,""displayName"":""Zone""},""value"":""Center""}]",true,false,false,false,Pass,Unsuccessful,SecondHalf,2025-12-05 23:16:15.684766+00
2879374365,1903251,546,53,26,170,396976,11.5,31.3,26.5,17.6,,,,,"[{""type"":{""value"":56,""displayName"":""Zone""},""value"":""Back""},{""type"":{""value"":213,""displayName"":""Angle""},""value"":""5.75""},{""type"":{""value"":140,""displayName"":""PassEndX""},""value"":""26.5""},{""type"":{""value"":141,""displayName"":""PassEndY""},""value"":""17.6""},{""type"":{""value"":212,""displayName"":""Length""},""value"":""18.3""}]",true,false,false,false,Clearance,Successful,SecondHalf,2025-12-05 23:16:15.684766+00
2879374377,1903251,525,53,29,167,388098,78,83,,,,,,,"[{""type"":{""value"":56,""displayName"":""Zone""},""value"":""Left""}]",true,false,false,false,Interception,Successful,SecondHalf,2025-12-05 23:16:15.684766+00
2879374381,1903251,547,53,27,170,333044,26.5,17.6,17.1,12.5,,,,,"[{""type"":{""value"":213,""displayName"":""Angle""},""value"":""3.48""},{""type"":{""value"":141,""displayName"":""PassEndY""},""value"":""12.5""},{""type"":{""value"":212,""displayName"":""Length""},""value"":""10.5""},{""type"":{""value"":140,""displayName"":""PassEndX""},""value"":""17.1""},{""type"":{""value"":56,""displayName"":""Zone""},""value"":""Back""}]",true,false,false,false,Pass,Successful,SecondHalf,2025-12-05 23:16:15.684766+00
2879374393,1903251,548,53,28,170,231135,17.1,12.5,22,17,,,,,"[{""type"":{""value"":56,""displayName"":""Zone""},""value"":""Back""},{""type"":{""value"":140,""displayName"":""PassEndX""},""value"":""22.0""},{""type"":{""value"":141,""displayName"":""PassEndY""},""value"":""17.0""},{""type"":{""value"":212,""displayName"":""Length""},""value"":""6.0""},{""type"":{""value"":213,""displayName"":""Angle""},""value"":""0.54""}]",true,false,false,false,Pass,Unsuccessful,SecondHalf,2025-12-05 23:16:15.684766+00
2879374413,1903251,549,53,30,170,231135,16.6,22.4,,,,,,,"[{""type"":{""value"":233,""displayName"":""OppositeRelatedEvent""},""value"":""526""},{""type"":{""value"":285,""displayName"":""Defensive""}},{""type"":{""value"":56,""displayName"":""Zone""},""value"":""Back""}]",false,false,false,false,Challenge,Unsuccessful,SecondHalf,2025-12-05 23:16:15.684766+00
2879374469,1903251,526,53,30,167,388098,83.4,77.6,,,,,,,"[{""type"":{""value"":233,""displayName"":""OppositeRelatedEvent""},""value"":""549""},{""type"":{""value"":286,""displayName"":""Offensive""}},{""type"":{""value"":56,""displayName"":""Zone""},""value"":""Center""}]",true,false,false,false,TakeOn,Successful,SecondHalf,2025-12-05 23:16:15.684766+00
2879374479,1903251,639,53,32,170,321020,12.6,35.6,,,,,22.8,47.2,"[{""type"":{""value"":64,""displayName"":""BoxLeft""}},{""type"":{""value"":103,""displayName"":""GoalMouthZ""},""value"":""22.8""},{""type"":{""value"":28,""displayName"":""OwnGoal""}},{""type"":{""value"":22,""displayName"":""RegularPlay""}},{""type"":{""value"":102,""displayName"":""GoalMouthY""},""value"":""47.2""},{""type"":{""value"":56,""displayName"":""Zone""},""value"":""Center""},{""type"":{""value"":81,""displayName"":""HighRight""}},{""type"":{""value"":20,""displayName"":""RightFoot""}}]",true,true,true,false,Goal,Successful,SecondHalf,2025-12-05 23:16:15.684766+00
2879375185,1903251,550,53,29,170,231135,15.5,16.5,,,,,,,"[{""type"":{""value"":170,""displayName"":""LeadingToGoal""},""value"":""527""}]",false,false,false,false,Error,Successful,SecondHalf,2025-12-05 23:16:15.684766+00
2879375645,1903251,551,54,46,170,333044,50.3,49.5,33.9,42.1,,,,,"[{""type"":{""value"":56,""displayName"":""Zone""},""value"":""Back""},{""type"":{""value"":140,""displayName"":""PassEndX""},""value"":""33.9""},{""type"":{""value"":213,""displayName"":""Angle""},""value"":""3.43""},{""type"":{""value"":141,""displayName"":""PassEndY""},""value"":""42.1""},{""type"":{""value"":212,""displayName"":""Length""},""value"":""17.9""}]",true,false,false,false,Pass,Successful,SecondHalf,2025-12-05 23:16:15.684766+00
2879375753,1903251,552,54,51,170,231135,35.9,43.4,44.3,76.1,,,,,"[{""type"":{""value"":212,""displayName"":""Length""},""value"":""23.9""},{""type"":{""value"":140,""displayName"":""PassEndX""},""value"":""44.3""},{""type"":{""value"":141,""displayName"":""PassEndY""},""value"":""76.1""},{""type"":{""value"":56,""displayName"":""Zone""},""value"":""Back""},{""type"":{""value"":213,""displayName"":""Angle""},""value"":""1.19""}]",true,false,false,false,Pass,Successful,SecondHalf,2025-12-05 23:16:15.684766+00
2879375807,1903251,553,54,59,170,136824,54,47.9,61.1,9.6,,,,,"[{""type"":{""value"":212,""displayName"":""Length""},""value"":""27.1""},{""type"":{""value"":213,""displayName"":""Angle""},""value"":""4.99""},{""type"":{""value"":56,""displayName"":""Zone""},""value"":""Right""},{""type"":{""value"":141,""displayName"":""PassEndY""},""value"":""9.6""},{""type"":{""value"":140,""displayName"":""PassEndX""},""value"":""61.1""}]",true,false,false,false,Pass,Successful,SecondHalf,2025-12-05 23:16:15.684766+00
2879375833,1903251,554,55,2,170,141169,60.5,7.9,54.6,21.8,,,,,"[{""type"":{""value"":140,""displayName"":""PassEndX""},""value"":""54.6""},{""type"":{""value"":141,""displayName"":""PassEndY""},""value"":""21.8""},{""type"":{""value"":212,""displayName"":""Length""},""value"":""11.3""},{""type"":{""value"":213,""displayName"":""Angle""},""value"":""2.15""},{""type"":{""value"":56,""displayName"":""Zone""},""value"":""Center""}]",true,false,false,false,Pass,Successful,SecondHalf,2025-12-05 23:16:15.684766+00
2879375951,1903251,555,55,4,170,136824,54,24.4,45.6,66.4,,,,,"[{""type"":{""value"":213,""displayName"":""Angle""},""value"":""1.87""},{""type"":{""value"":212,""displayName"":""Length""},""value"":""29.9""},{""type"":{""value"":56,""displayName"":""Zone""},""value"":""Back""},{""type"":{""value"":140,""displayName"":""PassEndX""},""value"":""45.6""},{""type"":{""value"":141,""displayName"":""PassEndY""},""value"":""66.4""}]",true,false,false,false,Pass,Successful,SecondHalf,2025-12-05 23:16:15.684766+00
2879375999,1903251,556,55,11,170,396976,55.2,77.7,72.1,93.1,,,,,"[{""type"":{""value"":213,""displayName"":""Angle""},""value"":""0.53""},{""type"":{""value"":212,""displayName"":""Length""},""value"":""20.6""},{""type"":{""value"":140,""displayName"":""PassEndX""},""value"":""72.1""},{""type"":{""value"":56,""displayName"":""Zone""},""value"":""Left""},{""type"":{""value"":141,""displayName"":""PassEndY""},""value"":""93.1""}]",true,false,false,false,Pass,Successful,SecondHalf,2025-12-05 23:16:15.684766+00
2879376007,1903251,557,55,13,170,363665,71,90.1,,,,,,,"[{""type"":{""value"":233,""displayName"":""OppositeRelatedEvent""},""value"":""529""},{""type"":{""value"":286,""displayName"":""Offensive""}},{""type"":{""value"":56,""displayName"":""Zone""},""value"":""Left""}]",true,false,false,false,Dispossessed,Successful,SecondHalf,2025-12-05 23:16:15.684766+00
2879376025,1903251,529,55,13,167,394933,29,9.9,,,,,,,"[{""type"":{""value"":285,""displayName"":""Defensive""}},{""type"":{""value"":233,""displayName"":""OppositeRelatedEvent""},""value"":""557""},{""type"":{""value"":178,""displayName"":""StandingSave""}},{""type"":{""value"":56,""displayName"":""Zone""},""value"":""Back""}]",true,false,false,false,Tackle,Successful,SecondHalf,2025-12-05 23:16:15.684766+00
2879376029,1903251,530,55,14,167,331254,34.1,17.3,,,,,,,[],false,false,false,false,BallRecovery,Successful,SecondHalf,2025-12-05 23:16:15.684766+00
2879376041,1903251,531,55,15,167,331254,34.1,17.3,27,18.5,,,,,"[{""type"":{""value"":140,""displayName"":""PassEndX""},""value"":""27.0""},{""type"":{""value"":213,""displayName"":""Angle""},""value"":""3.03""},{""type"":{""value"":56,""displayName"":""Zone""},""value"":""Back""},{""type"":{""value"":141,""displayName"":""PassEndY""},""value"":""18.5""},{""type"":{""value"":212,""displayName"":""Length""},""value"":""7.5""}]",true,false,false,false,Pass,Successful,SecondHalf,2025-12-05 23:16:17.240787+00
2879376087,1903251,532,55,16,167,136741,27.1,18.2,33,7.9,,,,,"[{""type"":{""value"":141,""displayName"":""PassEndY""},""value"":""7.9""},{""type"":{""value"":212,""displayName"":""Length""},""value"":""9.4""},{""type"":{""value"":56,""displayName"":""Zone""},""value"":""Back""},{""type"":{""value"":213,""displayName"":""Angle""},""value"":""5.44""},{""type"":{""value"":140,""displayName"":""PassEndX""},""value"":""33.0""}]",true,false,false,false,Pass,Successful,SecondHalf,2025-12-05 23:16:17.240787+00
2879376091,1903251,533,55,18,167,394933,45.5,9,,,,,,,"[{""type"":{""value"":56,""displayName"":""Zone""},""value"":""Back""},{""type"":{""value"":286,""displayName"":""Offensive""}},{""type"":{""value"":233,""displayName"":""OppositeRelatedEvent""},""value"":""558""}]",true,false,false,false,Dispossessed,Successful,SecondHalf,2025-12-05 23:16:17.240787+00
2879376103,1903251,558,55,18,170,321020,54.5,91,,,,,,,"[{""type"":{""value"":178,""displayName"":""StandingSave""}},{""type"":{""value"":285,""displayName"":""Defensive""}},{""type"":{""value"":233,""displayName"":""OppositeRelatedEvent""},""value"":""533""},{""type"":{""value"":56,""displayName"":""Zone""},""value"":""Left""}]",true,false,false,false,Tackle,Successful,SecondHalf,2025-12-05 23:16:17.240787+00
2879376105,1903251,559,55,20,170,321020,42,89.3,,,,,,,[],false,false,false,false,BallRecovery,Successful,SecondHalf,2025-12-05 23:16:17.240787+00
2879376135,1903251,560,55,20,170,321020,42,89.3,18.5,54.7,,,,,"[{""type"":{""value"":56,""displayName"":""Zone""},""value"":""Back""},{""type"":{""value"":213,""displayName"":""Angle""},""value"":""3.90""},{""type"":{""value"":1,""displayName"":""Longball""}},{""type"":{""value"":141,""displayName"":""PassEndY""},""value"":""54.7""},{""type"":{""value"":140,""displayName"":""PassEndX""},""value"":""18.5""},{""type"":{""value"":212,""displayName"":""Length""},""value"":""34.1""}]",true,false,false,false,Pass,Successful,SecondHalf,2025-12-05 23:16:17.240787+00
2879376157,1903251,561,55,23,170,92173,18.5,54.7,28,54.4,,,,,"[{""type"":{""value"":140,""displayName"":""PassEndX""},""value"":""28.0""},{""type"":{""value"":56,""displayName"":""Zone""},""value"":""Back""},{""type"":{""value"":213,""displayName"":""Angle""},""value"":""6.26""},{""type"":{""value"":212,""displayName"":""Length""},""value"":""10.0""},{""type"":{""value"":141,""displayName"":""PassEndY""},""value"":""54.4""}]",true,false,false,false,Pass,Successful,SecondHalf,2025-12-05 23:16:17.240787+00
2879376197,1903251,562,55,25,170,231135,29,52,35.8,61.6,,,,,"[{""type"":{""value"":56,""displayName"":""Zone""},""value"":""Back""},{""type"":{""value"":140,""displayName"":""PassEndX""},""value"":""35.8""},{""type"":{""value"":212,""displayName"":""Length""},""value"":""9.7""},{""type"":{""value"":141,""displayName"":""PassEndY""},""value"":""61.6""},{""type"":{""value"":213,""displayName"":""Angle""},""value"":""0.74""}]",true,false,false,false,Pass,Successful,SecondHalf,2025-12-05 23:16:17.240787+00
2879376207,1903251,563,55,29,170,321020,46.7,66.6,57.8,93.6,,,,,"[{""type"":{""value"":56,""displayName"":""Zone""},""value"":""Left""},{""type"":{""value"":140,""displayName"":""PassEndX""},""value"":""57.8""},{""type"":{""value"":213,""displayName"":""Angle""},""value"":""1.01""},{""type"":{""value"":141,""displayName"":""PassEndY""},""value"":""93.6""},{""type"":{""value"":212,""displayName"":""Length""},""value"":""21.7""}]",true,false,false,false,Pass,Successful,SecondHalf,2025-12-05 23:16:17.240787+00
2879376437,1903251,564,55,35,170,363665,58,87.2,48.5,90.1,,,,,"[{""type"":{""value"":213,""displayName"":""Angle""},""value"":""2.95""},{""type"":{""value"":56,""displayName"":""Zone""},""value"":""Back""},{""type"":{""value"":141,""displayName"":""PassEndY""},""value"":""90.1""},{""type"":{""value"":140,""displayName"":""PassEndX""},""value"":""48.5""},{""type"":{""value"":212,""displayName"":""Length""},""value"":""10.2""}]",true,false,false,false,Pass,Successful,SecondHalf,2025-12-05 23:16:17.240787+00
2879376457,1903251,565,55,44,170,136824,48.1,66,43.1,43.4,,,,,"[{""type"":{""value"":141,""displayName"":""PassEndY""},""value"":""43.4""},{""type"":{""value"":140,""displayName"":""PassEndX""},""value"":""43.1""},{""type"":{""value"":213,""displayName"":""Angle""},""value"":""4.38""},{""type"":{""value"":212,""displayName"":""Length""},""value"":""16.2""},{""type"":{""value"":56,""displayName"":""Zone""},""value"":""Back""}]",true,false,false,false,Pass,Successful,SecondHalf,2025-12-05 23:16:17.240787+00
2879376507,1903251,566,55,46,170,231135,43,43.1,54.2,49.2,,,,,"[{""type"":{""value"":213,""displayName"":""Angle""},""value"":""0.34""},{""type"":{""value"":56,""displayName"":""Zone""},""value"":""Center""},{""type"":{""value"":140,""displayName"":""PassEndX""},""value"":""54.2""},{""type"":{""value"":141,""displayName"":""PassEndY""},""value"":""49.2""},{""type"":{""value"":212,""displayName"":""Length""},""value"":""12.5""}]",true,false,false,false,Pass,Successful,SecondHalf,2025-12-05 23:16:17.240787+00
2879376543,1903251,567,55,48,170,321020,52.7,38.7,53.4,5.4,,,,,"[{""type"":{""value"":213,""displayName"":""Angle""},""value"":""4.74""},{""type"":{""value"":212,""displayName"":""Length""},""value"":""22.7""},{""type"":{""value"":141,""displayName"":""PassEndY""},""value"":""5.4""},{""type"":{""value"":140,""displayName"":""PassEndX""},""value"":""53.4""},{""type"":{""value"":56,""displayName"":""Zone""},""value"":""Right""}]",true,false,false,false,Pass,Successful,SecondHalf,2025-12-05 23:16:17.240787+00
2879376627,1903251,568,55,51,170,141169,53.4,5.4,78.7,26.6,,,,,"[{""type"":{""value"":212,""displayName"":""Length""},""value"":""30.2""},{""type"":{""value"":140,""displayName"":""PassEndX""},""value"":""78.7""},{""type"":{""value"":141,""displayName"":""PassEndY""},""value"":""26.6""},{""type"":{""value"":56,""displayName"":""Zone""},""value"":""Center""},{""type"":{""value"":155,""displayName"":""Chipped""}},{""type"":{""value"":213,""displayName"":""Angle""},""value"":""0.50""}]",true,false,false,false,Pass,Successful,SecondHalf,2025-12-05 23:16:17.240787+00
2879376655,1903251,569,55,56,170,363686,89.6,12.3,85.5,6.4,,,,,"[{""type"":{""value"":140,""displayName"":""PassEndX""},""value"":""85.5""},{""type"":{""value"":212,""displayName"":""Length""},""value"":""5.9""},{""type"":{""value"":141,""displayName"":""PassEndY""},""value"":""6.4""},{""type"":{""value"":56,""displayName"":""Zone""},""value"":""Right""},{""type"":{""value"":213,""displayName"":""Angle""},""value"":""3.89""}]",true,false,false,false,Pass,Successful,SecondHalf,2025-12-05 23:16:17.240787+00
2879376661,1903251,570,55,58,170,333044,85,7,86.4,10.7,,,,,"[{""type"":{""value"":72,""displayName"":""LeftFoot""}},{""type"":{""value"":141,""displayName"":""PassEndY""},""value"":""10.7""},{""type"":{""value"":212,""displayName"":""Length""},""value"":""2.9""},{""type"":{""value"":2,""displayName"":""Cross""}},{""type"":{""value"":56,""displayName"":""Zone""},""value"":""Right""},{""type"":{""value"":213,""displayName"":""Angle""},""value"":""1.04""},{""type"":{""value"":155,""displayName"":""Chipped""}},{""type"":{""value"":140,""displayName"":""PassEndX""},""value"":""86.4""}]",true,false,false,false,Pass,Unsuccessful,SecondHalf,2025-12-05 23:16:17.240787+00
2879376671,1903251,534,55,59,167,402664,13.2,85.9,,,,,,,"[{""type"":{""value"":56,""displayName"":""Zone""},""value"":""Back""}]",true,false,false,false,BallTouch,Successful,SecondHalf,2025-12-05 23:16:17.240787+00
2879376701,1903251,535,55,59,167,468847,12.1,69.9,,,,,,,"[{""type"":{""value"":56,""displayName"":""Zone""},""value"":""Back""}]",true,false,false,false,BallTouch,Successful,SecondHalf,2025-12-05 23:16:17.240787+00
2879376763,1903251,571,56,1,170,136824,76.7,49,,,,,10.1,47.1,"[{""type"":{""value"":56,""displayName"":""Zone""},""value"":""Center""},{""type"":{""value"":103,""displayName"":""GoalMouthZ""},""value"":""10.1""},{""type"":{""value"":22,""displayName"":""RegularPlay""}},{""type"":{""value"":18,""displayName"":""OutOfBoxCentre""}},{""type"":{""value"":20,""displayName"":""RightFoot""}},{""type"":{""value"":328,""displayName"":""FirstTouch""}},{""type"":{""value"":215,""displayName"":""IndividualPlay""}},{""type"":{""value"":102,""displayName"":""GoalMouthY""},""value"":""47.1""},{""type"":{""value"":80,""displayName"":""LowRight""}}]",true,true,true,false,Goal,Successful,SecondHalf,2025-12-05 23:16:17.240787+00
2879377303,1903251,536,52,55,167,136741,10.7,76,,,,,,,"[{""type"":{""value"":56,""displayName"":""Zone""},""value"":""Back""}]",true,false,false,false,BallTouch,Successful,SecondHalf,2025-12-05 23:16:15.684766+00
2879377387,1903251,537,52,56,167,468847,12,73.8,,,,,,,"[{""type"":{""value"":56,""displayName"":""Zone""},""value"":""Back""}]",true,false,false,false,BallTouch,Successful,SecondHalf,2025-12-05 23:16:15.684766+00
2879377505,1903251,538,56,39,167,343382,49.7,50.9,38.3,49.9,,,,,"[{""type"":{""value"":140,""displayName"":""PassEndX""},""value"":""38.3""},{""type"":{""value"":56,""displayName"":""Zone""},""value"":""Back""},{""type"":{""value"":213,""displayName"":""Angle""},""value"":""3.20""},{""type"":{""value"":141,""displayName"":""PassEndY""},""value"":""49.9""},{""type"":{""value"":212,""displayName"":""Length""},""value"":""12.0""}]",true,false,false,false,Pass,Successful,SecondHalf,2025-12-05 23:16:17.240787+00
2879377527,1903251,539,56,50,167,394933,31.5,13.9,45.7,5.2,,,,,"[{""type"":{""value"":213,""displayName"":""Angle""},""value"":""5.91""},{""type"":{""value"":212,""displayName"":""Length""},""value"":""16.0""},{""type"":{""value"":56,""displayName"":""Zone""},""value"":""Back""},{""type"":{""value"":141,""displayName"":""PassEndY""},""value"":""5.2""},{""type"":{""value"":140,""displayName"":""PassEndX""},""value"":""45.7""}]",true,false,false,false,Pass,Successful,SecondHalf,2025-12-05 23:16:17.240787+00
2879377541,1903251,540,56,51,167,331254,43.3,10.3,30.1,11.1,,,,,"[{""type"":{""value"":212,""displayName"":""Length""},""value"":""13.9""},{""type"":{""value"":140,""displayName"":""PassEndX""},""value"":""30.1""},{""type"":{""value"":141,""displayName"":""PassEndY""},""value"":""11.1""},{""type"":{""value"":56,""displayName"":""Zone""},""value"":""Back""},{""type"":{""value"":213,""displayName"":""Angle""},""value"":""3.10""}]",true,false,false,false,Pass,Successful,SecondHalf,2025-12-05 23:16:17.240787+00
2879377577,1903251,541,56,52,167,394933,30.2,11.3,32.2,32.8,,,,,"[{""type"":{""value"":56,""displayName"":""Zone""},""value"":""Back""},{""type"":{""value"":213,""displayName"":""Angle""},""value"":""1.43""},{""type"":{""value"":212,""displayName"":""Length""},""value"":""14.8""},{""type"":{""value"":141,""displayName"":""PassEndY""},""value"":""32.8""},{""type"":{""value"":140,""displayName"":""PassEndX""},""value"":""32.2""}]",true,false,false,false,Pass,Successful,SecondHalf,2025-12-05 23:16:17.240787+00
2879377611,1903251,542,56,53,167,422939,29.6,34.5,8,48.4,,,,,"[{""type"":{""value"":140,""displayName"":""PassEndX""},""value"":""8.0""},{""type"":{""value"":141,""displayName"":""PassEndY""},""value"":""48.4""},{""type"":{""value"":213,""displayName"":""Angle""},""value"":""2.75""},{""type"":{""value"":212,""displayName"":""Length""},""value"":""24.6""},{""type"":{""value"":56,""displayName"":""Zone""},""value"":""Back""}]",true,false,false,false,Pass,Successful,SecondHalf,2025-12-05 23:16:17.240787+00
2879377693,1903251,543,56,58,167,262515,11,46,42,27.6,,,,,"[{""type"":{""value"":140,""displayName"":""PassEndX""},""value"":""42.0""},{""type"":{""value"":56,""displayName"":""Zone""},""value"":""Back""},{""type"":{""value"":212,""displayName"":""Length""},""value"":""34.9""},{""type"":{""value"":141,""displayName"":""PassEndY""},""value"":""27.6""},{""type"":{""value"":1,""displayName"":""Longball""}},{""type"":{""value"":213,""displayName"":""Angle""},""value"":""5.92""}]",true,false,false,false,Pass,Successful,SecondHalf,2025-12-05 23:16:17.240787+00
2879377699,1903251,544,57,0,167,315227,42,27.6,37.1,34.8,,,,,"[{""type"":{""value"":141,""displayName"":""PassEndY""},""value"":""34.8""},{""type"":{""value"":56,""displayName"":""Zone""},""value"":""Back""},{""type"":{""value"":140,""displayName"":""PassEndX""},""value"":""37.1""},{""type"":{""value"":156,""displayName"":""LayOff""}},{""type"":{""value"":213,""displayName"":""Angle""},""value"":""2.38""},{""type"":{""value"":212,""displayName"":""Length""},""value"":""7.1""}]",true,false,false,false,Pass,Successful,SecondHalf,2025-12-05 23:16:17.240787+00
2879377799,1903251,545,57,4,167,331254,62.9,44,90.9,34,,,,,"[{""type"":{""value"":212,""displayName"":""Length""},""value"":""30.2""},{""type"":{""value"":141,""displayName"":""PassEndY""},""value"":""34.0""},{""type"":{""value"":56,""displayName"":""Zone""},""value"":""Center""},{""type"":{""value"":213,""displayName"":""Angle""},""value"":""6.06""},{""type"":{""value"":140,""displayName"":""PassEndX""},""value"":""90.9""}]",true,false,false,false,Pass,Unsuccessful,SecondHalf,2025-12-05 23:16:17.240787+00
2879377833,1903251,572,57,9,170,92173,6.7,72.6,,,,,,,[],false,false,false,false,KeeperPickup,Successful,SecondHalf,2025-12-05 23:16:17.240787+00
2879377891,1903251,573,57,10,170,92173,8,69.1,26.2,66.7,,,,,"[{""type"":{""value"":123,""displayName"":""KeeperThrow""}},{""type"":{""value"":213,""displayName"":""Angle""},""value"":""6.20""},{""type"":{""value"":141,""displayName"":""PassEndY""},""value"":""66.7""},{""type"":{""value"":212,""displayName"":""Length""},""value"":""19.2""},{""type"":{""value"":56,""displayName"":""Zone""},""value"":""Back""},{""type"":{""value"":140,""displayName"":""PassEndX""},""value"":""26.2""}]",true,false,false,false,Pass,Successful,SecondHalf,2025-12-05 23:16:17.240787+00
2879377947,1903251,574,57,11,170,321020,26.6,67.3,13.6,73.7,,,,,"[{""type"":{""value"":140,""displayName"":""PassEndX""},""value"":""13.6""},{""type"":{""value"":56,""displayName"":""Zone""},""value"":""Back""},{""type"":{""value"":213,""displayName"":""Angle""},""value"":""2.83""},{""type"":{""value"":212,""displayName"":""Length""},""value"":""14.3""},{""type"":{""value"":141,""displayName"":""PassEndY""},""value"":""73.7""}]",true,false,false,false,Pass,Successful,SecondHalf,2025-12-05 23:16:17.240787+00
2879378015,1903251,575,57,15,170,396976,21.3,72.8,26.5,69.3,,,,,"[{""type"":{""value"":212,""displayName"":""Length""},""value"":""6.0""},{""type"":{""value"":141,""displayName"":""PassEndY""},""value"":""69.3""},{""type"":{""value"":140,""displayName"":""PassEndX""},""value"":""26.5""},{""type"":{""value"":56,""displayName"":""Zone""},""value"":""Back""},{""type"":{""value"":213,""displayName"":""Angle""},""value"":""5.87""}]",true,false,false,false,Pass,Successful,SecondHalf,2025-12-05 23:16:17.240787+00
2879378047,1903251,576,57,18,170,321020,29.7,63,39,42.2,,,,,"[{""type"":{""value"":141,""displayName"":""PassEndY""},""value"":""42.2""},{""type"":{""value"":212,""displayName"":""Length""},""value"":""17.2""},{""type"":{""value"":213,""displayName"":""Angle""},""value"":""5.32""},{""type"":{""value"":56,""displayName"":""Zone""},""value"":""Back""},{""type"":{""value"":140,""displayName"":""PassEndX""},""value"":""39.0""}]",true,false,false,false,Pass,Successful,SecondHalf,2025-12-05 23:16:17.240787+00
2879378091,1903251,577,57,19,170,363686,40.2,38.2,43.3,17.7,,,,,"[{""type"":{""value"":56,""displayName"":""Zone""},""value"":""Back""},{""type"":{""value"":213,""displayName"":""Angle""},""value"":""4.94""},{""type"":{""value"":212,""displayName"":""Length""},""value"":""14.3""},{""type"":{""value"":141,""displayName"":""PassEndY""},""value"":""17.7""},{""type"":{""value"":140,""displayName"":""PassEndX""},""value"":""43.3""}]",true,false,false,false,Pass,Successful,SecondHalf,2025-12-05 23:16:17.240787+00
2879378123,1903251,578,57,22,170,141169,45.4,13.5,55.6,3.9,,,,,"[{""type"":{""value"":213,""displayName"":""Angle""},""value"":""5.74""},{""type"":{""value"":56,""displayName"":""Zone""},""value"":""Right""},{""type"":{""value"":140,""displayName"":""PassEndX""},""value"":""55.6""},{""type"":{""value"":141,""displayName"":""PassEndY""},""value"":""3.9""},{""type"":{""value"":212,""displayName"":""Length""},""value"":""12.5""}]",true,false,false,false,Pass,Successful,SecondHalf,2025-12-05 23:16:17.240787+00
2879378201,1903251,579,57,23,170,333044,55.6,8.2,48.2,32.5,,,,,"[{""type"":{""value"":56,""displayName"":""Zone""},""value"":""Back""},{""type"":{""value"":140,""displayName"":""PassEndX""},""value"":""48.2""},{""type"":{""value"":141,""displayName"":""PassEndY""},""value"":""32.5""},{""type"":{""value"":212,""displayName"":""Length""},""value"":""18.3""},{""type"":{""value"":213,""displayName"":""Angle""},""value"":""2.01""}]",true,false,false,false,Pass,Successful,SecondHalf,2025-12-05 23:16:17.240787+00
2879378221,1903251,580,57,27,170,321020,48.2,41,52.6,58.4,,,,,"[{""type"":{""value"":140,""displayName"":""PassEndX""},""value"":""52.6""},{""type"":{""value"":212,""displayName"":""Length""},""value"":""12.7""},{""type"":{""value"":213,""displayName"":""Angle""},""value"":""1.20""},{""type"":{""value"":56,""displayName"":""Zone""},""value"":""Center""},{""type"":{""value"":141,""displayName"":""PassEndY""},""value"":""58.4""}]",true,false,false,false,Pass,Successful,SecondHalf,2025-12-05 23:16:17.240787+00
2879378289,1903251,581,57,29,170,136824,53.9,61.5,58.6,90.4,,,,,"[{""type"":{""value"":56,""displayName"":""Zone""},""value"":""Left""},{""type"":{""value"":213,""displayName"":""Angle""},""value"":""1.32""},{""type"":{""value"":212,""displayName"":""Length""},""value"":""20.3""},{""type"":{""value"":141,""displayName"":""PassEndY""},""value"":""90.4""},{""type"":{""value"":140,""displayName"":""PassEndX""},""value"":""58.6""}]",true,false,false,false,Pass,Successful,SecondHalf,2025-12-05 23:16:17.240787+00
2879378303,1903251,582,57,34,170,322611,62.9,89.8,76.6,73.1,,,,,"[{""type"":{""value"":212,""displayName"":""Length""},""value"":""18.3""},{""type"":{""value"":141,""displayName"":""PassEndY""},""value"":""73.1""},{""type"":{""value"":155,""displayName"":""Chipped""}},{""type"":{""value"":213,""displayName"":""Angle""},""value"":""5.61""},{""type"":{""value"":140,""displayName"":""PassEndX""},""value"":""76.6""},{""type"":{""value"":56,""displayName"":""Zone""},""value"":""Center""}]",true,false,false,false,Pass,Unsuccessful,SecondHalf,2025-12-05 23:16:17.240787+00
2879378315,1903251,546,57,35,167,313171,23.4,26.9,,,,,,,"[{""type"":{""value"":56,""displayName"":""Zone""},""value"":""Back""},{""type"":{""value"":15,""displayName"":""Head""}}]",true,false,false,false,Interception,Successful,SecondHalf,2025-12-05 23:16:17.240787+00
2879378383,1903251,583,57,40,170,333044,91,75.6,,,,,,,"[{""type"":{""value"":56,""displayName"":""Zone""},""value"":""Center""}]",true,false,false,false,BallTouch,Unsuccessful,SecondHalf,2025-12-05 23:16:17.240787+00
2879378561,1903251,585,49,47,170,333044,18.7,7.2,,,,,,,"[{""type"":{""value"":56,""displayName"":""Zone""},""value"":""Back""}]",true,false,false,false,BallTouch,Successful,SecondHalf,2025-12-05 23:16:15.684766+00
2879379269,1903251,548,58,25,167,262515,4.8,41.8,60,8,,,,,"[{""type"":{""value"":124,""displayName"":""GoalKick""}},{""type"":{""value"":74,""displayName"":""MissHigh""}},{""type"":{""value"":1,""displayName"":""Longball""}},{""type"":{""value"":141,""displayName"":""PassEndY""},""value"":""8.0""},{""type"":{""value"":213,""displayName"":""Angle""},""value"":""5.91""},{""type"":{""value"":212,""displayName"":""Length""},""value"":""62.4""},{""type"":{""value"":56,""displayName"":""Zone""},""value"":""Right""},{""type"":{""value"":140,""displayName"":""PassEndX""},""value"":""60.0""}]",true,false,false,false,Pass,Unsuccessful,SecondHalf,2025-12-05 23:16:17.240787+00
2879379273,1903251,586,58,30,170,396976,40,92,,,,,,,"[{""type"":{""value"":233,""displayName"":""OppositeRelatedEvent""},""value"":""549""},{""type"":{""value"":56,""displayName"":""Zone""},""value"":""Back""},{""type"":{""value"":285,""displayName"":""Defensive""}}]",false,false,false,false,Aerial,Successful,SecondHalf,2025-12-05 23:16:17.240787+00
2879379277,1903251,549,58,30,167,315227,60,8,,,,,,,"[{""type"":{""value"":286,""displayName"":""Offensive""}},{""type"":{""value"":56,""displayName"":""Zone""},""value"":""Right""},{""type"":{""value"":233,""displayName"":""OppositeRelatedEvent""},""value"":""586""}]",false,false,false,false,Aerial,Unsuccessful,SecondHalf,2025-12-05 23:16:17.240787+00
2879379305,1903251,587,58,30,170,396976,40,92,46,68.7,,,,,"[{""type"":{""value"":3,""displayName"":""HeadPass""}},{""type"":{""value"":212,""displayName"":""Length""},""value"":""17.1""},{""type"":{""value"":213,""displayName"":""Angle""},""value"":""5.09""},{""type"":{""value"":140,""displayName"":""PassEndX""},""value"":""46.0""},{""type"":{""value"":56,""displayName"":""Zone""},""value"":""Back""},{""type"":{""value"":141,""displayName"":""PassEndY""},""value"":""68.7""}]",true,false,false,false,Pass,Unsuccessful,SecondHalf,2025-12-05 23:16:17.240787+00
2879379343,1903251,550,58,32,167,343382,57.8,29.7,92.7,30.1,,,,,"[{""type"":{""value"":212,""displayName"":""Length""},""value"":""36.6""},{""type"":{""value"":141,""displayName"":""PassEndY""},""value"":""30.1""},{""type"":{""value"":1,""displayName"":""Longball""}},{""type"":{""value"":213,""displayName"":""Angle""},""value"":""0.01""},{""type"":{""value"":140,""displayName"":""PassEndX""},""value"":""92.7""},{""type"":{""value"":4,""displayName"":""Throughball""}},{""type"":{""value"":155,""displayName"":""Chipped""}},{""type"":{""value"":56,""displayName"":""Zone""},""value"":""Center""}]",true,false,false,false,Pass,Unsuccessful,SecondHalf,2025-12-05 23:16:17.240787+00
2879379349,1903251,588,58,35,170,92173,8.6,71.7,,,,,,,[],false,false,false,false,KeeperPickup,Successful,SecondHalf,2025-12-05 23:16:17.240787+00
2879379429,1903251,589,58,38,170,92173,11.6,71.6,24.8,66.3,,,,,"[{""type"":{""value"":56,""displayName"":""Zone""},""value"":""Back""},{""type"":{""value"":140,""displayName"":""PassEndX""},""value"":""24.8""},{""type"":{""value"":213,""displayName"":""Angle""},""value"":""6.03""},{""type"":{""value"":123,""displayName"":""KeeperThrow""}},{""type"":{""value"":141,""displayName"":""PassEndY""},""value"":""66.3""},{""type"":{""value"":212,""displayName"":""Length""},""value"":""14.3""}]",true,false,false,false,Pass,Successful,SecondHalf,2025-12-05 23:16:17.240787+00
2879379489,1903251,590,58,41,170,321020,32.5,57.5,41.1,38.7,,,,,"[{""type"":{""value"":212,""displayName"":""Length""},""value"":""15.7""},{""type"":{""value"":213,""displayName"":""Angle""},""value"":""5.33""},{""type"":{""value"":56,""displayName"":""Zone""},""value"":""Back""},{""type"":{""value"":140,""displayName"":""PassEndX""},""value"":""41.1""},{""type"":{""value"":141,""displayName"":""PassEndY""},""value"":""38.7""}]",true,false,false,false,Pass,Successful,SecondHalf,2025-12-05 23:16:17.240787+00
2879379533,1903251,591,58,45,170,363686,56,25,61.9,10.1,,,,,"[{""type"":{""value"":213,""displayName"":""Angle""},""value"":""5.26""},{""type"":{""value"":212,""displayName"":""Length""},""value"":""11.9""},{""type"":{""value"":56,""displayName"":""Zone""},""value"":""Right""},{""type"":{""value"":140,""displayName"":""PassEndX""},""value"":""61.9""},{""type"":{""value"":141,""displayName"":""PassEndY""},""value"":""10.1""}]",true,false,false,false,Pass,Successful,SecondHalf,2025-12-05 23:16:17.240787+00
2879379557,1903251,592,58,47,170,141169,62.4,7.2,56.3,17.4,,,,,"[{""type"":{""value"":56,""displayName"":""Zone""},""value"":""Right""},{""type"":{""value"":213,""displayName"":""Angle""},""value"":""2.32""},{""type"":{""value"":141,""displayName"":""PassEndY""},""value"":""17.4""},{""type"":{""value"":212,""displayName"":""Length""},""value"":""9.4""},{""type"":{""value"":140,""displayName"":""PassEndX""},""value"":""56.3""}]",true,false,false,false,Pass,Successful,SecondHalf,2025-12-05 23:16:17.240787+00
2879379599,1903251,593,58,48,170,363686,56.5,16.4,53.9,33.3,,,,,"[{""type"":{""value"":56,""displayName"":""Zone""},""value"":""Center""},{""type"":{""value"":213,""displayName"":""Angle""},""value"":""1.80""},{""type"":{""value"":212,""displayName"":""Length""},""value"":""11.8""},{""type"":{""value"":140,""displayName"":""PassEndX""},""value"":""53.9""},{""type"":{""value"":141,""displayName"":""PassEndY""},""value"":""33.3""}]",true,false,false,false,Pass,Successful,SecondHalf,2025-12-05 23:16:17.240787+00
2879379637,1903251,594,58,50,170,321020,55.3,33.6,56.4,25.6,,,,,"[{""type"":{""value"":213,""displayName"":""Angle""},""value"":""4.92""},{""type"":{""value"":56,""displayName"":""Zone""},""value"":""Center""},{""type"":{""value"":212,""displayName"":""Length""},""value"":""5.6""},{""type"":{""value"":140,""displayName"":""PassEndX""},""value"":""56.4""},{""type"":{""value"":141,""displayName"":""PassEndY""},""value"":""25.6""}]",true,false,false,false,Pass,Successful,SecondHalf,2025-12-05 23:16:17.240787+00
2879379669,1903251,595,58,52,170,363686,56.2,31.2,51.9,45.5,,,,,"[{""type"":{""value"":212,""displayName"":""Length""},""value"":""10.7""},{""type"":{""value"":213,""displayName"":""Angle""},""value"":""2.01""},{""type"":{""value"":140,""displayName"":""PassEndX""},""value"":""51.9""},{""type"":{""value"":141,""displayName"":""PassEndY""},""value"":""45.5""},{""type"":{""value"":56,""displayName"":""Zone""},""value"":""Center""}]",true,false,false,false,Pass,Successful,SecondHalf,2025-12-05 23:16:17.240787+00
2879379709,1903251,596,58,53,170,321020,51.9,45.5,55.2,66.6,,,,,"[{""type"":{""value"":56,""displayName"":""Zone""},""value"":""Center""},{""type"":{""value"":213,""displayName"":""Angle""},""value"":""1.33""},{""type"":{""value"":212,""displayName"":""Length""},""value"":""14.8""},{""type"":{""value"":140,""displayName"":""PassEndX""},""value"":""55.2""},{""type"":{""value"":141,""displayName"":""PassEndY""},""value"":""66.6""}]",true,false,false,false,Pass,Successful,SecondHalf,2025-12-05 23:16:17.240787+00
2879379781,1903251,597,58,55,170,136824,55.5,69.1,63.3,93.7,,,,,"[{""type"":{""value"":56,""displayName"":""Zone""},""value"":""Left""},{""type"":{""value"":213,""displayName"":""Angle""},""value"":""1.12""},{""type"":{""value"":212,""displayName"":""Length""},""value"":""18.6""},{""type"":{""value"":141,""displayName"":""PassEndY""},""value"":""93.7""},{""type"":{""value"":140,""displayName"":""PassEndX""},""value"":""63.3""}]",true,false,false,false,Pass,Successful,SecondHalf,2025-12-05 23:16:17.240787+00
2879379837,1903251,598,58,59,170,363665,71.4,89.6,84.6,62.2,,,,,"[{""type"":{""value"":7,""displayName"":""PlayerCaughtOffside""},""value"":""108186""},{""type"":{""value"":140,""displayName"":""PassEndX""},""value"":""84.6""},{""type"":{""value"":141,""displayName"":""PassEndY""},""value"":""62.2""},{""type"":{""value"":56,""displayName"":""Zone""},""value"":""Center""}]",true,false,false,false,OffsidePass,Successful,SecondHalf,2025-12-05 23:16:17.240787+00
2879380035,1903251,553,58,59,167,402664,24.6,49.1,,,,,,,[],false,false,false,false,OffsideProvoked,Successful,SecondHalf,2025-12-05 23:16:17.240787+00
2879380207,1903251,554,59,23,167,313171,13.7,38.5,17.2,49.7,,,,,"[{""type"":{""value"":141,""displayName"":""PassEndY""},""value"":""49.7""},{""type"":{""value"":56,""displayName"":""Zone""},""value"":""Back""},{""type"":{""value"":213,""displayName"":""Angle""},""value"":""1.12""},{""type"":{""value"":140,""displayName"":""PassEndX""},""value"":""17.2""},{""type"":{""value"":212,""displayName"":""Length""},""value"":""8.5""},{""type"":{""value"":5,""displayName"":""FreekickTaken""}},{""type"":{""value"":241,""displayName"":""IndirectFreekickTaken""}}]",true,false,false,false,Pass,Successful,SecondHalf,2025-12-05 23:16:17.240787+00
2879380227,1903251,555,59,25,167,422939,20.9,48.9,25.9,41.9,,,,,"[{""type"":{""value"":56,""displayName"":""Zone""},""value"":""Back""},{""type"":{""value"":212,""displayName"":""Length""},""value"":""7.1""},{""type"":{""value"":141,""displayName"":""PassEndY""},""value"":""41.9""},{""type"":{""value"":213,""displayName"":""Angle""},""value"":""5.55""},{""type"":{""value"":140,""displayName"":""PassEndX""},""value"":""25.9""}]",true,false,false,false,Pass,Successful,SecondHalf,2025-12-05 23:16:17.240787+00
2879380257,1903251,556,59,25,167,343382,27.3,37,16.9,32.5,,,,,"[{""type"":{""value"":140,""displayName"":""PassEndX""},""value"":""16.9""},{""type"":{""value"":56,""displayName"":""Zone""},""value"":""Back""},{""type"":{""value"":213,""displayName"":""Angle""},""value"":""3.41""},{""type"":{""value"":212,""displayName"":""Length""},""value"":""11.3""},{""type"":{""value"":141,""displayName"":""PassEndY""},""value"":""32.5""}]",true,false,false,false,Pass,Successful,SecondHalf,2025-12-05 23:16:17.240787+00
2879380361,1903251,557,59,27,167,313171,17,33,23.2,74.2,,,,,"[{""type"":{""value"":56,""displayName"":""Zone""},""value"":""Back""},{""type"":{""value"":212,""displayName"":""Length""},""value"":""28.8""},{""type"":{""value"":213,""displayName"":""Angle""},""value"":""1.34""},{""type"":{""value"":140,""displayName"":""PassEndX""},""value"":""23.2""},{""type"":{""value"":141,""displayName"":""PassEndY""},""value"":""74.2""}]",true,false,false,false,Pass,Successful,SecondHalf,2025-12-05 23:16:17.240787+00
2879380377,1903251,558,59,33,167,402664,36.5,84.2,53.6,53.4,,,,,"[{""type"":{""value"":56,""displayName"":""Zone""},""value"":""Center""},{""type"":{""value"":213,""displayName"":""Angle""},""value"":""5.42""},{""type"":{""value"":141,""displayName"":""PassEndY""},""value"":""53.4""},{""type"":{""value"":140,""displayName"":""PassEndX""},""value"":""53.6""},{""type"":{""value"":212,""displayName"":""Length""},""value"":""27.6""}]",true,false,false,false,Pass,Successful,SecondHalf,2025-12-05 23:16:17.240787+00
2879380441,1903251,559,59,34,167,315227,53.9,53.4,46.5,53.6,,,,,"[{""type"":{""value"":213,""displayName"":""Angle""},""value"":""3.12""},{""type"":{""value"":212,""displayName"":""Length""},""value"":""7.8""},{""type"":{""value"":141,""displayName"":""PassEndY""},""value"":""53.6""},{""type"":{""value"":56,""displayName"":""Zone""},""value"":""Back""},{""type"":{""value"":140,""displayName"":""PassEndX""},""value"":""46.5""}]",true,false,false,false,Pass,Successful,SecondHalf,2025-12-05 23:16:17.240787+00
2879380489,1903251,560,59,39,167,343382,57,37.6,65.7,4.6,,,,,"[{""type"":{""value"":140,""displayName"":""PassEndX""},""value"":""65.7""},{""type"":{""value"":212,""displayName"":""Length""},""value"":""24.2""},{""type"":{""value"":213,""displayName"":""Angle""},""value"":""5.10""},{""type"":{""value"":56,""displayName"":""Zone""},""value"":""Right""},{""type"":{""value"":141,""displayName"":""PassEndY""},""value"":""4.6""}]",true,false,false,false,Pass,Successful,SecondHalf,2025-12-05 23:16:17.240787+00
2879380527,1903251,561,59,42,167,394933,66.8,5.5,55.5,12.2,,,,,"[{""type"":{""value"":56,""displayName"":""Zone""},""value"":""Right""},{""type"":{""value"":140,""displayName"":""PassEndX""},""value"":""55.5""},{""type"":{""value"":141,""displayName"":""PassEndY""},""value"":""12.2""},{""type"":{""value"":213,""displayName"":""Angle""},""value"":""2.77""},{""type"":{""value"":212,""displayName"":""Length""},""value"":""12.7""}]",true,false,false,false,Pass,Successful,SecondHalf,2025-12-05 23:16:17.240787+00
2879380555,1903251,562,59,45,167,136741,54.4,18.3,61.6,25.6,,,,,"[{""type"":{""value"":56,""displayName"":""Zone""},""value"":""Center""},{""type"":{""value"":213,""displayName"":""Angle""},""value"":""0.58""},{""type"":{""value"":140,""displayName"":""PassEndX""},""value"":""61.6""},{""type"":{""value"":212,""displayName"":""Length""},""value"":""9.0""},{""type"":{""value"":141,""displayName"":""PassEndY""},""value"":""25.6""}]",true,false,false,false,Pass,Successful,SecondHalf,2025-12-05 23:16:17.240787+00
2879380611,1903251,563,59,47,167,422939,61.3,23.6,100,13.4,,,,,"[{""type"":{""value"":56,""displayName"":""Zone""},""value"":""Right""},{""type"":{""value"":155,""displayName"":""Chipped""}},{""type"":{""value"":212,""displayName"":""Length""},""value"":""42.2""},{""type"":{""value"":213,""displayName"":""Angle""},""value"":""6.12""},{""type"":{""value"":1,""displayName"":""Longball""}},{""type"":{""value"":140,""displayName"":""PassEndX""},""value"":""100.0""},{""type"":{""value"":141,""displayName"":""PassEndY""},""value"":""13.4""}]",true,false,false,false,Pass,Unsuccessful,SecondHalf,2025-12-05 23:16:17.240787+00
2879380749,1903251,601,60,3,170,92173,2.8,58.1,7,49.9,,,,,"[{""type"":{""value"":140,""displayName"":""PassEndX""},""value"":""7.0""},{""type"":{""value"":56,""displayName"":""Zone""},""value"":""Back""},{""type"":{""value"":124,""displayName"":""GoalKick""}},{""type"":{""value"":213,""displayName"":""Angle""},""value"":""5.38""},{""type"":{""value"":141,""displayName"":""PassEndY""},""value"":""49.9""},{""type"":{""value"":212,""displayName"":""Length""},""value"":""7.1""}]",true,false,false,false,Pass,Successful,SecondHalf,2025-12-05 23:16:17.240787+00
2879380751,1903251,602,60,4,170,231135,10.9,45,11,66,,,,,"[{""type"":{""value"":212,""displayName"":""Length""},""value"":""14.3""},{""type"":{""value"":141,""displayName"":""PassEndY""},""value"":""66.0""},{""type"":{""value"":140,""displayName"":""PassEndX""},""value"":""11.0""},{""type"":{""value"":56,""displayName"":""Zone""},""value"":""Back""},{""type"":{""value"":213,""displayName"":""Angle""},""value"":""1.56""}]",true,false,false,false,Pass,Successful,SecondHalf,2025-12-05 23:16:17.240787+00
2879380783,1903251,603,60,5,170,396976,11,67.5,21,64.9,,,,,"[{""type"":{""value"":140,""displayName"":""PassEndX""},""value"":""21.0""},{""type"":{""value"":141,""displayName"":""PassEndY""},""value"":""64.9""},{""type"":{""value"":212,""displayName"":""Length""},""value"":""10.6""},{""type"":{""value"":213,""displayName"":""Angle""},""value"":""6.12""},{""type"":{""value"":56,""displayName"":""Zone""},""value"":""Back""}]",true,false,false,false,Pass,Successful,SecondHalf,2025-12-05 23:16:17.240787+00
2879380837,1903251,604,60,9,170,136824,22.7,60.4,41.7,28.1,,,,,"[{""type"":{""value"":155,""displayName"":""Chipped""}},{""type"":{""value"":212,""displayName"":""Length""},""value"":""29.7""},{""type"":{""value"":213,""displayName"":""Angle""},""value"":""5.45""},{""type"":{""value"":141,""displayName"":""PassEndY""},""value"":""28.1""},{""type"":{""value"":56,""displayName"":""Zone""},""value"":""Back""},{""type"":{""value"":140,""displayName"":""PassEndX""},""value"":""41.7""}]",true,false,false,false,Pass,Successful,SecondHalf,2025-12-05 23:16:17.240787+00
2879380873,1903251,605,60,11,170,363686,42.7,24.4,32.6,7.2,,,,,"[{""type"":{""value"":140,""displayName"":""PassEndX""},""value"":""32.6""},{""type"":{""value"":56,""displayName"":""Zone""},""value"":""Back""},{""type"":{""value"":141,""displayName"":""PassEndY""},""value"":""7.2""},{""type"":{""value"":212,""displayName"":""Length""},""value"":""15.8""},{""type"":{""value"":213,""displayName"":""Angle""},""value"":""3.98""}]",true,false,false,false,Pass,Successful,SecondHalf,2025-12-05 23:16:17.240787+00
2879380899,1903251,606,60,13,170,141169,35.2,9.8,25.9,25.7,,,,,"[{""type"":{""value"":213,""displayName"":""Angle""},""value"":""2.31""},{""type"":{""value"":212,""displayName"":""Length""},""value"":""14.6""},{""type"":{""value"":141,""displayName"":""PassEndY""},""value"":""25.7""},{""type"":{""value"":140,""displayName"":""PassEndX""},""value"":""25.9""},{""type"":{""value"":56,""displayName"":""Zone""},""value"":""Back""}]",true,false,false,false,Pass,Successful,SecondHalf,2025-12-05 23:16:17.240787+00
2879381073,1903251,607,60,15,170,231135,26.1,34.2,29.8,47.4,,,,,"[{""type"":{""value"":140,""displayName"":""PassEndX""},""value"":""29.8""},{""type"":{""value"":212,""displayName"":""Length""},""value"":""9.8""},{""type"":{""value"":56,""displayName"":""Zone""},""value"":""Back""},{""type"":{""value"":213,""displayName"":""Angle""},""value"":""1.16""},{""type"":{""value"":141,""displayName"":""PassEndY""},""value"":""47.4""}]",true,false,false,false,Pass,Successful,SecondHalf,2025-12-05 23:16:17.240787+00
2879381097,1903251,608,60,27,170,136824,33.6,27.7,40.4,7.9,,,,,"[{""type"":{""value"":212,""displayName"":""Length""},""value"":""15.2""},{""type"":{""value"":213,""displayName"":""Angle""},""value"":""5.20""},{""type"":{""value"":141,""displayName"":""PassEndY""},""value"":""7.9""},{""type"":{""value"":56,""displayName"":""Zone""},""value"":""Back""},{""type"":{""value"":140,""displayName"":""PassEndX""},""value"":""40.4""}]",true,false,false,false,Pass,Successful,SecondHalf,2025-12-05 23:16:17.240787+00
2879381143,1903251,609,60,28,170,141169,40.4,7.9,48.9,13.7,,,,,"[{""type"":{""value"":213,""displayName"":""Angle""},""value"":""0.42""},{""type"":{""value"":212,""displayName"":""Length""},""value"":""9.8""},{""type"":{""value"":56,""displayName"":""Zone""},""value"":""Back""},{""type"":{""value"":141,""displayName"":""PassEndY""},""value"":""13.7""},{""type"":{""value"":140,""displayName"":""PassEndX""},""value"":""48.9""}]",true,false,false,false,Pass,Successful,SecondHalf,2025-12-05 23:16:17.240787+00
2879381181,1903251,610,60,31,170,363686,62.2,20.1,,,,,,,"[{""type"":{""value"":286,""displayName"":""Offensive""}},{""type"":{""value"":56,""displayName"":""Zone""},""value"":""Right""},{""type"":{""value"":233,""displayName"":""OppositeRelatedEvent""},""value"":""565""}]",true,false,false,false,TakeOn,Successful,SecondHalf,2025-12-05 23:16:17.240787+00
2879381195,1903251,565,60,31,167,468847,37.8,79.9,,,,,,,"[{""type"":{""value"":56,""displayName"":""Zone""},""value"":""Back""},{""type"":{""value"":285,""displayName"":""Defensive""}},{""type"":{""value"":233,""displayName"":""OppositeRelatedEvent""},""value"":""610""}]",false,false,false,false,Challenge,Unsuccessful,SecondHalf,2025-12-05 23:16:17.240787+00
2879381201,1903251,611,60,33,170,363686,67.1,17.7,75.1,11.1,,,,,"[{""type"":{""value"":56,""displayName"":""Zone""},""value"":""Right""},{""type"":{""value"":212,""displayName"":""Length""},""value"":""9.5""},{""type"":{""value"":213,""displayName"":""Angle""},""value"":""5.79""},{""type"":{""value"":140,""displayName"":""PassEndX""},""value"":""75.1""},{""type"":{""value"":141,""displayName"":""PassEndY""},""value"":""11.1""}]",true,false,false,false,Pass,Successful,SecondHalf,2025-12-05 23:16:17.240787+00
2879381243,1903251,566,60,38,167,331254,7.8,40.2,,,,,,,"[{""type"":{""value"":56,""displayName"":""Zone""},""value"":""Back""},{""type"":{""value"":285,""displayName"":""Defensive""}},{""type"":{""value"":233,""displayName"":""OppositeRelatedEvent""},""value"":""613""}]",false,false,false,false,Aerial,Unsuccessful,SecondHalf,2025-12-05 23:16:17.240787+00
2879381245,1903251,612,60,34,170,333044,73.6,14.4,92.2,59.8,,,,,"[{""type"":{""value"":56,""displayName"":""Zone""},""value"":""Center""},{""type"":{""value"":140,""displayName"":""PassEndX""},""value"":""92.2""},{""type"":{""value"":141,""displayName"":""PassEndY""},""value"":""59.8""},{""type"":{""value"":213,""displayName"":""Angle""},""value"":""1.01""},{""type"":{""value"":212,""displayName"":""Length""},""value"":""36.5""},{""type"":{""value"":1,""displayName"":""Longball""}},{""type"":{""value"":155,""displayName"":""Chipped""}}]",true,false,false,false,Pass,Successful,SecondHalf,2025-12-05 23:16:17.240787+00
2879381253,1903251,613,60,38,170,108186,92.2,59.8,,,,,,,"[{""type"":{""value"":286,""displayName"":""Offensive""}},{""type"":{""value"":56,""displayName"":""Zone""},""value"":""Center""},{""type"":{""value"":233,""displayName"":""OppositeRelatedEvent""},""value"":""566""}]",false,false,false,false,Aerial,Successful,SecondHalf,2025-12-05 23:16:17.240787+00
2879381259,1903251,614,60,38,170,108186,92.6,62,,,,,,,"[{""type"":{""value"":56,""displayName"":""Zone""},""value"":""Center""}]",true,false,false,false,BallTouch,Unsuccessful,SecondHalf,2025-12-05 23:16:17.240787+00
2879381275,1903251,615,60,39,170,108186,92.6,62,,,,,,,"[{""type"":{""value"":56,""displayName"":""Zone""},""value"":""Center""},{""type"":{""value"":233,""displayName"":""OppositeRelatedEvent""},""value"":""568""},{""type"":{""value"":73,""displayName"":""MissLeft""}}]",false,false,false,false,CornerAwarded,Successful,SecondHalf,2025-12-05 23:16:17.240787+00
2879381279,1903251,567,60,38,167,394933,9.3,38.7,0,37,,,,,"[{""type"":{""value"":212,""displayName"":""Length""},""value"":""11.6""},{""type"":{""value"":213,""displayName"":""Angle""},""value"":""3.24""},{""type"":{""value"":140,""displayName"":""PassEndX""},""value"":""0.0""},{""type"":{""value"":141,""displayName"":""PassEndY""},""value"":""37.0""},{""type"":{""value"":56,""displayName"":""Zone""},""value"":""Back""}]",true,false,false,false,Clearance,Successful,SecondHalf,2025-12-05 23:16:17.240787+00
2879381315,1903251,568,60,39,167,394933,7.4,38,,,,,,,"[{""type"":{""value"":233,""displayName"":""OppositeRelatedEvent""},""value"":""615""},{""type"":{""value"":56,""displayName"":""Zone""},""value"":""Back""},{""type"":{""value"":73,""displayName"":""MissLeft""}}]",false,false,false,false,CornerAwarded,Unsuccessful,SecondHalf,2025-12-05 23:16:17.240787+00
2879381673,1903251,616,61,12,170,136824,99.5,99.5,96.8,54.8,,,,,"[{""type"":{""value"":140,""displayName"":""PassEndX""},""value"":""96.8""},{""type"":{""value"":56,""displayName"":""Zone""},""value"":""Center""},{""type"":{""value"":141,""displayName"":""PassEndY""},""value"":""54.8""},{""type"":{""value"":6,""displayName"":""CornerTaken""}},{""type"":{""value"":20,""displayName"":""RightFoot""}},{""type"":{""value"":2,""displayName"":""Cross""}},{""type"":{""value"":213,""displayName"":""Angle""},""value"":""4.62""},{""type"":{""value"":212,""displayName"":""Length""},""value"":""30.5""},{""type"":{""value"":155,""displayName"":""Chipped""}}]",true,false,false,false,Pass,Unsuccessful,SecondHalf,2025-12-05 23:16:17.240787+00
2879381699,1903251,569,61,16,167,422939,5.6,46,25.2,31,,,,,"[{""type"":{""value"":213,""displayName"":""Angle""},""value"":""5.82""},{""type"":{""value"":56,""displayName"":""Zone""},""value"":""Back""},{""type"":{""value"":15,""displayName"":""Head""}},{""type"":{""value"":212,""displayName"":""Length""},""value"":""23.0""},{""type"":{""value"":141,""displayName"":""PassEndY""},""value"":""31.0""},{""type"":{""value"":140,""displayName"":""PassEndX""},""value"":""25.2""}]",true,false,false,false,Clearance,Successful,SecondHalf,2025-12-05 23:16:17.240787+00
2879381729,1903251,617,61,18,170,363665,81.2,67.6,,,90.2,59.6,19,50.8,"[{""type"":{""value"":233,""displayName"":""OppositeRelatedEvent""},""value"":""570""},{""type"":{""value"":102,""displayName"":""GoalMouthY""},""value"":""50.8""},{""type"":{""value"":72,""displayName"":""LeftFoot""}},{""type"":{""value"":25,""displayName"":""FromCorner""}},{""type"":{""value"":103,""displayName"":""GoalMouthZ""},""value"":""19""},{""type"":{""value"":56,""displayName"":""Zone""},""value"":""Center""},{""type"":{""value"":18,""displayName"":""OutOfBoxCentre""}},{""type"":{""value"":78,""displayName"":""LowCentre""}},{""type"":{""value"":147,""displayName"":""BlockedY""},""value"":""59.6""},{""type"":{""value"":82,""displayName"":""Blocked""}},{""type"":{""value"":146,""displayName"":""BlockedX""},""value"":""90.2""}]",true,true,false,false,SavedShot,Successful,SecondHalf,2025-12-05 23:16:17.240787+00
2879381739,1903251,570,61,18,167,422939,6.8,43.7,,,,,,,"[{""type"":{""value"":56,""displayName"":""Zone""},""value"":""Back""},{""type"":{""value"":94,""displayName"":""OutfielderBlock""}},{""type"":{""value"":233,""displayName"":""OppositeRelatedEvent""},""value"":""617""}]",true,false,false,false,Save,Successful,SecondHalf,2025-12-05 23:16:17.240787+00
2879381863,1903251,618,61,24,170,396976,78.2,32.7,78.3,42.3,,,,,"[{""type"":{""value"":141,""displayName"":""PassEndY""},""value"":""42.3""},{""type"":{""value"":212,""displayName"":""Length""},""value"":""6.5""},{""type"":{""value"":213,""displayName"":""Angle""},""value"":""1.55""},{""type"":{""value"":56,""displayName"":""Zone""},""value"":""Center""},{""type"":{""value"":140,""displayName"":""PassEndX""},""value"":""78.3""}]",true,false,false,false,Pass,Successful,SecondHalf,2025-12-05 23:16:17.240787+00
2879381871,1903251,571,61,25,167,136741,21.2,54.6,,,,,,,"[{""type"":{""value"":233,""displayName"":""OppositeRelatedEvent""},""value"":""619""},{""type"":{""value"":285,""displayName"":""Defensive""}},{""type"":{""value"":178,""displayName"":""StandingSave""}},{""type"":{""value"":56,""displayName"":""Zone""},""value"":""Back""}]",true,false,false,false,Tackle,Successful,SecondHalf,2025-12-05 23:16:17.240787+00
2879381875,1903251,619,61,25,170,363665,78.8,45.4,,,,,,,"[{""type"":{""value"":286,""displayName"":""Offensive""}},{""type"":{""value"":56,""displayName"":""Zone""},""value"":""Center""},{""type"":{""value"":233,""displayName"":""OppositeRelatedEvent""},""value"":""571""}]",true,false,false,false,Dispossessed,Successful,SecondHalf,2025-12-05 23:16:17.240787+00
2879381925,1903251,573,61,31,167,422939,22.1,63.1,,,,,,,[],false,false,false,false,BallRecovery,Successful,SecondHalf,2025-12-05 23:16:17.240787+00
2879381959,1903251,574,61,31,167,422939,22.1,63.1,57.8,88.9,,,,,"[{""type"":{""value"":212,""displayName"":""Length""},""value"":""41.4""},{""type"":{""value"":213,""displayName"":""Angle""},""value"":""0.44""},{""type"":{""value"":1,""displayName"":""Longball""}},{""type"":{""value"":56,""displayName"":""Zone""},""value"":""Left""},{""type"":{""value"":140,""displayName"":""PassEndX""},""value"":""57.8""},{""type"":{""value"":141,""displayName"":""PassEndY""},""value"":""88.9""}]",true,false,false,false,Pass,Successful,SecondHalf,2025-12-05 23:16:17.240787+00
2879381965,1903251,575,61,33,167,388098,60,87,,,,,,,"[{""type"":{""value"":56,""displayName"":""Zone""},""value"":""Left""},{""type"":{""value"":233,""displayName"":""OppositeRelatedEvent""},""value"":""620""},{""type"":{""value"":286,""displayName"":""Offensive""}}]",true,false,false,false,TakeOn,Unsuccessful,SecondHalf,2025-12-05 23:16:17.240787+00
2879381995,1903251,620,61,33,170,322611,40,13,,,,,,,"[{""type"":{""value"":233,""displayName"":""OppositeRelatedEvent""},""value"":""575""},{""type"":{""value"":178,""displayName"":""StandingSave""}},{""type"":{""value"":285,""displayName"":""Defensive""}},{""type"":{""value"":56,""displayName"":""Zone""},""value"":""Back""}]",true,false,false,false,Tackle,Successful,SecondHalf,2025-12-05 23:16:17.240787+00
2879381997,1903251,621,61,35,170,322611,30.6,17.1,,,,,,,[],false,false,false,false,BallRecovery,Successful,SecondHalf,2025-12-05 23:16:17.240787+00
2879382045,1903251,622,61,36,170,322611,30.1,17.1,6.4,42.6,,,,,"[{""type"":{""value"":213,""displayName"":""Angle""},""value"":""2.53""},{""type"":{""value"":212,""displayName"":""Length""},""value"":""30.3""},{""type"":{""value"":56,""displayName"":""Zone""},""value"":""Back""},{""type"":{""value"":140,""displayName"":""PassEndX""},""value"":""6.4""},{""type"":{""value"":141,""displayName"":""PassEndY""},""value"":""42.6""}]",true,false,false,false,Pass,Successful,SecondHalf,2025-12-05 23:16:17.240787+00
2879382085,1903251,623,61,38,170,92173,6.4,42.6,22.7,39.3,,,,,"[{""type"":{""value"":140,""displayName"":""PassEndX""},""value"":""22.7""},{""type"":{""value"":56,""displayName"":""Zone""},""value"":""Back""},{""type"":{""value"":213,""displayName"":""Angle""},""value"":""6.15""},{""type"":{""value"":141,""displayName"":""PassEndY""},""value"":""39.3""},{""type"":{""value"":212,""displayName"":""Length""},""value"":""17.3""}]",true,false,false,false,Pass,Successful,SecondHalf,2025-12-05 23:16:17.240787+00
2879382127,1903251,624,61,42,170,396976,27.9,37.5,36.2,20.5,,,,,"[{""type"":{""value"":140,""displayName"":""PassEndX""},""value"":""36.2""},{""type"":{""value"":56,""displayName"":""Zone""},""value"":""Back""},{""type"":{""value"":141,""displayName"":""PassEndY""},""value"":""20.5""},{""type"":{""value"":212,""displayName"":""Length""},""value"":""14.5""},{""type"":{""value"":213,""displayName"":""Angle""},""value"":""5.36""}]",true,false,false,false,Pass,Successful,SecondHalf,2025-12-05 23:16:17.240787+00
2879382141,1903251,625,61,44,170,141169,38.4,18,44.3,16.2,,,,,"[{""type"":{""value"":56,""displayName"":""Zone""},""value"":""Back""},{""type"":{""value"":140,""displayName"":""PassEndX""},""value"":""44.3""},{""type"":{""value"":141,""displayName"":""PassEndY""},""value"":""16.2""},{""type"":{""value"":213,""displayName"":""Angle""},""value"":""6.09""},{""type"":{""value"":212,""displayName"":""Length""},""value"":""6.3""}]",true,false,false,false,Pass,Successful,SecondHalf,2025-12-05 23:16:17.240787+00
2879382165,1903251,626,61,46,170,363686,45,15.8,36.1,15.9,,,,,"[{""type"":{""value"":141,""displayName"":""PassEndY""},""value"":""15.9""},{""type"":{""value"":212,""displayName"":""Length""},""value"":""9.3""},{""type"":{""value"":213,""displayName"":""Angle""},""value"":""3.13""},{""type"":{""value"":56,""displayName"":""Zone""},""value"":""Back""},{""type"":{""value"":140,""displayName"":""PassEndX""},""value"":""36.1""}]",true,false,false,false,Pass,Successful,SecondHalf,2025-12-05 23:16:17.240787+00
2879382215,1903251,627,61,47,170,141169,36.3,15.9,37.5,33,,,,,"[{""type"":{""value"":141,""displayName"":""PassEndY""},""value"":""33.0""},{""type"":{""value"":212,""displayName"":""Length""},""value"":""11.7""},{""type"":{""value"":213,""displayName"":""Angle""},""value"":""1.46""},{""type"":{""value"":56,""displayName"":""Zone""},""value"":""Back""},{""type"":{""value"":140,""displayName"":""PassEndX""},""value"":""37.5""}]",true,false,false,false,Pass,Successful,SecondHalf,2025-12-05 23:16:17.240787+00
2879382303,1903251,628,61,51,170,321020,45.1,48.2,47.1,86.8,,,,,"[{""type"":{""value"":56,""displayName"":""Zone""},""value"":""Back""},{""type"":{""value"":213,""displayName"":""Angle""},""value"":""1.49""},{""type"":{""value"":140,""displayName"":""PassEndX""},""value"":""47.1""},{""type"":{""value"":141,""displayName"":""PassEndY""},""value"":""86.8""},{""type"":{""value"":212,""displayName"":""Length""},""value"":""26.3""}]",true,false,false,false,Pass,Successful,SecondHalf,2025-12-05 23:16:17.240787+00
2879382333,1903251,629,61,57,170,136824,43.7,75.9,39.4,59.9,,,,,"[{""type"":{""value"":212,""displayName"":""Length""},""value"":""11.8""},{""type"":{""value"":213,""displayName"":""Angle""},""value"":""4.32""},{""type"":{""value"":141,""displayName"":""PassEndY""},""value"":""59.9""},{""type"":{""value"":140,""displayName"":""PassEndX""},""value"":""39.4""},{""type"":{""value"":56,""displayName"":""Zone""},""value"":""Back""}]",true,false,false,false,Pass,Successful,SecondHalf,2025-12-05 23:16:17.240787+00
2879382409,1903251,630,62,0,170,396976,37.5,60.7,39.3,75.6,,,,,"[{""type"":{""value"":141,""displayName"":""PassEndY""},""value"":""75.6""},{""type"":{""value"":140,""displayName"":""PassEndX""},""value"":""39.3""},{""type"":{""value"":56,""displayName"":""Zone""},""value"":""Back""},{""type"":{""value"":213,""displayName"":""Angle""},""value"":""1.39""},{""type"":{""value"":212,""displayName"":""Length""},""value"":""10.3""}]",true,false,false,false,Pass,Successful,SecondHalf,2025-12-05 23:16:17.240787+00
2879382473,1903251,631,62,7,170,136824,45.2,43.5,60.8,4.2,,,,,"[{""type"":{""value"":56,""displayName"":""Zone""},""value"":""Right""},{""type"":{""value"":140,""displayName"":""PassEndX""},""value"":""60.8""},{""type"":{""value"":213,""displayName"":""Angle""},""value"":""5.26""},{""type"":{""value"":212,""displayName"":""Length""},""value"":""31.3""},{""type"":{""value"":141,""displayName"":""PassEndY""},""value"":""4.2""}]",true,false,false,false,Pass,Successful,SecondHalf,2025-12-05 23:16:17.240787+00
2879382529,1903251,632,62,13,170,363686,61.6,17.7,59.6,30.9,,,,,"[{""type"":{""value"":213,""displayName"":""Angle""},""value"":""1.80""},{""type"":{""value"":56,""displayName"":""Zone""},""value"":""Center""},{""type"":{""value"":212,""displayName"":""Length""},""value"":""9.2""},{""type"":{""value"":141,""displayName"":""PassEndY""},""value"":""30.9""},{""type"":{""value"":140,""displayName"":""PassEndX""},""value"":""59.6""}]",true,false,false,false,Pass,Successful,SecondHalf,2025-12-05 23:16:17.240787+00
2879382557,1903251,633,62,16,170,321020,62,21.4,68.8,8.4,,,,,"[{""type"":{""value"":141,""displayName"":""PassEndY""},""value"":""8.4""},{""type"":{""value"":212,""displayName"":""Length""},""value"":""11.4""},{""type"":{""value"":56,""displayName"":""Zone""},""value"":""Right""},{""type"":{""value"":213,""displayName"":""Angle""},""value"":""5.39""},{""type"":{""value"":140,""displayName"":""PassEndX""},""value"":""68.8""}]",true,false,false,false,Pass,Successful,SecondHalf,2025-12-05 23:16:17.240787+00
2879382573,1903251,576,62,20,167,402664,7.5,86,,,,,,,[],false,false,false,false,BallRecovery,Successful,SecondHalf,2025-12-05 23:16:17.240787+00
2879382577,1903251,634,62,19,170,141169,69,8.6,83.6,16.7,,,,,"[{""type"":{""value"":141,""displayName"":""PassEndY""},""value"":""16.7""},{""type"":{""value"":213,""displayName"":""Angle""},""value"":""0.34""},{""type"":{""value"":212,""displayName"":""Length""},""value"":""16.3""},{""type"":{""value"":56,""displayName"":""Zone""},""value"":""Right""},{""type"":{""value"":140,""displayName"":""PassEndX""},""value"":""83.6""}]",true,false,false,false,Pass,Successful,SecondHalf,2025-12-05 23:16:17.240787+00
2879382585,1903251,635,62,20,170,363686,85,17.1,,,,,,,"[{""type"":{""value"":56,""displayName"":""Zone""},""value"":""Right""}]",true,false,false,false,BallTouch,Unsuccessful,SecondHalf,2025-12-05 23:16:17.240787+00
2879382621,1903251,577,62,23,167,402664,3,93.9,34.4,80.6,,,,,"[{""type"":{""value"":213,""displayName"":""Angle""},""value"":""6.02""},{""type"":{""value"":212,""displayName"":""Length""},""value"":""34.2""},{""type"":{""value"":56,""displayName"":""Zone""},""value"":""Back""},{""type"":{""value"":140,""displayName"":""PassEndX""},""value"":""34.4""},{""type"":{""value"":141,""displayName"":""PassEndY""},""value"":""80.6""},{""type"":{""value"":1,""displayName"":""Longball""}}]",true,false,false,false,Pass,Unsuccessful,SecondHalf,2025-12-05 23:16:17.240787+00
2879382657,1903251,636,62,24,170,136824,69.1,25.4,,,,,,,[],false,false,false,false,BallRecovery,Successful,SecondHalf,2025-12-05 23:16:17.240787+00
2879382667,1903251,578,62,28,167,136741,25.9,71.2,,,,,,,"[{""type"":{""value"":56,""displayName"":""Zone""},""value"":""Back""}]",true,false,false,false,BallTouch,Successful,SecondHalf,2025-12-05 23:16:17.240787+00
2879382673,1903251,637,62,27,170,136824,70.1,28.9,74.5,32.1,,,,,"[{""type"":{""value"":140,""displayName"":""PassEndX""},""value"":""74.5""},{""type"":{""value"":56,""displayName"":""Zone""},""value"":""Center""},{""type"":{""value"":213,""displayName"":""Angle""},""value"":""0.44""},{""type"":{""value"":141,""displayName"":""PassEndY""},""value"":""32.1""},{""type"":{""value"":212,""displayName"":""Length""},""value"":""5.1""}]",true,false,false,false,Pass,Unsuccessful,SecondHalf,2025-12-05 23:16:17.240787+00
2879382689,1903251,579,62,29,167,422939,20.1,65.5,28.8,62.3,,,,,"[{""type"":{""value"":213,""displayName"":""Angle""},""value"":""6.05""},{""type"":{""value"":141,""displayName"":""PassEndY""},""value"":""62.3""},{""type"":{""value"":212,""displayName"":""Length""},""value"":""9.4""},{""type"":{""value"":3,""displayName"":""HeadPass""}},{""type"":{""value"":56,""displayName"":""Zone""},""value"":""Back""},{""type"":{""value"":140,""displayName"":""PassEndX""},""value"":""28.8""}]",true,false,false,false,Pass,Successful,SecondHalf,2025-12-05 23:16:17.240787+00
2879382699,1903251,580,62,30,167,315227,28.9,62.3,24.3,75.1,,,,,"[{""type"":{""value"":212,""displayName"":""Length""},""value"":""10.0""},{""type"":{""value"":213,""displayName"":""Angle""},""value"":""2.08""},{""type"":{""value"":3,""displayName"":""HeadPass""}},{""type"":{""value"":56,""displayName"":""Zone""},""value"":""Back""},{""type"":{""value"":140,""displayName"":""PassEndX""},""value"":""24.3""},{""type"":{""value"":141,""displayName"":""PassEndY""},""value"":""75.1""}]",true,false,false,false,Pass,Unsuccessful,SecondHalf,2025-12-05 23:16:17.240787+00
2879382731,1903251,638,62,33,170,141169,77.2,28.1,87.7,32.5,,,,,"[{""type"":{""value"":7,""displayName"":""PlayerCaughtOffside""},""value"":""108186""},{""type"":{""value"":56,""displayName"":""Zone""},""value"":""Center""},{""type"":{""value"":141,""displayName"":""PassEndY""},""value"":""32.5""},{""type"":{""value"":140,""displayName"":""PassEndX""},""value"":""87.7""}]",true,false,false,false,OffsidePass,Successful,SecondHalf,2025-12-05 23:16:17.240787+00
2879382759,1903251,581,62,33,167,468847,13.6,71.8,,,,,,,[],false,false,false,false,OffsideProvoked,Successful,SecondHalf,2025-12-05 23:16:17.240787+00
2879383219,1903251,582,63,13,167,388098,0,0,,,,,,,"[{""type"":{""value"":44,""displayName"":""PlayerPosition""},""value"":""Forward""},{""type"":{""value"":59,""displayName"":""JerseyNumber""},""value"":""11""},{""type"":{""value"":55,""displayName"":""RelatedEventId""},""value"":""583""}]",false,false,false,false,SubstitutionOff,Successful,SecondHalf,2025-12-05 23:16:17.240787+00
2879383221,1903251,583,63,13,167,397821,0,0,,,,,,,"[{""type"":{""value"":59,""displayName"":""JerseyNumber""},""value"":""26""},{""type"":{""value"":145,""displayName"":""FormationSlot""},""value"":""11""},{""type"":{""value"":44,""displayName"":""PlayerPosition""},""value"":""Midfielder""},{""type"":{""value"":55,""displayName"":""RelatedEventId""},""value"":""582""}]",false,false,false,false,SubstitutionOn,Successful,SecondHalf,2025-12-05 23:16:17.240787+00
2879383359,1903251,584,63,17,167,422939,0,0,,,,,,,"[{""type"":{""value"":44,""displayName"":""PlayerPosition""},""value"":""Midfielder""},{""type"":{""value"":59,""displayName"":""JerseyNumber""},""value"":""14""},{""type"":{""value"":55,""displayName"":""RelatedEventId""},""value"":""585""}]",false,false,false,false,SubstitutionOff,Successful,SecondHalf,2025-12-05 23:16:17.240787+00
2879383363,1903251,585,63,17,167,101374,0,0,,,,,,,"[{""type"":{""value"":145,""displayName"":""FormationSlot""},""value"":""4""},{""type"":{""value"":55,""displayName"":""RelatedEventId""},""value"":""584""},{""type"":{""value"":59,""displayName"":""JerseyNumber""},""value"":""5""},{""type"":{""value"":44,""displayName"":""PlayerPosition""},""value"":""Midfielder""}]",false,false,false,false,SubstitutionOn,Successful,SecondHalf,2025-12-05 23:16:17.240787+00
2879383427,1903251,586,53,30,167,388098,88,68.5,,,88.2,66.7,34.7,32.9,"[{""type"":{""value"":215,""displayName"":""IndividualPlay""}},{""type"":{""value"":146,""displayName"":""BlockedX""},""value"":""88.2""},{""type"":{""value"":56,""displayName"":""Zone""},""value"":""Center""},{""type"":{""value"":102,""displayName"":""GoalMouthY""},""value"":""32.9""},{""type"":{""value"":20,""displayName"":""RightFoot""}},{""type"":{""value"":22,""displayName"":""RegularPlay""}},{""type"":{""value"":103,""displayName"":""GoalMouthZ""},""value"":""34.7""},{""type"":{""value"":75,""displayName"":""MissRight""}},{""type"":{""value"":64,""displayName"":""BoxLeft""}},{""type"":{""value"":147,""displayName"":""BlockedY""},""value"":""66.7""}]",true,true,false,false,MissedShots,Successful,SecondHalf,2025-12-05 23:16:15.684766+00
2879383515,1903251,587,63,38,167,262515,18.7,71.5,20.5,88.3,,,,,"[{""type"":{""value"":140,""displayName"":""PassEndX""},""value"":""20.5""},{""type"":{""value"":56,""displayName"":""Zone""},""value"":""Back""},{""type"":{""value"":5,""displayName"":""FreekickTaken""}},{""type"":{""value"":212,""displayName"":""Length""},""value"":""11.6""},{""type"":{""value"":141,""displayName"":""PassEndY""},""value"":""88.3""},{""type"":{""value"":213,""displayName"":""Angle""},""value"":""1.41""},{""type"":{""value"":241,""displayName"":""IndirectFreekickTaken""}}]",true,false,false,false,Pass,Successful,SecondHalf,2025-12-05 23:16:17.240787+00
2879383551,1903251,588,63,40,167,402664,22.3,91.1,61.4,100,,,,,"[{""type"":{""value"":1,""displayName"":""Longball""}},{""type"":{""value"":140,""displayName"":""PassEndX""},""value"":""61.4""},{""type"":{""value"":213,""displayName"":""Angle""},""value"":""0.17""},{""type"":{""value"":141,""displayName"":""PassEndY""},""value"":""100.0""},{""type"":{""value"":212,""displayName"":""Length""},""value"":""41.6""},{""type"":{""value"":155,""displayName"":""Chipped""}},{""type"":{""value"":56,""displayName"":""Zone""},""value"":""Left""}]",true,false,false,false,Pass,Unsuccessful,SecondHalf,2025-12-05 23:16:17.240787+00
2879383651,1903251,641,63,53,170,141169,42.4,0,20.4,26.2,,,,,"[{""type"":{""value"":1,""displayName"":""Longball""}},{""type"":{""value"":213,""displayName"":""Angle""},""value"":""2.46""},{""type"":{""value"":107,""displayName"":""ThrowIn""}},{""type"":{""value"":56,""displayName"":""Zone""},""value"":""Back""},{""type"":{""value"":141,""displayName"":""PassEndY""},""value"":""26.2""},{""type"":{""value"":140,""displayName"":""PassEndX""},""value"":""20.4""},{""type"":{""value"":212,""displayName"":""Length""},""value"":""29.8""}]",true,false,false,false,Pass,Successful,SecondHalf,2025-12-05 23:16:17.240787+00
2879383669,1903251,642,63,55,170,231135,20.4,26.2,9.8,50.8,,,,,"[{""type"":{""value"":213,""displayName"":""Angle""},""value"":""2.16""},{""type"":{""value"":212,""displayName"":""Length""},""value"":""20.1""},{""type"":{""value"":141,""displayName"":""PassEndY""},""value"":""50.8""},{""type"":{""value"":140,""displayName"":""PassEndX""},""value"":""9.8""},{""type"":{""value"":56,""displayName"":""Zone""},""value"":""Back""}]",true,false,false,false,Pass,Successful,SecondHalf,2025-12-05 23:16:17.240787+00
2879383689,1903251,643,63,56,170,92173,8.6,52,23.9,50,,,,,"[{""type"":{""value"":141,""displayName"":""PassEndY""},""value"":""50.0""},{""type"":{""value"":212,""displayName"":""Length""},""value"":""16.1""},{""type"":{""value"":213,""displayName"":""Angle""},""value"":""6.20""},{""type"":{""value"":56,""displayName"":""Zone""},""value"":""Back""},{""type"":{""value"":140,""displayName"":""PassEndX""},""value"":""23.9""}]",true,false,false,false,Pass,Successful,SecondHalf,2025-12-05 23:16:17.240787+00
2879383697,1903251,644,63,58,170,321020,23.9,50,14.7,24.1,,,,,"[{""type"":{""value"":56,""displayName"":""Zone""},""value"":""Back""},{""type"":{""value"":141,""displayName"":""PassEndY""},""value"":""24.1""},{""type"":{""value"":140,""displayName"":""PassEndX""},""value"":""14.7""},{""type"":{""value"":212,""displayName"":""Length""},""value"":""20.1""},{""type"":{""value"":213,""displayName"":""Angle""},""value"":""4.21""}]",true,false,false,false,Pass,Successful,SecondHalf,2025-12-05 23:16:17.240787+00
2879383741,1903251,645,63,59,170,231135,14.7,23.6,23.9,8.4,,,,,"[{""type"":{""value"":56,""displayName"":""Zone""},""value"":""Back""},{""type"":{""value"":141,""displayName"":""PassEndY""},""value"":""8.4""},{""type"":{""value"":213,""displayName"":""Angle""},""value"":""5.46""},{""type"":{""value"":140,""displayName"":""PassEndX""},""value"":""23.9""},{""type"":{""value"":212,""displayName"":""Length""},""value"":""14.1""}]",true,false,false,false,Pass,Successful,SecondHalf,2025-12-05 23:16:17.240787+00
2879383767,1903251,646,64,4,170,141169,27.2,11,27.4,31.5,,,,,"[{""type"":{""value"":56,""displayName"":""Zone""},""value"":""Back""},{""type"":{""value"":213,""displayName"":""Angle""},""value"":""1.56""},{""type"":{""value"":212,""displayName"":""Length""},""value"":""13.9""},{""type"":{""value"":140,""displayName"":""PassEndX""},""value"":""27.4""},{""type"":{""value"":141,""displayName"":""PassEndY""},""value"":""31.5""}]",true,false,false,false,Pass,Successful,SecondHalf,2025-12-05 23:16:17.240787+00
2879383785,1903251,647,64,7,170,321020,33,49.7,43.4,87.1,,,,,"[{""type"":{""value"":141,""displayName"":""PassEndY""},""value"":""87.1""},{""type"":{""value"":140,""displayName"":""PassEndX""},""value"":""43.4""},{""type"":{""value"":56,""displayName"":""Zone""},""value"":""Back""},{""type"":{""value"":212,""displayName"":""Length""},""value"":""27.7""},{""type"":{""value"":213,""displayName"":""Angle""},""value"":""1.17""}]",true,false,false,false,Pass,Successful,SecondHalf,2025-12-05 23:16:17.240787+00
2879383791,1903251,590,64,9,167,331254,48.9,14.6,,,,,,,"[{""type"":{""value"":56,""displayName"":""Zone""},""value"":""Back""}]",true,false,false,false,Interception,Successful,SecondHalf,2025-12-05 23:16:17.240787+00
2879383793,1903251,648,64,9,170,322611,43.4,89,51.1,85.4,,,,,"[{""type"":{""value"":213,""displayName"":""Angle""},""value"":""5.99""},{""type"":{""value"":140,""displayName"":""PassEndX""},""value"":""51.1""},{""type"":{""value"":56,""displayName"":""Zone""},""value"":""Left""},{""type"":{""value"":212,""displayName"":""Length""},""value"":""8.4""},{""type"":{""value"":141,""displayName"":""PassEndY""},""value"":""85.4""}]",true,false,false,false,Pass,Unsuccessful,SecondHalf,2025-12-05 23:16:17.240787+00
2879383911,1903251,650,64,20,170,322611,52.4,100,40.7,83.2,,,,,"[{""type"":{""value"":213,""displayName"":""Angle""},""value"":""3.93""},{""type"":{""value"":107,""displayName"":""ThrowIn""}},{""type"":{""value"":56,""displayName"":""Zone""},""value"":""Back""},{""type"":{""value"":141,""displayName"":""PassEndY""},""value"":""83.2""},{""type"":{""value"":140,""displayName"":""PassEndX""},""value"":""40.7""},{""type"":{""value"":212,""displayName"":""Length""},""value"":""17.3""}]",true,false,false,false,Pass,Successful,SecondHalf,2025-12-05 23:16:17.240787+00
2879383937,1903251,651,64,22,170,396976,40.6,82.3,37,60.2,,,,,"[{""type"":{""value"":140,""displayName"":""PassEndX""},""value"":""37.0""},{""type"":{""value"":56,""displayName"":""Zone""},""value"":""Back""},{""type"":{""value"":213,""displayName"":""Angle""},""value"":""4.47""},{""type"":{""value"":141,""displayName"":""PassEndY""},""value"":""60.2""},{""type"":{""value"":212,""displayName"":""Length""},""value"":""15.5""}]",true,false,false,false,Pass,Successful,SecondHalf,2025-12-05 23:16:17.240787+00
2879383991,1903251,652,64,25,170,231135,36.2,59.9,74.2,91.1,,,,,"[{""type"":{""value"":213,""displayName"":""Angle""},""value"":""0.49""},{""type"":{""value"":212,""displayName"":""Length""},""value"":""45.2""},{""type"":{""value"":1,""displayName"":""Longball""}},{""type"":{""value"":140,""displayName"":""PassEndX""},""value"":""74.2""},{""type"":{""value"":56,""displayName"":""Zone""},""value"":""Left""},{""type"":{""value"":141,""displayName"":""PassEndY""},""value"":""91.1""}]",true,false,false,false,Pass,Successful,SecondHalf,2025-12-05 23:16:17.240787+00
2879384001,1903251,653,64,33,170,363665,86.5,96.3,71.8,86.9,,,,,"[{""type"":{""value"":213,""displayName"":""Angle""},""value"":""3.53""},{""type"":{""value"":56,""displayName"":""Zone""},""value"":""Left""},{""type"":{""value"":141,""displayName"":""PassEndY""},""value"":""86.9""},{""type"":{""value"":212,""displayName"":""Length""},""value"":""16.7""},{""type"":{""value"":140,""displayName"":""PassEndX""},""value"":""71.8""}]",true,false,false,false,Pass,Successful,SecondHalf,2025-12-05 23:16:17.240787+00
2879384017,1903251,654,64,35,170,136824,74.8,82.7,99.2,70,,,,,"[{""type"":{""value"":141,""displayName"":""PassEndY""},""value"":""70.0""},{""type"":{""value"":140,""displayName"":""PassEndX""},""value"":""99.2""},{""type"":{""value"":56,""displayName"":""Zone""},""value"":""Center""},{""type"":{""value"":7,""displayName"":""PlayerCaughtOffside""},""value"":""322611""}]",true,false,false,false,OffsidePass,Successful,SecondHalf,2025-12-05 23:16:17.240787+00
2879384105,1903251,592,64,35,167,468847,13.5,64,,,,,,,[],false,false,false,false,OffsideProvoked,Successful,SecondHalf,2025-12-05 23:16:17.240787+00
2879384449,1903251,593,65,14,167,313171,14.6,30,10.2,49.3,,,,,"[{""type"":{""value"":141,""displayName"":""PassEndY""},""value"":""49.3""},{""type"":{""value"":56,""displayName"":""Zone""},""value"":""Back""},{""type"":{""value"":140,""displayName"":""PassEndX""},""value"":""10.2""},{""type"":{""value"":212,""displayName"":""Length""},""value"":""13.9""},{""type"":{""value"":213,""displayName"":""Angle""},""value"":""1.91""},{""type"":{""value"":241,""displayName"":""IndirectFreekickTaken""}},{""type"":{""value"":5,""displayName"":""FreekickTaken""}}]",true,false,false,false,Pass,Successful,SecondHalf,2025-12-05 23:16:17.240787+00
2879384463,1903251,594,65,15,167,262515,10.2,49.3,16.4,74.5,,,,,"[{""type"":{""value"":212,""displayName"":""Length""},""value"":""18.3""},{""type"":{""value"":213,""displayName"":""Angle""},""value"":""1.21""},{""type"":{""value"":56,""displayName"":""Zone""},""value"":""Back""},{""type"":{""value"":141,""displayName"":""PassEndY""},""value"":""74.5""},{""type"":{""value"":140,""displayName"":""PassEndX""},""value"":""16.4""}]",true,false,false,false,Pass,Successful,SecondHalf,2025-12-05 23:16:17.240787+00
2879384471,1903251,595,65,16,167,402664,16.4,74.5,40.4,57.9,,,,,"[{""type"":{""value"":212,""displayName"":""Length""},""value"":""27.6""},{""type"":{""value"":141,""displayName"":""PassEndY""},""value"":""57.9""},{""type"":{""value"":213,""displayName"":""Angle""},""value"":""5.86""},{""type"":{""value"":56,""displayName"":""Zone""},""value"":""Back""},{""type"":{""value"":1,""displayName"":""Longball""}},{""type"":{""value"":140,""displayName"":""PassEndX""},""value"":""40.4""}]",true,false,false,false,Pass,Successful,SecondHalf,2025-12-05 23:16:17.240787+00
2879384475,1903251,596,65,17,167,315227,40.6,57.9,35.1,57,,,,,"[{""type"":{""value"":56,""displayName"":""Zone""},""value"":""Back""},{""type"":{""value"":156,""displayName"":""LayOff""}},{""type"":{""value"":213,""displayName"":""Angle""},""value"":""3.25""},{""type"":{""value"":212,""displayName"":""Length""},""value"":""5.8""},{""type"":{""value"":141,""displayName"":""PassEndY""},""value"":""57.0""},{""type"":{""value"":140,""displayName"":""PassEndX""},""value"":""35.1""}]",true,false,false,false,Pass,Successful,SecondHalf,2025-12-05 23:16:17.240787+00
2879384505,1903251,597,65,20,167,331254,34.8,53.3,46,54.2,,,,,"[{""type"":{""value"":212,""displayName"":""Length""},""value"":""11.8""},{""type"":{""value"":141,""displayName"":""PassEndY""},""value"":""54.2""},{""type"":{""value"":140,""displayName"":""PassEndX""},""value"":""46.0""},{""type"":{""value"":56,""displayName"":""Zone""},""value"":""Back""},{""type"":{""value"":213,""displayName"":""Angle""},""value"":""0.05""},{""type"":{""value"":3,""displayName"":""HeadPass""}}]",true,false,false,false,Pass,Unsuccessful,SecondHalf,2025-12-05 23:16:17.240787+00
2879384511,1903251,656,65,20,170,396976,55,49.7,55.9,56.6,,,,,"[{""type"":{""value"":213,""displayName"":""Angle""},""value"":""1.37""},{""type"":{""value"":212,""displayName"":""Length""},""value"":""4.8""},{""type"":{""value"":3,""displayName"":""HeadPass""}},{""type"":{""value"":56,""displayName"":""Zone""},""value"":""Center""},{""type"":{""value"":140,""displayName"":""PassEndX""},""value"":""55.9""},{""type"":{""value"":141,""displayName"":""PassEndY""},""value"":""56.6""}]",true,false,false,false,Pass,Successful,SecondHalf,2025-12-05 23:16:17.240787+00
2879384521,1903251,657,65,21,170,136824,55.2,56.8,55.1,45.6,,,,,"[{""type"":{""value"":141,""displayName"":""PassEndY""},""value"":""45.6""},{""type"":{""value"":140,""displayName"":""PassEndX""},""value"":""55.1""},{""type"":{""value"":56,""displayName"":""Zone""},""value"":""Center""},{""type"":{""value"":212,""displayName"":""Length""},""value"":""7.6""},{""type"":{""value"":213,""displayName"":""Angle""},""value"":""4.70""}]",true,false,false,false,Pass,Successful,SecondHalf,2025-12-05 23:16:17.240787+00
2879384567,1903251,659,65,23,170,396976,53.8,45,39,38.7,,,,,"[{""type"":{""value"":56,""displayName"":""Zone""},""value"":""Back""},{""type"":{""value"":141,""displayName"":""PassEndY""},""value"":""38.7""},{""type"":{""value"":140,""displayName"":""PassEndX""},""value"":""39.0""},{""type"":{""value"":213,""displayName"":""Angle""},""value"":""3.41""},{""type"":{""value"":212,""displayName"":""Length""},""value"":""16.1""}]",true,false,false,false,Pass,Successful,SecondHalf,2025-12-05 23:16:17.240787+00
2879384593,1903251,660,65,26,170,231135,41.4,31.6,40.3,14.3,,,,,"[{""type"":{""value"":140,""displayName"":""PassEndX""},""value"":""40.3""},{""type"":{""value"":213,""displayName"":""Angle""},""value"":""4.61""},{""type"":{""value"":212,""displayName"":""Length""},""value"":""11.8""},{""type"":{""value"":141,""displayName"":""PassEndY""},""value"":""14.3""},{""type"":{""value"":56,""displayName"":""Zone""},""value"":""Back""}]",true,false,false,false,Pass,Successful,SecondHalf,2025-12-05 23:16:17.240787+00
2879384615,1903251,661,65,29,170,141169,38.1,12.3,42.3,26.9,,,,,"[{""type"":{""value"":213,""displayName"":""Angle""},""value"":""1.15""},{""type"":{""value"":56,""displayName"":""Zone""},""value"":""Back""},{""type"":{""value"":140,""displayName"":""PassEndX""},""value"":""42.3""},{""type"":{""value"":212,""displayName"":""Length""},""value"":""10.9""},{""type"":{""value"":141,""displayName"":""PassEndY""},""value"":""26.9""}]",true,false,false,false,Pass,Successful,SecondHalf,2025-12-05 23:16:17.240787+00
2879384623,1903251,662,65,30,170,321020,42.3,26.8,28.1,27.5,,,,,"[{""type"":{""value"":156,""displayName"":""LayOff""}},{""type"":{""value"":56,""displayName"":""Zone""},""value"":""Back""},{""type"":{""value"":140,""displayName"":""PassEndX""},""value"":""28.1""},{""type"":{""value"":141,""displayName"":""PassEndY""},""value"":""27.5""},{""type"":{""value"":213,""displayName"":""Angle""},""value"":""3.11""},{""type"":{""value"":212,""displayName"":""Length""},""value"":""14.9""}]",true,false,false,false,Pass,Successful,SecondHalf,2025-12-05 23:16:17.240787+00
2879384649,1903251,663,65,31,170,231135,27.2,26.2,36.4,11.7,,,,,"[{""type"":{""value"":56,""displayName"":""Zone""},""value"":""Back""},{""type"":{""value"":212,""displayName"":""Length""},""value"":""13.8""},{""type"":{""value"":213,""displayName"":""Angle""},""value"":""5.49""},{""type"":{""value"":140,""displayName"":""PassEndX""},""value"":""36.4""},{""type"":{""value"":141,""displayName"":""PassEndY""},""value"":""11.7""}]",true,false,false,false,Pass,Successful,SecondHalf,2025-12-05 23:16:17.240787+00
2879384687,1903251,664,65,34,170,141169,38.3,15.8,39.5,33,,,,,"[{""type"":{""value"":212,""displayName"":""Length""},""value"":""11.8""},{""type"":{""value"":141,""displayName"":""PassEndY""},""value"":""33.0""},{""type"":{""value"":140,""displayName"":""PassEndX""},""value"":""39.5""},{""type"":{""value"":56,""displayName"":""Zone""},""value"":""Back""},{""type"":{""value"":213,""displayName"":""Angle""},""value"":""1.46""}]",true,false,false,false,Pass,Successful,SecondHalf,2025-12-05 23:16:17.240787+00
2879384731,1903251,665,65,38,170,136824,40.7,36.9,49.7,90.2,,,,,"[{""type"":{""value"":56,""displayName"":""Zone""},""value"":""Back""},{""type"":{""value"":141,""displayName"":""PassEndY""},""value"":""90.2""},{""type"":{""value"":212,""displayName"":""Length""},""value"":""37.5""},{""type"":{""value"":140,""displayName"":""PassEndX""},""value"":""49.7""},{""type"":{""value"":213,""displayName"":""Angle""},""value"":""1.32""},{""type"":{""value"":1,""displayName"":""Longball""}}]",true,false,false,false,Pass,Successful,SecondHalf,2025-12-05 23:16:17.240787+00
2879384797,1903251,666,65,44,170,322611,66.6,88.9,70.7,72,,,,,"[{""type"":{""value"":56,""displayName"":""Zone""},""value"":""Center""},{""type"":{""value"":140,""displayName"":""PassEndX""},""value"":""70.7""},{""type"":{""value"":141,""displayName"":""PassEndY""},""value"":""72.0""},{""type"":{""value"":213,""displayName"":""Angle""},""value"":""5.07""},{""type"":{""value"":212,""displayName"":""Length""},""value"":""12.3""}]",true,false,false,false,Pass,Successful,SecondHalf,2025-12-05 23:16:17.240787+00
2879384823,1903251,667,65,51,170,363665,66.1,52.6,70.1,16.5,,,,,"[{""type"":{""value"":140,""displayName"":""PassEndX""},""value"":""70.1""},{""type"":{""value"":56,""displayName"":""Zone""},""value"":""Right""},{""type"":{""value"":141,""displayName"":""PassEndY""},""value"":""16.5""},{""type"":{""value"":212,""displayName"":""Length""},""value"":""24.9""},{""type"":{""value"":213,""displayName"":""Angle""},""value"":""4.88""}]",true,false,false,false,Pass,Successful,SecondHalf,2025-12-05 23:16:17.240787+00
2879384839,1903251,668,65,53,170,141169,77.2,13.4,80.8,5.5,,,,,"[{""type"":{""value"":141,""displayName"":""PassEndY""},""value"":""5.5""},{""type"":{""value"":212,""displayName"":""Length""},""value"":""6.6""},{""type"":{""value"":140,""displayName"":""PassEndX""},""value"":""80.8""},{""type"":{""value"":56,""displayName"":""Zone""},""value"":""Right""},{""type"":{""value"":213,""displayName"":""Angle""},""value"":""5.33""}]",true,false,false,false,Pass,Successful,SecondHalf,2025-12-05 23:16:17.240787+00
2879384863,1903251,669,65,55,170,333044,80.2,7.3,76.2,14.9,,,,,"[{""type"":{""value"":141,""displayName"":""PassEndY""},""value"":""14.9""},{""type"":{""value"":140,""displayName"":""PassEndX""},""value"":""76.2""},{""type"":{""value"":212,""displayName"":""Length""},""value"":""6.7""},{""type"":{""value"":56,""displayName"":""Zone""},""value"":""Right""},{""type"":{""value"":213,""displayName"":""Angle""},""value"":""2.25""}]",true,false,false,false,Pass,Successful,SecondHalf,2025-12-05 23:16:17.240787+00
2879384897,1903251,670,65,57,170,363686,70.1,14.7,66.7,26.9,,,,,"[{""type"":{""value"":141,""displayName"":""PassEndY""},""value"":""26.9""},{""type"":{""value"":140,""displayName"":""PassEndX""},""value"":""66.7""},{""type"":{""value"":212,""displayName"":""Length""},""value"":""9.0""},{""type"":{""value"":213,""displayName"":""Angle""},""value"":""1.98""},{""type"":{""value"":56,""displayName"":""Zone""},""value"":""Center""}]",true,false,false,false,Pass,Successful,SecondHalf,2025-12-05 23:16:17.240787+00
2879384933,1903251,671,65,59,170,321020,65.7,32.2,72.8,33.9,,,,,"[{""type"":{""value"":141,""displayName"":""PassEndY""},""value"":""33.9""},{""type"":{""value"":212,""displayName"":""Length""},""value"":""7.5""},{""type"":{""value"":140,""displayName"":""PassEndX""},""value"":""72.8""},{""type"":{""value"":213,""displayName"":""Angle""},""value"":""0.15""},{""type"":{""value"":56,""displayName"":""Zone""},""value"":""Center""}]",true,false,false,false,Pass,Successful,SecondHalf,2025-12-05 23:16:17.240787+00
2879384961,1903251,672,66,3,170,363665,79.9,28.6,91.4,11.3,,,,,"[{""type"":{""value"":213,""displayName"":""Angle""},""value"":""5.51""},{""type"":{""value"":212,""displayName"":""Length""},""value"":""16.9""},{""type"":{""value"":141,""displayName"":""PassEndY""},""value"":""11.3""},{""type"":{""value"":140,""displayName"":""PassEndX""},""value"":""91.4""},{""type"":{""value"":56,""displayName"":""Zone""},""value"":""Right""}]",true,false,false,false,Pass,Successful,SecondHalf,2025-12-05 23:16:17.240787+00
2879384989,1903251,673,66,5,170,141169,91.4,11.3,91.9,51.5,,,,,"[{""type"":{""value"":140,""displayName"":""PassEndX""},""value"":""91.9""},{""type"":{""value"":56,""displayName"":""Zone""},""value"":""Center""},{""type"":{""value"":213,""displayName"":""Angle""},""value"":""1.55""},{""type"":{""value"":20,""displayName"":""RightFoot""}},{""type"":{""value"":141,""displayName"":""PassEndY""},""value"":""51.5""},{""type"":{""value"":2,""displayName"":""Cross""}},{""type"":{""value"":212,""displayName"":""Length""},""value"":""27.3""}]",true,false,false,false,Pass,Unsuccessful,SecondHalf,2025-12-05 23:16:17.240787+00
2879385003,1903251,598,66,6,167,313171,5.1,53,1.4,70.9,,,,,"[{""type"":{""value"":56,""displayName"":""Zone""},""value"":""Back""},{""type"":{""value"":213,""displayName"":""Angle""},""value"":""1.88""},{""type"":{""value"":141,""displayName"":""PassEndY""},""value"":""70.9""},{""type"":{""value"":212,""displayName"":""Length""},""value"":""12.8""},{""type"":{""value"":140,""displayName"":""PassEndX""},""value"":""1.4""}]",true,false,false,false,Clearance,Successful,SecondHalf,2025-12-05 23:16:17.240787+00
2879385065,1903251,675,66,11,170,333044,98.2,28.7,90.6,13.7,,,,,"[{""type"":{""value"":213,""displayName"":""Angle""},""value"":""4.05""},{""type"":{""value"":140,""displayName"":""PassEndX""},""value"":""90.6""},{""type"":{""value"":56,""displayName"":""Zone""},""value"":""Right""},{""type"":{""value"":141,""displayName"":""PassEndY""},""value"":""13.7""},{""type"":{""value"":212,""displayName"":""Length""},""value"":""13.0""}]",true,false,false,false,Pass,Successful,SecondHalf,2025-12-05 23:16:17.240787+00
2879385091,1903251,676,66,12,170,141169,89.4,13.2,92,50.5,,,,,"[{""type"":{""value"":2,""displayName"":""Cross""}},{""type"":{""value"":213,""displayName"":""Angle""},""value"":""1.46""},{""type"":{""value"":212,""displayName"":""Length""},""value"":""25.5""},{""type"":{""value"":155,""displayName"":""Chipped""}},{""type"":{""value"":72,""displayName"":""LeftFoot""}},{""type"":{""value"":141,""displayName"":""PassEndY""},""value"":""50.5""},{""type"":{""value"":56,""displayName"":""Zone""},""value"":""Center""},{""type"":{""value"":140,""displayName"":""PassEndX""},""value"":""92.0""}]",true,false,false,false,Pass,Unsuccessful,SecondHalf,2025-12-05 23:16:17.240787+00
2879385105,1903251,599,66,14,167,101374,12.2,43.9,38.6,100,,,,,"[{""type"":{""value"":141,""displayName"":""PassEndY""},""value"":""100.0""},{""type"":{""value"":140,""displayName"":""PassEndX""},""value"":""38.6""},{""type"":{""value"":213,""displayName"":""Angle""},""value"":""0.96""},{""type"":{""value"":212,""displayName"":""Length""},""value"":""48.2""},{""type"":{""value"":56,""displayName"":""Zone""},""value"":""Back""}]",true,false,false,false,Clearance,Successful,SecondHalf,2025-12-05 23:16:17.240787+00
2879385193,1903251,678,66,19,170,141169,64.5,0,57.1,10.7,,,,,"[{""type"":{""value"":141,""displayName"":""PassEndY""},""value"":""10.7""},{""type"":{""value"":140,""displayName"":""PassEndX""},""value"":""57.1""},{""type"":{""value"":213,""displayName"":""Angle""},""value"":""2.31""},{""type"":{""value"":212,""displayName"":""Length""},""value"":""11.5""},{""type"":{""value"":56,""displayName"":""Zone""},""value"":""Right""},{""type"":{""value"":107,""displayName"":""ThrowIn""}}]",true,false,false,false,Pass,Successful,SecondHalf,2025-12-05 23:16:17.240787+00
2879385215,1903251,679,66,23,170,363686,58.4,20,61.7,7.3,,,,,"[{""type"":{""value"":212,""displayName"":""Length""},""value"":""9.3""},{""type"":{""value"":141,""displayName"":""PassEndY""},""value"":""7.3""},{""type"":{""value"":213,""displayName"":""Angle""},""value"":""5.09""},{""type"":{""value"":56,""displayName"":""Zone""},""value"":""Right""},{""type"":{""value"":140,""displayName"":""PassEndX""},""value"":""61.7""}]",true,false,false,false,Pass,Successful,SecondHalf,2025-12-05 23:16:17.240787+00
2879385255,1903251,680,66,27,170,141169,62.3,7.6,55.3,34.3,,,,,"[{""type"":{""value"":213,""displayName"":""Angle""},""value"":""1.96""},{""type"":{""value"":141,""displayName"":""PassEndY""},""value"":""34.3""},{""type"":{""value"":212,""displayName"":""Length""},""value"":""19.6""},{""type"":{""value"":140,""displayName"":""PassEndX""},""value"":""55.3""},{""type"":{""value"":56,""displayName"":""Zone""},""value"":""Center""}]",true,false,false,false,Pass,Successful,SecondHalf,2025-12-05 23:16:17.240787+00
2879385285,1903251,681,66,31,170,321020,58,24.2,65.7,7.6,,,,,"[{""type"":{""value"":213,""displayName"":""Angle""},""value"":""5.33""},{""type"":{""value"":212,""displayName"":""Length""},""value"":""13.9""},{""type"":{""value"":141,""displayName"":""PassEndY""},""value"":""7.6""},{""type"":{""value"":140,""displayName"":""PassEndX""},""value"":""65.7""},{""type"":{""value"":56,""displayName"":""Zone""},""value"":""Right""}]",true,false,false,false,Pass,Successful,SecondHalf,2025-12-05 23:16:17.240787+00
2879385321,1903251,682,66,35,170,333044,62.4,21.8,58,33.6,,,,,"[{""type"":{""value"":56,""displayName"":""Zone""},""value"":""Center""},{""type"":{""value"":213,""displayName"":""Angle""},""value"":""2.09""},{""type"":{""value"":141,""displayName"":""PassEndY""},""value"":""33.6""},{""type"":{""value"":212,""displayName"":""Length""},""value"":""9.3""},{""type"":{""value"":140,""displayName"":""PassEndX""},""value"":""58.0""}]",true,false,false,false,Pass,Successful,SecondHalf,2025-12-05 23:16:17.240787+00
2879385339,1903251,683,66,40,170,136824,60.1,38.2,46.9,46.2,,,,,"[{""type"":{""value"":56,""displayName"":""Zone""},""value"":""Back""},{""type"":{""value"":140,""displayName"":""PassEndX""},""value"":""46.9""},{""type"":{""value"":213,""displayName"":""Angle""},""value"":""2.77""},{""type"":{""value"":141,""displayName"":""PassEndY""},""value"":""46.2""},{""type"":{""value"":212,""displayName"":""Length""},""value"":""14.9""}]",true,false,false,false,Pass,Successful,SecondHalf,2025-12-05 23:16:17.240787+00
2879385355,1903251,684,66,42,170,231135,46.9,46.2,53.2,33.9,,,,,"[{""type"":{""value"":56,""displayName"":""Zone""},""value"":""Center""},{""type"":{""value"":212,""displayName"":""Length""},""value"":""10.7""},{""type"":{""value"":141,""displayName"":""PassEndY""},""value"":""33.9""},{""type"":{""value"":213,""displayName"":""Angle""},""value"":""5.38""},{""type"":{""value"":140,""displayName"":""PassEndX""},""value"":""53.2""}]",true,false,false,false,Pass,Successful,SecondHalf,2025-12-05 23:16:17.240787+00
2879385365,1903251,685,66,44,170,321020,53.3,33,47.4,44.6,,,,,"[{""type"":{""value"":140,""displayName"":""PassEndX""},""value"":""47.4""},{""type"":{""value"":141,""displayName"":""PassEndY""},""value"":""44.6""},{""type"":{""value"":212,""displayName"":""Length""},""value"":""10.0""},{""type"":{""value"":213,""displayName"":""Angle""},""value"":""2.24""},{""type"":{""value"":56,""displayName"":""Zone""},""value"":""Back""}]",true,false,false,false,Pass,Successful,SecondHalf,2025-12-05 23:16:17.240787+00
2879385375,1903251,686,66,45,170,231135,47,45.8,62.1,36,,,,,"[{""type"":{""value"":213,""displayName"":""Angle""},""value"":""5.89""},{""type"":{""value"":212,""displayName"":""Length""},""value"":""17.2""},{""type"":{""value"":141,""displayName"":""PassEndY""},""value"":""36.0""},{""type"":{""value"":140,""displayName"":""PassEndX""},""value"":""62.1""},{""type"":{""value"":56,""displayName"":""Zone""},""value"":""Center""}]",true,false,false,false,Pass,Successful,SecondHalf,2025-12-05 23:16:17.240787+00
2879385395,1903251,687,66,47,170,363686,60.7,35.5,45,25.3,,,,,"[{""type"":{""value"":213,""displayName"":""Angle""},""value"":""3.54""},{""type"":{""value"":212,""displayName"":""Length""},""value"":""17.9""},{""type"":{""value"":56,""displayName"":""Zone""},""value"":""Back""},{""type"":{""value"":141,""displayName"":""PassEndY""},""value"":""25.3""},{""type"":{""value"":140,""displayName"":""PassEndX""},""value"":""45.0""}]",true,false,false,false,Pass,Successful,SecondHalf,2025-12-05 23:16:17.240787+00
2879385433,1903251,688,66,49,170,321020,43.8,28.1,38.5,38.1,,,,,"[{""type"":{""value"":212,""displayName"":""Length""},""value"":""8.8""},{""type"":{""value"":140,""displayName"":""PassEndX""},""value"":""38.5""},{""type"":{""value"":213,""displayName"":""Angle""},""value"":""2.26""},{""type"":{""value"":141,""displayName"":""PassEndY""},""value"":""38.1""},{""type"":{""value"":56,""displayName"":""Zone""},""value"":""Back""}]",true,false,false,false,Pass,Successful,SecondHalf,2025-12-05 23:16:17.240787+00
2879385461,1903251,689,66,52,170,231135,40.3,42.5,54.7,76.5,,,,,"[{""type"":{""value"":141,""displayName"":""PassEndY""},""value"":""76.5""},{""type"":{""value"":212,""displayName"":""Length""},""value"":""27.6""},{""type"":{""value"":213,""displayName"":""Angle""},""value"":""0.99""},{""type"":{""value"":56,""displayName"":""Zone""},""value"":""Center""},{""type"":{""value"":140,""displayName"":""PassEndX""},""value"":""54.7""}]",true,false,false,false,Pass,Successful,SecondHalf,2025-12-05 23:16:17.240787+00
2879385491,1903251,690,66,55,170,396976,57.7,83.3,68.2,89,,,,,"[{""type"":{""value"":213,""displayName"":""Angle""},""value"":""0.34""},{""type"":{""value"":56,""displayName"":""Zone""},""value"":""Left""},{""type"":{""value"":140,""displayName"":""PassEndX""},""value"":""68.2""},{""type"":{""value"":141,""displayName"":""PassEndY""},""value"":""89.0""},{""type"":{""value"":212,""displayName"":""Length""},""value"":""11.7""}]",true,false,false,false,Pass,Successful,SecondHalf,2025-12-05 23:16:17.240787+00
2879385497,1903251,691,66,57,170,322611,70.5,88.9,67.8,84.2,,,,,"[{""type"":{""value"":213,""displayName"":""Angle""},""value"":""3.99""},{""type"":{""value"":56,""displayName"":""Zone""},""value"":""Left""},{""type"":{""value"":140,""displayName"":""PassEndX""},""value"":""67.8""},{""type"":{""value"":141,""displayName"":""PassEndY""},""value"":""84.2""},{""type"":{""value"":212,""displayName"":""Length""},""value"":""4.3""}]",true,false,false,false,Pass,Unsuccessful,SecondHalf,2025-12-05 23:16:17.240787+00
2879385499,1903251,601,66,57,167,331254,32.2,15.8,,,,,,,"[{""type"":{""value"":56,""displayName"":""Zone""},""value"":""Back""}]",true,false,false,false,Interception,Successful,SecondHalf,2025-12-05 23:16:17.240787+00
2879385517,1903251,602,66,59,167,313171,26.3,29.4,,,,,,,[],false,false,false,false,BallRecovery,Successful,SecondHalf,2025-12-05 23:16:17.240787+00
2879385541,1903251,603,66,59,167,313171,26.3,29.4,32.5,35.7,,,,,"[{""type"":{""value"":213,""displayName"":""Angle""},""value"":""0.58""},{""type"":{""value"":212,""displayName"":""Length""},""value"":""7.8""},{""type"":{""value"":56,""displayName"":""Zone""},""value"":""Back""},{""type"":{""value"":141,""displayName"":""PassEndY""},""value"":""35.7""},{""type"":{""value"":140,""displayName"":""PassEndX""},""value"":""32.5""}]",true,false,false,false,Pass,Successful,SecondHalf,2025-12-05 23:16:17.240787+00
2879385571,1903251,604,67,1,167,101374,32.5,35.7,39.5,14.3,,,,,"[{""type"":{""value"":56,""displayName"":""Zone""},""value"":""Back""},{""type"":{""value"":140,""displayName"":""PassEndX""},""value"":""39.5""},{""type"":{""value"":141,""displayName"":""PassEndY""},""value"":""14.3""},{""type"":{""value"":213,""displayName"":""Angle""},""value"":""5.18""},{""type"":{""value"":212,""displayName"":""Length""},""value"":""16.3""}]",true,false,false,false,Pass,Successful,SecondHalf,2025-12-05 23:16:17.240787+00
2879385575,1903251,605,67,4,167,136741,40.5,12.4,,,,,,,"[{""type"":{""value"":233,""displayName"":""OppositeRelatedEvent""},""value"":""692""},{""type"":{""value"":286,""displayName"":""Offensive""}},{""type"":{""value"":56,""displayName"":""Zone""},""value"":""Back""}]",true,false,false,false,Dispossessed,Successful,SecondHalf,2025-12-05 23:16:17.240787+00
2879385599,1903251,692,67,4,170,322611,59.5,87.6,,,,,,,"[{""type"":{""value"":233,""displayName"":""OppositeRelatedEvent""},""value"":""605""},{""type"":{""value"":178,""displayName"":""StandingSave""}},{""type"":{""value"":285,""displayName"":""Defensive""}},{""type"":{""value"":56,""displayName"":""Zone""},""value"":""Left""}]",true,false,false,false,Tackle,Successful,SecondHalf,2025-12-05 23:16:17.240787+00
2879385609,1903251,693,67,5,170,396976,56.6,86.8,54.6,93.3,,,,,"[{""type"":{""value"":141,""displayName"":""PassEndY""},""value"":""93.3""},{""type"":{""value"":140,""displayName"":""PassEndX""},""value"":""54.6""},{""type"":{""value"":56,""displayName"":""Zone""},""value"":""Left""},{""type"":{""value"":213,""displayName"":""Angle""},""value"":""2.01""},{""type"":{""value"":212,""displayName"":""Length""},""value"":""4.9""}]",true,false,false,false,Pass,Successful,SecondHalf,2025-12-05 23:16:17.240787+00
2879385617,1903251,694,67,6,170,322611,57.4,93,,,,,,,[],false,false,false,false,BallRecovery,Successful,SecondHalf,2025-12-05 23:16:17.240787+00
2879385625,1903251,695,67,7,170,322611,59.6,94.2,,,,,,,"[{""type"":{""value"":56,""displayName"":""Zone""},""value"":""Left""},{""type"":{""value"":286,""displayName"":""Offensive""}},{""type"":{""value"":233,""displayName"":""OppositeRelatedEvent""},""value"":""606""}]",true,false,false,false,TakeOn,Unsuccessful,SecondHalf,2025-12-05 23:16:17.240787+00
2879385629,1903251,606,67,7,167,331254,40.4,5.8,,,,,,,"[{""type"":{""value"":178,""displayName"":""StandingSave""}},{""type"":{""value"":233,""displayName"":""OppositeRelatedEvent""},""value"":""695""},{""type"":{""value"":285,""displayName"":""Defensive""}},{""type"":{""value"":56,""displayName"":""Zone""},""value"":""Back""}]",true,false,false,false,Tackle,Successful,SecondHalf,2025-12-05 23:16:17.240787+00
2879385805,1903251,697,67,18,170,322611,57.4,100,54,71.4,,,,,"[{""type"":{""value"":213,""displayName"":""Angle""},""value"":""4.53""},{""type"":{""value"":56,""displayName"":""Zone""},""value"":""Center""},{""type"":{""value"":107,""displayName"":""ThrowIn""}},{""type"":{""value"":140,""displayName"":""PassEndX""},""value"":""54.0""},{""type"":{""value"":141,""displayName"":""PassEndY""},""value"":""71.4""},{""type"":{""value"":212,""displayName"":""Length""},""value"":""20.2""}]",true,false,false,false,Pass,Successful,SecondHalf,2025-12-05 23:16:17.240787+00
2879385831,1903251,698,67,23,170,321020,53,44.1,70.6,10.1,,,,,"[{""type"":{""value"":140,""displayName"":""PassEndX""},""value"":""70.6""},{""type"":{""value"":141,""displayName"":""PassEndY""},""value"":""10.1""},{""type"":{""value"":56,""displayName"":""Zone""},""value"":""Right""},{""type"":{""value"":213,""displayName"":""Angle""},""value"":""5.39""},{""type"":{""value"":212,""displayName"":""Length""},""value"":""29.6""}]",true,false,false,false,Pass,Successful,SecondHalf,2025-12-05 23:16:17.240787+00
2879385837,1903251,699,67,25,170,333044,70.9,10.8,76,12,,,,,"[{""type"":{""value"":233,""displayName"":""OppositeRelatedEvent""},""value"":""608""},{""type"":{""value"":212,""displayName"":""Length""},""value"":""5.4""},{""type"":{""value"":213,""displayName"":""Angle""},""value"":""0.15""},{""type"":{""value"":141,""displayName"":""PassEndY""},""value"":""12.0""},{""type"":{""value"":140,""displayName"":""PassEndX""},""value"":""76.0""},{""type"":{""value"":56,""displayName"":""Zone""},""value"":""Right""},{""type"":{""value"":286,""displayName"":""Offensive""}}]",true,false,false,false,Pass,Unsuccessful,SecondHalf,2025-12-05 23:16:17.240787+00
2879385845,1903251,608,67,25,167,468847,24,88,,,,,,,"[{""type"":{""value"":56,""displayName"":""Zone""},""value"":""Back""},{""type"":{""value"":233,""displayName"":""OppositeRelatedEvent""},""value"":""699""},{""type"":{""value"":285,""displayName"":""Defensive""}}]",true,false,false,false,BlockedPass,Successful,SecondHalf,2025-12-05 23:16:17.240787+00
2879385849,1903251,609,67,27,167,468847,26.3,86.2,,,,,,,[],false,false,false,false,BallRecovery,Successful,SecondHalf,2025-12-05 23:16:17.240787+00
2879385861,1903251,700,67,28,170,333044,72.8,9.5,,,,,,,"[{""type"":{""value"":286,""displayName"":""Offensive""}},{""type"":{""value"":56,""displayName"":""Zone""},""value"":""Right""},{""type"":{""value"":233,""displayName"":""OppositeRelatedEvent""},""value"":""610""}]",false,false,false,false,Challenge,Unsuccessful,SecondHalf,2025-12-05 23:16:17.240787+00
2879385931,1903251,610,67,28,167,468847,27.2,90.5,,,,,,,"[{""type"":{""value"":285,""displayName"":""Defensive""}},{""type"":{""value"":233,""displayName"":""OppositeRelatedEvent""},""value"":""700""},{""type"":{""value"":56,""displayName"":""Zone""},""value"":""Back""}]",true,false,false,false,TakeOn,Successful,SecondHalf,2025-12-05 23:16:17.240787+00
2879385939,1903251,611,67,35,167,468847,78.3,69.3,78.8,66.4,,,,,"[{""type"":{""value"":213,""displayName"":""Angle""},""value"":""4.97""},{""type"":{""value"":141,""displayName"":""PassEndY""},""value"":""66.4""},{""type"":{""value"":212,""displayName"":""Length""},""value"":""2.0""},{""type"":{""value"":140,""displayName"":""PassEndX""},""value"":""78.8""},{""type"":{""value"":286,""displayName"":""Offensive""}},{""type"":{""value"":56,""displayName"":""Zone""},""value"":""Center""},{""type"":{""value"":233,""displayName"":""OppositeRelatedEvent""},""value"":""701""}]",true,false,false,false,Pass,Unsuccessful,SecondHalf,2025-12-05 23:16:17.240787+00
2879385941,1903251,701,67,35,170,141169,21.2,33.6,,,,,,,"[{""type"":{""value"":56,""displayName"":""Zone""},""value"":""Back""},{""type"":{""value"":285,""displayName"":""Defensive""}},{""type"":{""value"":233,""displayName"":""OppositeRelatedEvent""},""value"":""611""}]",true,false,false,false,BlockedPass,Successful,SecondHalf,2025-12-05 23:16:17.240787+00
2879385977,1903251,702,67,36,170,231135,14.1,32.1,6.3,39,,,,,"[{""type"":{""value"":212,""displayName"":""Length""},""value"":""9.4""},{""type"":{""value"":213,""displayName"":""Angle""},""value"":""2.62""},{""type"":{""value"":140,""displayName"":""PassEndX""},""value"":""6.3""},{""type"":{""value"":56,""displayName"":""Zone""},""value"":""Back""},{""type"":{""value"":141,""displayName"":""PassEndY""},""value"":""39.0""}]",true,false,false,false,Pass,Successful,SecondHalf,2025-12-05 23:16:17.240787+00
2879385981,1903251,703,67,39,170,92173,6.4,38.5,14,8.7,,,,,"[{""type"":{""value"":56,""displayName"":""Zone""},""value"":""Back""},{""type"":{""value"":212,""displayName"":""Length""},""value"":""21.8""},{""type"":{""value"":213,""displayName"":""Angle""},""value"":""5.09""},{""type"":{""value"":140,""displayName"":""PassEndX""},""value"":""14.0""},{""type"":{""value"":141,""displayName"":""PassEndY""},""value"":""8.7""}]",true,false,false,false,Pass,Successful,SecondHalf,2025-12-05 23:16:17.240787+00
2879386007,1903251,705,67,42,170,231135,18.2,3.4,,,,,,,"[{""type"":{""value"":233,""displayName"":""OppositeRelatedEvent""},""value"":""612""},{""type"":{""value"":56,""displayName"":""Zone""},""value"":""Back""},{""type"":{""value"":285,""displayName"":""Defensive""}}]",true,false,false,false,Dispossessed,Successful,SecondHalf,2025-12-05 23:16:17.240787+00
2879386011,1903251,612,67,42,167,468847,81.8,96.6,,,,,,,"[{""type"":{""value"":233,""displayName"":""OppositeRelatedEvent""},""value"":""705""},{""type"":{""value"":286,""displayName"":""Offensive""}},{""type"":{""value"":178,""displayName"":""StandingSave""}},{""type"":{""value"":56,""displayName"":""Zone""},""value"":""Left""}]",true,false,false,false,Tackle,Successful,SecondHalf,2025-12-05 23:16:17.240787+00
2879386101,1903251,707,67,49,170,231135,20.5,0,7.8,26.9,,,,,"[{""type"":{""value"":140,""displayName"":""PassEndX""},""value"":""7.8""},{""type"":{""value"":107,""displayName"":""ThrowIn""}},{""type"":{""value"":56,""displayName"":""Zone""},""value"":""Back""},{""type"":{""value"":141,""displayName"":""PassEndY""},""value"":""26.9""},{""type"":{""value"":212,""displayName"":""Length""},""value"":""23.7""},{""type"":{""value"":1,""displayName"":""Longball""}},{""type"":{""value"":213,""displayName"":""Angle""},""value"":""2.17""}]",true,false,false,false,Pass,Successful,SecondHalf,2025-12-05 23:16:17.240787+00
2879386129,1903251,708,67,52,170,141169,8.9,30.6,19.2,93.9,,,,,"[{""type"":{""value"":56,""displayName"":""Zone""},""value"":""Back""},{""type"":{""value"":212,""displayName"":""Length""},""value"":""44.4""},{""type"":{""value"":1,""displayName"":""Longball""}},{""type"":{""value"":213,""displayName"":""Angle""},""value"":""1.32""},{""type"":{""value"":140,""displayName"":""PassEndX""},""value"":""19.2""},{""type"":{""value"":141,""displayName"":""PassEndY""},""value"":""93.9""},{""type"":{""value"":155,""displayName"":""Chipped""}}]",true,false,false,false,Pass,Successful,SecondHalf,2025-12-05 23:16:17.240787+00
2879386145,1903251,709,67,57,170,322611,20.7,93.1,16.2,73.8,,,,,"[{""type"":{""value"":56,""displayName"":""Zone""},""value"":""Back""},{""type"":{""value"":141,""displayName"":""PassEndY""},""value"":""73.8""},{""type"":{""value"":140,""displayName"":""PassEndX""},""value"":""16.2""},{""type"":{""value"":213,""displayName"":""Angle""},""value"":""4.37""},{""type"":{""value"":212,""displayName"":""Length""},""value"":""13.9""}]",true,false,false,false,Pass,Successful,SecondHalf,2025-12-05 23:16:17.240787+00
2879386173,1903251,710,68,0,170,396976,23.3,73.5,17.3,93.3,,,,,"[{""type"":{""value"":141,""displayName"":""PassEndY""},""value"":""93.3""},{""type"":{""value"":212,""displayName"":""Length""},""value"":""14.9""},{""type"":{""value"":213,""displayName"":""Angle""},""value"":""2.01""},{""type"":{""value"":140,""displayName"":""PassEndX""},""value"":""17.3""},{""type"":{""value"":56,""displayName"":""Zone""},""value"":""Back""}]",true,false,false,false,Pass,Successful,SecondHalf,2025-12-05 23:16:17.240787+00
2879386187,1903251,711,68,4,170,322611,17.6,92.7,8.7,56.9,,,,,"[{""type"":{""value"":140,""displayName"":""PassEndX""},""value"":""8.7""},{""type"":{""value"":141,""displayName"":""PassEndY""},""value"":""56.9""},{""type"":{""value"":56,""displayName"":""Zone""},""value"":""Back""},{""type"":{""value"":212,""displayName"":""Length""},""value"":""26.1""},{""type"":{""value"":213,""displayName"":""Angle""},""value"":""4.35""}]",true,false,false,false,Pass,Successful,SecondHalf,2025-12-05 23:16:17.240787+00
2879386199,1903251,712,68,8,170,92173,7.8,53,13.5,41.9,,,,,"[{""type"":{""value"":213,""displayName"":""Angle""},""value"":""5.38""},{""type"":{""value"":56,""displayName"":""Zone""},""value"":""Back""},{""type"":{""value"":140,""displayName"":""PassEndX""},""value"":""13.5""},{""type"":{""value"":212,""displayName"":""Length""},""value"":""9.6""},{""type"":{""value"":141,""displayName"":""PassEndY""},""value"":""41.9""}]",true,false,false,false,Pass,Successful,SecondHalf,2025-12-05 23:16:17.240787+00
2879386229,1903251,713,68,9,170,231135,14.5,42.5,23.4,55,,,,,"[{""type"":{""value"":213,""displayName"":""Angle""},""value"":""0.74""},{""type"":{""value"":140,""displayName"":""PassEndX""},""value"":""23.4""},{""type"":{""value"":56,""displayName"":""Zone""},""value"":""Back""},{""type"":{""value"":212,""displayName"":""Length""},""value"":""12.6""},{""type"":{""value"":141,""displayName"":""PassEndY""},""value"":""55.0""}]",true,false,false,false,Pass,Successful,SecondHalf,2025-12-05 23:16:17.240787+00
2879386247,1903251,714,68,11,170,321020,24.8,52.9,27.9,36,,,,,"[{""type"":{""value"":56,""displayName"":""Zone""},""value"":""Back""},{""type"":{""value"":140,""displayName"":""PassEndX""},""value"":""27.9""},{""type"":{""value"":141,""displayName"":""PassEndY""},""value"":""36.0""},{""type"":{""value"":212,""displayName"":""Length""},""value"":""11.9""},{""type"":{""value"":213,""displayName"":""Angle""},""value"":""4.99""}]",true,false,false,false,Pass,Successful,SecondHalf,2025-12-05 23:16:17.240787+00
2879386267,1903251,715,68,14,170,231135,31.3,28.1,44,4.5,,,,,"[{""type"":{""value"":141,""displayName"":""PassEndY""},""value"":""4.5""},{""type"":{""value"":212,""displayName"":""Length""},""value"":""20.9""},{""type"":{""value"":213,""displayName"":""Angle""},""value"":""5.41""},{""type"":{""value"":56,""displayName"":""Zone""},""value"":""Back""},{""type"":{""value"":140,""displayName"":""PassEndX""},""value"":""44.0""}]",true,false,false,false,Pass,Successful,SecondHalf,2025-12-05 23:16:17.240787+00
2879386293,1903251,614,68,20,167,262515,11.7,55.5,,,,,,,[],false,false,false,false,KeeperPickup,Successful,SecondHalf,2025-12-05 23:16:17.240787+00
2879386295,1903251,716,68,16,170,141169,45.4,3.1,89,44.3,,,,,"[{""type"":{""value"":212,""displayName"":""Length""},""value"":""53.7""},{""type"":{""value"":213,""displayName"":""Angle""},""value"":""0.55""},{""type"":{""value"":155,""displayName"":""Chipped""}},{""type"":{""value"":141,""displayName"":""PassEndY""},""value"":""44.3""},{""type"":{""value"":140,""displayName"":""PassEndX""},""value"":""89.0""},{""type"":{""value"":1,""displayName"":""Longball""}},{""type"":{""value"":56,""displayName"":""Zone""},""value"":""Center""}]",true,false,false,false,Pass,Unsuccessful,SecondHalf,2025-12-05 23:16:17.240787+00
2879386381,1903251,615,68,28,167,262515,12.1,47.8,13.9,76.6,,,,,"[{""type"":{""value"":213,""displayName"":""Angle""},""value"":""1.47""},{""type"":{""value"":123,""displayName"":""KeeperThrow""}},{""type"":{""value"":212,""displayName"":""Length""},""value"":""19.7""},{""type"":{""value"":141,""displayName"":""PassEndY""},""value"":""76.6""},{""type"":{""value"":56,""displayName"":""Zone""},""value"":""Back""},{""type"":{""value"":140,""displayName"":""PassEndX""},""value"":""13.9""}]",true,false,false,false,Pass,Successful,SecondHalf,2025-12-05 23:16:17.240787+00
2879386391,1903251,616,68,32,167,402664,22,82.1,31.1,94.8,,,,,"[{""type"":{""value"":140,""displayName"":""PassEndX""},""value"":""31.1""},{""type"":{""value"":141,""displayName"":""PassEndY""},""value"":""94.8""},{""type"":{""value"":56,""displayName"":""Zone""},""value"":""Back""},{""type"":{""value"":212,""displayName"":""Length""},""value"":""12.9""},{""type"":{""value"":213,""displayName"":""Angle""},""value"":""0.73""}]",true,false,false,false,Pass,Successful,SecondHalf,2025-12-05 23:16:17.240787+00
2879386411,1903251,617,68,33,167,468847,31.6,94.2,36,83,,,,,"[{""type"":{""value"":141,""displayName"":""PassEndY""},""value"":""83.0""},{""type"":{""value"":140,""displayName"":""PassEndX""},""value"":""36.0""},{""type"":{""value"":56,""displayName"":""Zone""},""value"":""Back""},{""type"":{""value"":212,""displayName"":""Length""},""value"":""8.9""},{""type"":{""value"":213,""displayName"":""Angle""},""value"":""5.26""}]",true,false,false,false,Pass,Successful,SecondHalf,2025-12-05 23:16:17.240787+00
2879386441,1903251,618,68,36,167,343382,55.5,90.2,61.3,75.9,,,,,"[{""type"":{""value"":213,""displayName"":""Angle""},""value"":""5.27""},{""type"":{""value"":56,""displayName"":""Zone""},""value"":""Center""},{""type"":{""value"":140,""displayName"":""PassEndX""},""value"":""61.3""},{""type"":{""value"":141,""displayName"":""PassEndY""},""value"":""75.9""},{""type"":{""value"":212,""displayName"":""Length""},""value"":""11.5""}]",true,false,false,false,Pass,Successful,SecondHalf,2025-12-05 23:16:17.240787+00
2879386451,1903251,619,68,40,167,397821,59.1,64.2,58.5,58.5,,,,,"[{""type"":{""value"":212,""displayName"":""Length""},""value"":""3.9""},{""type"":{""value"":213,""displayName"":""Angle""},""value"":""4.55""},{""type"":{""value"":141,""displayName"":""PassEndY""},""value"":""58.5""},{""type"":{""value"":56,""displayName"":""Zone""},""value"":""Center""},{""type"":{""value"":140,""displayName"":""PassEndX""},""value"":""58.5""}]",true,false,false,false,Pass,Successful,SecondHalf,2025-12-05 23:16:17.240787+00
2879386473,1903251,620,68,42,167,331254,58.5,59.6,53.6,65.2,,,,,"[{""type"":{""value"":213,""displayName"":""Angle""},""value"":""2.50""},{""type"":{""value"":212,""displayName"":""Length""},""value"":""6.4""},{""type"":{""value"":141,""displayName"":""PassEndY""},""value"":""65.2""},{""type"":{""value"":140,""displayName"":""PassEndX""},""value"":""53.6""},{""type"":{""value"":56,""displayName"":""Zone""},""value"":""Center""}]",true,false,false,false,Pass,Successful,SecondHalf,2025-12-05 23:16:17.240787+00
2879386489,1903251,621,68,44,167,101374,53.5,63.7,53.6,53.1,,,,,"[{""type"":{""value"":212,""displayName"":""Length""},""value"":""7.2""},{""type"":{""value"":141,""displayName"":""PassEndY""},""value"":""53.1""},{""type"":{""value"":140,""displayName"":""PassEndX""},""value"":""53.6""},{""type"":{""value"":56,""displayName"":""Zone""},""value"":""Center""},{""type"":{""value"":213,""displayName"":""Angle""},""value"":""4.73""}]",true,false,false,false,Pass,Successful,SecondHalf,2025-12-05 23:16:17.240787+00
2879386501,1903251,622,68,46,167,331254,53.7,51.9,47.8,40.1,,,,,"[{""type"":{""value"":140,""displayName"":""PassEndX""},""value"":""47.8""},{""type"":{""value"":56,""displayName"":""Zone""},""value"":""Back""},{""type"":{""value"":212,""displayName"":""Length""},""value"":""10.1""},{""type"":{""value"":213,""displayName"":""Angle""},""value"":""4.05""},{""type"":{""value"":141,""displayName"":""PassEndY""},""value"":""40.1""}]",true,false,false,false,Pass,Successful,SecondHalf,2025-12-05 23:16:17.240787+00
2879386515,1903251,623,68,49,167,313171,48,40.1,54.7,49.3,,,,,"[{""type"":{""value"":212,""displayName"":""Length""},""value"":""9.4""},{""type"":{""value"":141,""displayName"":""PassEndY""},""value"":""49.3""},{""type"":{""value"":140,""displayName"":""PassEndX""},""value"":""54.7""},{""type"":{""value"":56,""displayName"":""Zone""},""value"":""Center""},{""type"":{""value"":213,""displayName"":""Angle""},""value"":""0.73""}]",true,false,false,false,Pass,Successful,SecondHalf,2025-12-05 23:16:17.240787+00
2879386541,1903251,624,68,51,167,101374,55.5,49.3,51.6,75.1,,,,,"[{""type"":{""value"":140,""displayName"":""PassEndX""},""value"":""51.6""},{""type"":{""value"":56,""displayName"":""Zone""},""value"":""Center""},{""type"":{""value"":213,""displayName"":""Angle""},""value"":""1.80""},{""type"":{""value"":212,""displayName"":""Length""},""value"":""18.0""},{""type"":{""value"":141,""displayName"":""PassEndY""},""value"":""75.1""}]",true,false,false,false,Pass,Successful,SecondHalf,2025-12-05 23:16:17.240787+00
2879386547,1903251,625,68,54,167,402664,52.2,76,61.5,92.1,,,,,"[{""type"":{""value"":56,""displayName"":""Zone""},""value"":""Left""},{""type"":{""value"":141,""displayName"":""PassEndY""},""value"":""92.1""},{""type"":{""value"":140,""displayName"":""PassEndX""},""value"":""61.5""},{""type"":{""value"":213,""displayName"":""Angle""},""value"":""0.84""},{""type"":{""value"":212,""displayName"":""Length""},""value"":""14.7""}]",true,false,false,false,Pass,Successful,SecondHalf,2025-12-05 23:16:17.240787+00
2879386575,1903251,626,68,56,167,468847,61.4,92.1,64,97.4,,,,,"[{""type"":{""value"":140,""displayName"":""PassEndX""},""value"":""64.0""},{""type"":{""value"":141,""displayName"":""PassEndY""},""value"":""97.4""},{""type"":{""value"":56,""displayName"":""Zone""},""value"":""Left""},{""type"":{""value"":213,""displayName"":""Angle""},""value"":""0.92""},{""type"":{""value"":212,""displayName"":""Length""},""value"":""4.5""}]",true,false,false,false,Pass,Successful,SecondHalf,2025-12-05 23:16:17.240787+00
2879386601,1903251,627,68,58,167,397821,61.3,90.9,56.8,66.4,,,,,"[{""type"":{""value"":213,""displayName"":""Angle""},""value"":""4.44""},{""type"":{""value"":212,""displayName"":""Length""},""value"":""17.3""},{""type"":{""value"":140,""displayName"":""PassEndX""},""value"":""56.8""},{""type"":{""value"":56,""displayName"":""Zone""},""value"":""Center""},{""type"":{""value"":141,""displayName"":""PassEndY""},""value"":""66.4""}]",true,false,false,false,Pass,Successful,SecondHalf,2025-12-05 23:16:17.240787+00
2879386645,1903251,628,69,1,167,136741,56.8,65.8,47,44.2,,,,,"[{""type"":{""value"":212,""displayName"":""Length""},""value"":""17.9""},{""type"":{""value"":213,""displayName"":""Angle""},""value"":""4.10""},{""type"":{""value"":141,""displayName"":""PassEndY""},""value"":""44.2""},{""type"":{""value"":56,""displayName"":""Zone""},""value"":""Back""},{""type"":{""value"":140,""displayName"":""PassEndX""},""value"":""47.0""}]",true,false,false,false,Pass,Successful,SecondHalf,2025-12-05 23:16:17.240787+00
2879386669,1903251,629,69,5,167,313171,51.6,43.4,55.8,51.3,,,,,"[{""type"":{""value"":213,""displayName"":""Angle""},""value"":""0.88""},{""type"":{""value"":212,""displayName"":""Length""},""value"":""7.0""},{""type"":{""value"":141,""displayName"":""PassEndY""},""value"":""51.3""},{""type"":{""value"":140,""displayName"":""PassEndX""},""value"":""55.8""},{""type"":{""value"":56,""displayName"":""Zone""},""value"":""Center""}]",true,false,false,false,Pass,Successful,SecondHalf,2025-12-05 23:16:17.240787+00
2879386707,1903251,630,69,8,167,136741,55.8,46.3,65.5,67.2,,,,,"[{""type"":{""value"":56,""displayName"":""Zone""},""value"":""Center""},{""type"":{""value"":141,""displayName"":""PassEndY""},""value"":""67.2""},{""type"":{""value"":140,""displayName"":""PassEndX""},""value"":""65.5""},{""type"":{""value"":213,""displayName"":""Angle""},""value"":""0.95""},{""type"":{""value"":212,""displayName"":""Length""},""value"":""17.5""}]",true,false,false,false,Pass,Successful,SecondHalf,2025-12-05 23:16:17.240787+00
2879386745,1903251,631,69,11,167,343382,70.5,69.3,80.2,85.6,,,,,"[{""type"":{""value"":212,""displayName"":""Length""},""value"":""15.1""},{""type"":{""value"":141,""displayName"":""PassEndY""},""value"":""85.6""},{""type"":{""value"":140,""displayName"":""PassEndX""},""value"":""80.2""},{""type"":{""value"":213,""displayName"":""Angle""},""value"":""0.83""},{""type"":{""value"":56,""displayName"":""Zone""},""value"":""Left""}]",true,false,false,false,Pass,Successful,SecondHalf,2025-12-05 23:16:17.240787+00
2879386777,1903251,632,69,15,167,397821,90,81.7,94.9,47,,,,,"[{""type"":{""value"":210,""displayName"":""ShotAssist""},""value"":""14""},{""type"":{""value"":154,""displayName"":""IntentionalAssist""}},{""type"":{""value"":56,""displayName"":""Zone""},""value"":""Center""},{""type"":{""value"":155,""displayName"":""Chipped""}},{""type"":{""value"":141,""displayName"":""PassEndY""},""value"":""47.0""},{""type"":{""value"":72,""displayName"":""LeftFoot""}},{""type"":{""value"":212,""displayName"":""Length""},""value"":""24.2""},{""type"":{""value"":213,""displayName"":""Angle""},""value"":""4.93""},{""type"":{""value"":140,""displayName"":""PassEndX""},""value"":""94.9""},{""type"":{""value"":2,""displayName"":""Cross""}},{""type"":{""value"":11113,""displayName"":""KeyPass""}}]",true,false,false,false,Pass,Successful,SecondHalf,2025-12-05 23:16:17.240787+00
2879386783,1903251,717,69,18,170,322611,5.1,53,,,,,,,"[{""type"":{""value"":285,""displayName"":""Defensive""}},{""type"":{""value"":56,""displayName"":""Zone""},""value"":""Back""},{""type"":{""value"":233,""displayName"":""OppositeRelatedEvent""},""value"":""633""}]",false,false,false,false,Aerial,Unsuccessful,SecondHalf,2025-12-05 23:16:17.240787+00
2879386785,1903251,633,69,18,167,315227,94.9,47,,,,,,,"[{""type"":{""value"":286,""displayName"":""Offensive""}},{""type"":{""value"":56,""displayName"":""Zone""},""value"":""Center""},{""type"":{""value"":233,""displayName"":""OppositeRelatedEvent""},""value"":""717""}]",false,false,false,false,Aerial,Successful,SecondHalf,2025-12-05 23:16:17.240787+00
2879386787,1903251,634,69,19,167,315227,94.9,47,,,,,29.7,44.9,"[{""type"":{""value"":102,""displayName"":""GoalMouthY""},""value"":""44.9""},{""type"":{""value"":56,""displayName"":""Zone""},""value"":""Center""},{""type"":{""value"":15,""displayName"":""Head""}},{""type"":{""value"":16,""displayName"":""SmallBoxCentre""}},{""type"":{""value"":154,""displayName"":""IntentionalAssist""}},{""type"":{""value"":29,""displayName"":""Assisted""}},{""type"":{""value"":75,""displayName"":""MissRight""}},{""type"":{""value"":55,""displayName"":""RelatedEventId""},""value"":""632""},{""type"":{""value"":103,""displayName"":""GoalMouthZ""},""value"":""29.7""},{""type"":{""value"":328,""displayName"":""FirstTouch""}},{""type"":{""value"":22,""displayName"":""RegularPlay""}}]",true,true,false,false,ShotOnPost,Successful,SecondHalf,2025-12-05 23:16:17.240787+00
2879386807,1903251,718,69,21,170,141169,4.1,29,,,,,,,[],false,false,false,false,BallRecovery,Successful,SecondHalf,2025-12-05 23:16:17.240787+00
2879386815,1903251,719,69,22,170,141169,4.1,29,13,34.8,,,,,"[{""type"":{""value"":212,""displayName"":""Length""},""value"":""10.1""},{""type"":{""value"":213,""displayName"":""Angle""},""value"":""0.40""},{""type"":{""value"":56,""displayName"":""Zone""},""value"":""Back""},{""type"":{""value"":141,""displayName"":""PassEndY""},""value"":""34.8""},{""type"":{""value"":140,""displayName"":""PassEndX""},""value"":""13.0""}]",true,false,false,false,Pass,Successful,SecondHalf,2025-12-05 23:16:17.240787+00
2879386829,1903251,720,69,23,170,321020,11.5,33.7,8.2,12.6,,,,,"[{""type"":{""value"":213,""displayName"":""Angle""},""value"":""4.48""},{""type"":{""value"":56,""displayName"":""Zone""},""value"":""Back""},{""type"":{""value"":140,""displayName"":""PassEndX""},""value"":""8.2""},{""type"":{""value"":141,""displayName"":""PassEndY""},""value"":""12.6""},{""type"":{""value"":212,""displayName"":""Length""},""value"":""14.8""}]",true,false,false,false,Pass,Successful,SecondHalf,2025-12-05 23:16:17.240787+00
2879386831,1903251,721,69,25,170,141169,10.4,13.4,13.4,31.5,,,,,"[{""type"":{""value"":141,""displayName"":""PassEndY""},""value"":""31.5""},{""type"":{""value"":140,""displayName"":""PassEndX""},""value"":""13.4""},{""type"":{""value"":212,""displayName"":""Length""},""value"":""12.7""},{""type"":{""value"":213,""displayName"":""Angle""},""value"":""1.32""},{""type"":{""value"":56,""displayName"":""Zone""},""value"":""Back""}]",true,false,false,false,Pass,Successful,SecondHalf,2025-12-05 23:16:17.240787+00
2879386837,1903251,722,69,26,170,321020,14.2,25.6,19.2,9.5,,,,,"[{""type"":{""value"":140,""displayName"":""PassEndX""},""value"":""19.2""},{""type"":{""value"":141,""displayName"":""PassEndY""},""value"":""9.5""},{""type"":{""value"":212,""displayName"":""Length""},""value"":""12.1""},{""type"":{""value"":213,""displayName"":""Angle""},""value"":""5.16""},{""type"":{""value"":56,""displayName"":""Zone""},""value"":""Back""}]",true,false,false,false,Pass,Successful,SecondHalf,2025-12-05 23:16:17.240787+00
2879386851,1903251,723,69,28,170,141169,19.8,8.6,23.9,24.2,,,,,"[{""type"":{""value"":56,""displayName"":""Zone""},""value"":""Back""},{""type"":{""value"":212,""displayName"":""Length""},""value"":""11.4""},{""type"":{""value"":213,""displayName"":""Angle""},""value"":""1.19""},{""type"":{""value"":140,""displayName"":""PassEndX""},""value"":""23.9""},{""type"":{""value"":141,""displayName"":""PassEndY""},""value"":""24.2""}]",true,false,false,false,Pass,Successful,SecondHalf,2025-12-05 23:16:17.240787+00
2879386861,1903251,724,69,31,170,136824,28.4,13.4,35.3,5.7,,,,,"[{""type"":{""value"":56,""displayName"":""Zone""},""value"":""Back""},{""type"":{""value"":213,""displayName"":""Angle""},""value"":""5.66""},{""type"":{""value"":212,""displayName"":""Length""},""value"":""8.9""},{""type"":{""value"":140,""displayName"":""PassEndX""},""value"":""35.3""},{""type"":{""value"":141,""displayName"":""PassEndY""},""value"":""5.7""}]",true,false,false,false,Pass,Successful,SecondHalf,2025-12-05 23:16:17.240787+00
2879386875,1903251,725,69,33,170,363686,35.9,11.1,35.4,66.3,,,,,"[{""type"":{""value"":141,""displayName"":""PassEndY""},""value"":""66.3""},{""type"":{""value"":140,""displayName"":""PassEndX""},""value"":""35.4""},{""type"":{""value"":212,""displayName"":""Length""},""value"":""37.5""},{""type"":{""value"":1,""displayName"":""Longball""}},{""type"":{""value"":155,""displayName"":""Chipped""}},{""type"":{""value"":56,""displayName"":""Zone""},""value"":""Back""},{""type"":{""value"":213,""displayName"":""Angle""},""value"":""1.58""}]",true,false,false,false,Pass,Unsuccessful,SecondHalf,2025-12-05 23:16:17.240787+00
2879386879,1903251,635,69,36,167,315227,64.6,33.7,,,,,,,"[{""type"":{""value"":15,""displayName"":""Head""}},{""type"":{""value"":56,""displayName"":""Zone""},""value"":""Center""}]",true,false,false,false,Interception,Successful,SecondHalf,2025-12-05 23:16:17.240787+00
2879386895,1903251,636,69,38,167,331254,66.4,41.5,,,,,,,[],false,false,false,false,BallRecovery,Successful,SecondHalf,2025-12-05 23:16:17.240787+00
2879386919,1903251,637,69,41,167,331254,71.2,39.1,100,89.7,,,,,"[{""type"":{""value"":141,""displayName"":""PassEndY""},""value"":""89.7""},{""type"":{""value"":140,""displayName"":""PassEndX""},""value"":""100.0""},{""type"":{""value"":155,""displayName"":""Chipped""}},{""type"":{""value"":56,""displayName"":""Zone""},""value"":""Left""},{""type"":{""value"":1,""displayName"":""Longball""}},{""type"":{""value"":212,""displayName"":""Length""},""value"":""46.6""},{""type"":{""value"":213,""displayName"":""Angle""},""value"":""0.83""}]",true,false,false,false,Pass,Unsuccessful,SecondHalf,2025-12-05 23:16:17.240787+00
2879387157,1903251,727,69,49,170,92173,3.8,43.2,7.5,41.3,,,,,"[{""type"":{""value"":213,""displayName"":""Angle""},""value"":""5.96""},{""type"":{""value"":140,""displayName"":""PassEndX""},""value"":""7.5""},{""type"":{""value"":155,""displayName"":""Chipped""}},{""type"":{""value"":56,""displayName"":""Zone""},""value"":""Back""},{""type"":{""value"":124,""displayName"":""GoalKick""}},{""type"":{""value"":141,""displayName"":""PassEndY""},""value"":""41.3""},{""type"":{""value"":212,""displayName"":""Length""},""value"":""4.1""},{""type"":{""value"":74,""displayName"":""MissHigh""}}]",true,false,false,false,Pass,Successful,SecondHalf,2025-12-05 23:16:17.240787+00
2879387203,1903251,640,70,18,167,394933,9.9,5.5,,,,,,,"[{""type"":{""value"":56,""displayName"":""Zone""},""value"":""Back""},{""type"":{""value"":233,""displayName"":""OppositeRelatedEvent""},""value"":""729""},{""type"":{""value"":285,""displayName"":""Defensive""}},{""type"":{""value"":178,""displayName"":""StandingSave""}}]",true,false,false,false,Tackle,Unsuccessful,SecondHalf,2025-12-05 23:16:17.240787+00
2879387227,1903251,728,70,14,170,322611,71,84.7,83.7,91,,,,,"[{""type"":{""value"":213,""displayName"":""Angle""},""value"":""0.31""},{""type"":{""value"":141,""displayName"":""PassEndY""},""value"":""91.0""},{""type"":{""value"":212,""displayName"":""Length""},""value"":""14.0""},{""type"":{""value"":56,""displayName"":""Zone""},""value"":""Left""},{""type"":{""value"":140,""displayName"":""PassEndX""},""value"":""83.7""}]",true,false,false,false,Pass,Successful,SecondHalf,2025-12-05 23:16:17.240787+00
2879387231,1903251,729,70,18,170,363665,90.1,94.5,,,,,,,"[{""type"":{""value"":56,""displayName"":""Zone""},""value"":""Left""},{""type"":{""value"":286,""displayName"":""Offensive""}},{""type"":{""value"":233,""displayName"":""OppositeRelatedEvent""},""value"":""640""}]",true,false,false,false,Dispossessed,Successful,SecondHalf,2025-12-05 23:16:17.240787+00
2879387233,1903251,730,70,22,170,363665,87.3,96.3,74,90.5,,,,,"[{""type"":{""value"":56,""displayName"":""Zone""},""value"":""Left""},{""type"":{""value"":141,""displayName"":""PassEndY""},""value"":""90.5""},{""type"":{""value"":140,""displayName"":""PassEndX""},""value"":""74.0""},{""type"":{""value"":213,""displayName"":""Angle""},""value"":""3.42""},{""type"":{""value"":212,""displayName"":""Length""},""value"":""14.5""}]",true,false,false,false,Pass,Successful,SecondHalf,2025-12-05 23:16:17.240787+00
2879387245,1903251,731,70,24,170,136824,74,88.7,100,35.4,,,,,"[{""type"":{""value"":20,""displayName"":""RightFoot""}},{""type"":{""value"":56,""displayName"":""Zone""},""value"":""Center""},{""type"":{""value"":140,""displayName"":""PassEndX""},""value"":""100.0""},{""type"":{""value"":1,""displayName"":""Longball""}},{""type"":{""value"":212,""displayName"":""Length""},""value"":""46.0""},{""type"":{""value"":141,""displayName"":""PassEndY""},""value"":""35.4""},{""type"":{""value"":2,""displayName"":""Cross""}},{""type"":{""value"":155,""displayName"":""Chipped""}},{""type"":{""value"":213,""displayName"":""Angle""},""value"":""5.37""}]",true,false,false,false,Pass,Unsuccessful,SecondHalf,2025-12-05 23:16:17.240787+00
2879387433,1903251,642,70,53,167,262515,4.2,50.6,12.7,91.2,,,,,"[{""type"":{""value"":141,""displayName"":""PassEndY""},""value"":""91.2""},{""type"":{""value"":56,""displayName"":""Zone""},""value"":""Back""},{""type"":{""value"":140,""displayName"":""PassEndX""},""value"":""12.7""},{""type"":{""value"":124,""displayName"":""GoalKick""}},{""type"":{""value"":213,""displayName"":""Angle""},""value"":""1.26""},{""type"":{""value"":212,""displayName"":""Length""},""value"":""29.0""}]",true,false,false,false,Pass,Successful,SecondHalf,2025-12-05 23:16:17.240787+00
2879387475,1903251,643,70,57,167,402664,24.6,96.3,34.8,97.5,,,,,"[{""type"":{""value"":212,""displayName"":""Length""},""value"":""10.7""},{""type"":{""value"":141,""displayName"":""PassEndY""},""value"":""97.5""},{""type"":{""value"":213,""displayName"":""Angle""},""value"":""0.08""},{""type"":{""value"":56,""displayName"":""Zone""},""value"":""Back""},{""type"":{""value"":140,""displayName"":""PassEndX""},""value"":""34.8""}]",true,false,false,false,Pass,Successful,SecondHalf,2025-12-05 23:16:17.240787+00
2879387477,1903251,644,71,1,167,397821,34.5,96.2,32.2,87.8,,,,,"[{""type"":{""value"":56,""displayName"":""Zone""},""value"":""Back""},{""type"":{""value"":140,""displayName"":""PassEndX""},""value"":""32.2""},{""type"":{""value"":141,""displayName"":""PassEndY""},""value"":""87.8""},{""type"":{""value"":212,""displayName"":""Length""},""value"":""6.2""},{""type"":{""value"":213,""displayName"":""Angle""},""value"":""4.31""}]",true,false,false,false,Pass,Successful,SecondHalf,2025-12-05 23:16:17.240787+00
2879387479,1903251,645,71,2,167,343382,32.1,87.7,,,,,,,"[{""type"":{""value"":56,""displayName"":""Zone""},""value"":""Back""}]",true,false,false,false,BallTouch,Unsuccessful,SecondHalf,2025-12-05 23:16:17.240787+00
2879387481,1903251,733,71,2,170,363686,61.3,15.3,66.1,10.8,,,,,"[{""type"":{""value"":213,""displayName"":""Angle""},""value"":""5.74""},{""type"":{""value"":212,""displayName"":""Length""},""value"":""5.9""},{""type"":{""value"":141,""displayName"":""PassEndY""},""value"":""10.8""},{""type"":{""value"":56,""displayName"":""Zone""},""value"":""Right""},{""type"":{""value"":140,""displayName"":""PassEndX""},""value"":""66.1""}]",true,false,false,false,Pass,Successful,SecondHalf,2025-12-05 23:16:17.240787+00
2879387485,1903251,734,71,4,170,108186,66.2,10.8,,,,,,,[],false,false,false,false,BallRecovery,Successful,SecondHalf,2025-12-05 23:16:17.240787+00
2879387489,1903251,735,71,4,170,108186,66.2,10.8,62.5,4.5,,,,,"[{""type"":{""value"":56,""displayName"":""Zone""},""value"":""Right""},{""type"":{""value"":140,""displayName"":""PassEndX""},""value"":""62.5""},{""type"":{""value"":213,""displayName"":""Angle""},""value"":""3.98""},{""type"":{""value"":141,""displayName"":""PassEndY""},""value"":""4.5""},{""type"":{""value"":212,""displayName"":""Length""},""value"":""5.8""}]",true,false,false,false,Pass,Successful,SecondHalf,2025-12-05 23:16:17.240787+00
2879387501,1903251,736,71,5,170,333044,62.5,4.5,59.6,14.4,,,,,"[{""type"":{""value"":141,""displayName"":""PassEndY""},""value"":""14.4""},{""type"":{""value"":140,""displayName"":""PassEndX""},""value"":""59.6""},{""type"":{""value"":56,""displayName"":""Zone""},""value"":""Right""},{""type"":{""value"":212,""displayName"":""Length""},""value"":""7.4""},{""type"":{""value"":213,""displayName"":""Angle""},""value"":""2.00""}]",true,false,false,false,Pass,Successful,SecondHalf,2025-12-05 23:16:17.240787+00
2879387511,1903251,737,71,7,170,363686,58.7,22.6,57.1,34,,,,,"[{""type"":{""value"":56,""displayName"":""Zone""},""value"":""Center""},{""type"":{""value"":213,""displayName"":""Angle""},""value"":""1.78""},{""type"":{""value"":212,""displayName"":""Length""},""value"":""7.9""},{""type"":{""value"":141,""displayName"":""PassEndY""},""value"":""34.0""},{""type"":{""value"":140,""displayName"":""PassEndX""},""value"":""57.1""}]",true,false,false,false,Pass,Successful,SecondHalf,2025-12-05 23:16:17.240787+00
2879387533,1903251,738,71,8,170,136824,57.6,37.3,60.8,61.8,,,,,"[{""type"":{""value"":213,""displayName"":""Angle""},""value"":""1.37""},{""type"":{""value"":56,""displayName"":""Zone""},""value"":""Center""},{""type"":{""value"":141,""displayName"":""PassEndY""},""value"":""61.8""},{""type"":{""value"":140,""displayName"":""PassEndX""},""value"":""60.8""},{""type"":{""value"":212,""displayName"":""Length""},""value"":""17.0""}]",true,false,false,false,Pass,Successful,SecondHalf,2025-12-05 23:16:17.240787+00
2879387545,1903251,739,71,12,170,322611,70.7,72.6,83.3,91.4,,,,,"[{""type"":{""value"":56,""displayName"":""Zone""},""value"":""Left""},{""type"":{""value"":213,""displayName"":""Angle""},""value"":""0.77""},{""type"":{""value"":140,""displayName"":""PassEndX""},""value"":""83.3""},{""type"":{""value"":212,""displayName"":""Length""},""value"":""18.4""},{""type"":{""value"":141,""displayName"":""PassEndY""},""value"":""91.4""}]",true,false,false,false,Pass,Successful,SecondHalf,2025-12-05 23:16:17.240787+00
2879387563,1903251,740,71,14,170,363665,84.9,93.4,81,86.5,,,,,"[{""type"":{""value"":141,""displayName"":""PassEndY""},""value"":""86.5""},{""type"":{""value"":140,""displayName"":""PassEndX""},""value"":""81.0""},{""type"":{""value"":213,""displayName"":""Angle""},""value"":""3.99""},{""type"":{""value"":212,""displayName"":""Length""},""value"":""6.2""},{""type"":{""value"":56,""displayName"":""Zone""},""value"":""Left""}]",true,false,false,false,Pass,Successful,SecondHalf,2025-12-05 23:16:17.240787+00
2879387581,1903251,741,71,17,170,322611,80.8,92.2,71,80,,,,,"[{""type"":{""value"":213,""displayName"":""Angle""},""value"":""3.82""},{""type"":{""value"":56,""displayName"":""Zone""},""value"":""Left""},{""type"":{""value"":141,""displayName"":""PassEndY""},""value"":""80.0""},{""type"":{""value"":140,""displayName"":""PassEndX""},""value"":""71.0""},{""type"":{""value"":212,""displayName"":""Length""},""value"":""13.2""}]",true,false,false,false,Pass,Successful,SecondHalf,2025-12-05 23:16:17.240787+00
2879387611,1903251,742,71,19,170,136824,70.3,83.3,78.7,96,,,,,"[{""type"":{""value"":212,""displayName"":""Length""},""value"":""12.3""},{""type"":{""value"":213,""displayName"":""Angle""},""value"":""0.77""},{""type"":{""value"":141,""displayName"":""PassEndY""},""value"":""96.0""},{""type"":{""value"":56,""displayName"":""Zone""},""value"":""Left""},{""type"":{""value"":140,""displayName"":""PassEndX""},""value"":""78.7""}]",true,false,false,false,Pass,Successful,SecondHalf,2025-12-05 23:16:17.240787+00
2879387623,1903251,743,71,26,170,363665,70.8,65.4,60.6,37.2,,,,,"[{""type"":{""value"":140,""displayName"":""PassEndX""},""value"":""60.6""},{""type"":{""value"":56,""displayName"":""Zone""},""value"":""Center""},{""type"":{""value"":213,""displayName"":""Angle""},""value"":""4.20""},{""type"":{""value"":212,""displayName"":""Length""},""value"":""22.0""},{""type"":{""value"":141,""displayName"":""PassEndY""},""value"":""37.2""}]",true,false,false,false,Pass,Successful,SecondHalf,2025-12-05 23:16:17.240787+00
2879387645,1903251,744,71,28,170,231135,60.3,31.3,75,6.3,,,,,"[{""type"":{""value"":141,""displayName"":""PassEndY""},""value"":""6.3""},{""type"":{""value"":140,""displayName"":""PassEndX""},""value"":""75.0""},{""type"":{""value"":56,""displayName"":""Zone""},""value"":""Right""},{""type"":{""value"":213,""displayName"":""Angle""},""value"":""5.45""},{""type"":{""value"":212,""displayName"":""Length""},""value"":""23.0""}]",true,false,false,false,Pass,Successful,SecondHalf,2025-12-05 23:16:17.240787+00
2879387665,1903251,745,71,32,170,141169,76,8.2,70.5,25.7,,,,,"[{""type"":{""value"":141,""displayName"":""PassEndY""},""value"":""25.7""},{""type"":{""value"":140,""displayName"":""PassEndX""},""value"":""70.5""},{""type"":{""value"":213,""displayName"":""Angle""},""value"":""2.02""},{""type"":{""value"":212,""displayName"":""Length""},""value"":""13.2""},{""type"":{""value"":56,""displayName"":""Zone""},""value"":""Center""}]",true,false,false,false,Pass,Successful,SecondHalf,2025-12-05 23:16:17.240787+00
2879387677,1903251,746,71,38,170,321020,72.8,19,83.1,7.8,,,,,"[{""type"":{""value"":213,""displayName"":""Angle""},""value"":""5.67""},{""type"":{""value"":212,""displayName"":""Length""},""value"":""13.2""},{""type"":{""value"":141,""displayName"":""PassEndY""},""value"":""7.8""},{""type"":{""value"":56,""displayName"":""Zone""},""value"":""Right""},{""type"":{""value"":140,""displayName"":""PassEndX""},""value"":""83.1""}]",true,false,false,false,Pass,Successful,SecondHalf,2025-12-05 23:16:17.240787+00
2879387687,1903251,747,71,40,170,363686,82.9,8.1,91.9,17.9,,,,,"[{""type"":{""value"":212,""displayName"":""Length""},""value"":""11.6""},{""type"":{""value"":140,""displayName"":""PassEndX""},""value"":""91.9""},{""type"":{""value"":141,""displayName"":""PassEndY""},""value"":""17.9""},{""type"":{""value"":56,""displayName"":""Zone""},""value"":""Right""},{""type"":{""value"":213,""displayName"":""Angle""},""value"":""0.61""}]",true,false,false,false,Pass,Successful,SecondHalf,2025-12-05 23:16:17.240787+00
2879387689,1903251,748,71,41,170,141169,93.3,18.8,89.1,45.6,,,,,"[{""type"":{""value"":2,""displayName"":""Cross""}},{""type"":{""value"":140,""displayName"":""PassEndX""},""value"":""89.1""},{""type"":{""value"":56,""displayName"":""Zone""},""value"":""Center""},{""type"":{""value"":141,""displayName"":""PassEndY""},""value"":""45.6""},{""type"":{""value"":20,""displayName"":""RightFoot""}},{""type"":{""value"":212,""displayName"":""Length""},""value"":""18.7""},{""type"":{""value"":213,""displayName"":""Angle""},""value"":""1.81""}]",true,false,false,false,Pass,Unsuccessful,SecondHalf,2025-12-05 23:16:17.240787+00
2879387691,1903251,646,71,42,167,136741,10.9,54.4,,,,,,,"[{""type"":{""value"":56,""displayName"":""Zone""},""value"":""Back""}]",true,false,false,false,Interception,Successful,SecondHalf,2025-12-05 23:16:17.240787+00
2879387705,1903251,749,71,44,170,363665,86,42.5,,,,,8.9,53.6,"[{""type"":{""value"":76,""displayName"":""LowLeft""}},{""type"":{""value"":103,""displayName"":""GoalMouthZ""},""value"":""8.9""},{""type"":{""value"":102,""displayName"":""GoalMouthY""},""value"":""53.6""},{""type"":{""value"":72,""displayName"":""LeftFoot""}},{""type"":{""value"":22,""displayName"":""RegularPlay""}},{""type"":{""value"":56,""displayName"":""Zone""},""value"":""Center""},{""type"":{""value"":328,""displayName"":""FirstTouch""}},{""type"":{""value"":17,""displayName"":""BoxCentre""}}]",true,true,true,false,Goal,Successful,SecondHalf,2025-12-05 23:16:17.240787+00
2879389281,1903251,649,75,43,167,343382,49.9,50,28.6,47.8,,,,,"[{""type"":{""value"":213,""displayName"":""Angle""},""value"":""3.21""},{""type"":{""value"":56,""displayName"":""Zone""},""value"":""Back""},{""type"":{""value"":212,""displayName"":""Length""},""value"":""22.4""},{""type"":{""value"":141,""displayName"":""PassEndY""},""value"":""47.8""},{""type"":{""value"":140,""displayName"":""PassEndX""},""value"":""28.6""}]",true,false,false,false,Pass,Successful,SecondHalf,2025-12-05 23:16:17.240787+00
2879389317,1903251,650,75,44,167,262515,28.6,47.8,66.4,23.9,,,,,"[{""type"":{""value"":212,""displayName"":""Length""},""value"":""42.9""},{""type"":{""value"":213,""displayName"":""Angle""},""value"":""5.89""},{""type"":{""value"":141,""displayName"":""PassEndY""},""value"":""23.9""},{""type"":{""value"":56,""displayName"":""Zone""},""value"":""Center""},{""type"":{""value"":140,""displayName"":""PassEndX""},""value"":""66.4""},{""type"":{""value"":1,""displayName"":""Longball""}}]",true,false,false,false,Pass,Unsuccessful,SecondHalf,2025-12-05 23:16:17.240787+00
2879389341,1903251,750,75,48,170,396976,34.3,82.3,60.9,84.7,,,,,"[{""type"":{""value"":213,""displayName"":""Angle""},""value"":""0.06""},{""type"":{""value"":3,""displayName"":""HeadPass""}},{""type"":{""value"":212,""displayName"":""Length""},""value"":""28.0""},{""type"":{""value"":56,""displayName"":""Zone""},""value"":""Left""},{""type"":{""value"":140,""displayName"":""PassEndX""},""value"":""60.9""},{""type"":{""value"":141,""displayName"":""PassEndY""},""value"":""84.7""}]",true,false,false,false,Pass,Unsuccessful,SecondHalf,2025-12-05 23:16:17.240787+00
2879389399,1903251,651,75,56,167,313171,29.6,17.1,44.2,14.6,,,,,"[{""type"":{""value"":212,""displayName"":""Length""},""value"":""15.4""},{""type"":{""value"":141,""displayName"":""PassEndY""},""value"":""14.6""},{""type"":{""value"":213,""displayName"":""Angle""},""value"":""6.17""},{""type"":{""value"":56,""displayName"":""Zone""},""value"":""Back""},{""type"":{""value"":1,""displayName"":""Longball""}},{""type"":{""value"":140,""displayName"":""PassEndX""},""value"":""44.2""}]",true,false,false,false,Pass,Unsuccessful,SecondHalf,2025-12-05 23:16:17.240787+00
2879389437,1903251,751,73,0,170,108186,0,0,,,,,,,"[{""type"":{""value"":55,""displayName"":""RelatedEventId""},""value"":""752""},{""type"":{""value"":59,""displayName"":""JerseyNumber""},""value"":""7""},{""type"":{""value"":44,""displayName"":""PlayerPosition""},""value"":""Forward""}]",false,false,false,false,SubstitutionOff,Successful,SecondHalf,2025-12-05 23:16:17.240787+00
2879389443,1903251,752,73,0,170,547830,0,0,,,,,,,"[{""type"":{""value"":44,""displayName"":""PlayerPosition""},""value"":""Forward""},{""type"":{""value"":55,""displayName"":""RelatedEventId""},""value"":""751""},{""type"":{""value"":59,""displayName"":""JerseyNumber""},""value"":""18""},{""type"":{""value"":145,""displayName"":""FormationSlot""},""value"":""9""}]",false,false,false,false,SubstitutionOn,Successful,SecondHalf,2025-12-05 23:16:17.240787+00
2879389491,1903251,753,73,1,170,363686,0,0,,,,,,,"[{""type"":{""value"":55,""displayName"":""RelatedEventId""},""value"":""754""},{""type"":{""value"":44,""displayName"":""PlayerPosition""},""value"":""Midfielder""},{""type"":{""value"":59,""displayName"":""JerseyNumber""},""value"":""32""}]",false,false,false,false,SubstitutionOff,Successful,SecondHalf,2025-12-05 23:16:17.240787+00
2879389493,1903251,754,73,1,170,515865,0,0,,,,,,,"[{""type"":{""value"":59,""displayName"":""JerseyNumber""},""value"":""24""},{""type"":{""value"":145,""displayName"":""FormationSlot""},""value"":""10""},{""type"":{""value"":44,""displayName"":""PlayerPosition""},""value"":""Midfielder""},{""type"":{""value"":55,""displayName"":""RelatedEventId""},""value"":""753""}]",false,false,false,false,SubstitutionOn,Successful,SecondHalf,2025-12-05 23:16:17.240787+00
2879389553,1903251,653,76,12,167,394933,40.5,0,57.1,18.6,,,,,"[{""type"":{""value"":141,""displayName"":""PassEndY""},""value"":""18.6""},{""type"":{""value"":140,""displayName"":""PassEndX""},""value"":""57.1""},{""type"":{""value"":213,""displayName"":""Angle""},""value"":""0.66""},{""type"":{""value"":56,""displayName"":""Zone""},""value"":""Right""},{""type"":{""value"":212,""displayName"":""Length""},""value"":""22.1""},{""type"":{""value"":1,""displayName"":""Longball""}},{""type"":{""value"":107,""displayName"":""ThrowIn""}}]",true,false,false,false,Pass,Successful,SecondHalf,2025-12-05 23:16:17.240787+00
2879389557,1903251,654,76,14,167,331254,57,18.6,62,31.6,,,,,"[{""type"":{""value"":56,""displayName"":""Zone""},""value"":""Center""},{""type"":{""value"":3,""displayName"":""HeadPass""}},{""type"":{""value"":141,""displayName"":""PassEndY""},""value"":""31.6""},{""type"":{""value"":140,""displayName"":""PassEndX""},""value"":""62.0""},{""type"":{""value"":212,""displayName"":""Length""},""value"":""10.3""},{""type"":{""value"":213,""displayName"":""Angle""},""value"":""1.03""}]",true,false,false,false,Pass,Unsuccessful,SecondHalf,2025-12-05 23:16:17.240787+00
2879389581,1903251,755,76,16,170,231135,36.1,69.3,44,88.3,,,,,"[{""type"":{""value"":155,""displayName"":""Chipped""}},{""type"":{""value"":212,""displayName"":""Length""},""value"":""15.4""},{""type"":{""value"":213,""displayName"":""Angle""},""value"":""1.00""},{""type"":{""value"":56,""displayName"":""Zone""},""value"":""Back""},{""type"":{""value"":140,""displayName"":""PassEndX""},""value"":""44.0""},{""type"":{""value"":141,""displayName"":""PassEndY""},""value"":""88.3""}]",true,false,false,false,Pass,Successful,SecondHalf,2025-12-05 23:16:17.240787+00
2879389583,1903251,756,76,17,170,363665,43.8,91.3,,,,,,,[],false,false,false,false,BallRecovery,Successful,SecondHalf,2025-12-05 23:16:17.240787+00
2879389619,1903251,757,76,18,170,363665,44.8,90.5,75.6,68.4,,,,,"[{""type"":{""value"":141,""displayName"":""PassEndY""},""value"":""68.4""},{""type"":{""value"":140,""displayName"":""PassEndX""},""value"":""75.6""},{""type"":{""value"":1,""displayName"":""Longball""}},{""type"":{""value"":56,""displayName"":""Zone""},""value"":""Center""},{""type"":{""value"":212,""displayName"":""Length""},""value"":""35.7""},{""type"":{""value"":155,""displayName"":""Chipped""}},{""type"":{""value"":213,""displayName"":""Angle""},""value"":""5.85""}]",true,false,false,false,Pass,Unsuccessful,SecondHalf,2025-12-05 23:16:17.240787+00
2879389627,1903251,655,76,21,167,402664,18,35.4,27.2,6.8,,,,,"[{""type"":{""value"":213,""displayName"":""Angle""},""value"":""5.17""},{""type"":{""value"":212,""displayName"":""Length""},""value"":""21.7""},{""type"":{""value"":141,""displayName"":""PassEndY""},""value"":""6.8""},{""type"":{""value"":56,""displayName"":""Zone""},""value"":""Back""},{""type"":{""value"":140,""displayName"":""PassEndX""},""value"":""27.2""},{""type"":{""value"":15,""displayName"":""Head""}}]",true,false,false,false,Clearance,Successful,SecondHalf,2025-12-05 23:16:17.240787+00
2879389635,1903251,656,76,24,167,136741,27.8,3.1,,,,,,,[],false,false,false,false,BallRecovery,Successful,SecondHalf,2025-12-05 23:16:17.240787+00
2879389695,1903251,657,76,24,167,136741,27.8,3.1,61.7,51,,,,,"[{""type"":{""value"":141,""displayName"":""PassEndY""},""value"":""51.0""},{""type"":{""value"":140,""displayName"":""PassEndX""},""value"":""61.7""},{""type"":{""value"":1,""displayName"":""Longball""}},{""type"":{""value"":213,""displayName"":""Angle""},""value"":""0.74""},{""type"":{""value"":212,""displayName"":""Length""},""value"":""48.2""},{""type"":{""value"":56,""displayName"":""Zone""},""value"":""Center""},{""type"":{""value"":155,""displayName"":""Chipped""}}]",true,false,false,false,Pass,Unsuccessful,SecondHalf,2025-12-05 23:16:17.240787+00
2879389713,1903251,758,76,30,170,231135,38,42.9,,,,,,,[],false,false,false,false,BallRecovery,Successful,SecondHalf,2025-12-05 23:16:17.240787+00
2879389749,1903251,759,76,31,170,231135,38,42.9,45.6,48.8,,,,,"[{""type"":{""value"":56,""displayName"":""Zone""},""value"":""Back""},{""type"":{""value"":213,""displayName"":""Angle""},""value"":""0.47""},{""type"":{""value"":212,""displayName"":""Length""},""value"":""8.9""},{""type"":{""value"":140,""displayName"":""PassEndX""},""value"":""45.6""},{""type"":{""value"":141,""displayName"":""PassEndY""},""value"":""48.8""}]",true,false,false,false,Pass,Successful,SecondHalf,2025-12-05 23:16:17.240787+00
2879389759,1903251,760,76,33,170,321020,46,55,51.2,76.7,,,,,"[{""type"":{""value"":140,""displayName"":""PassEndX""},""value"":""51.2""},{""type"":{""value"":213,""displayName"":""Angle""},""value"":""1.22""},{""type"":{""value"":141,""displayName"":""PassEndY""},""value"":""76.7""},{""type"":{""value"":212,""displayName"":""Length""},""value"":""15.7""},{""type"":{""value"":56,""displayName"":""Zone""},""value"":""Center""}]",true,false,false,false,Pass,Successful,SecondHalf,2025-12-05 23:16:17.240787+00
2879389777,1903251,761,76,36,170,136824,53.3,78.5,62.4,95.8,,,,,"[{""type"":{""value"":140,""displayName"":""PassEndX""},""value"":""62.4""},{""type"":{""value"":141,""displayName"":""PassEndY""},""value"":""95.8""},{""type"":{""value"":56,""displayName"":""Zone""},""value"":""Left""},{""type"":{""value"":213,""displayName"":""Angle""},""value"":""0.89""},{""type"":{""value"":212,""displayName"":""Length""},""value"":""15.2""}]",true,false,false,false,Pass,Successful,SecondHalf,2025-12-05 23:16:17.240787+00
2879389807,1903251,762,76,38,170,363665,63.1,93,73.8,80,,,,,"[{""type"":{""value"":213,""displayName"":""Angle""},""value"":""5.62""},{""type"":{""value"":56,""displayName"":""Zone""},""value"":""Left""},{""type"":{""value"":140,""displayName"":""PassEndX""},""value"":""73.8""},{""type"":{""value"":212,""displayName"":""Length""},""value"":""14.3""},{""type"":{""value"":141,""displayName"":""PassEndY""},""value"":""80.0""}]",true,false,false,false,Pass,Successful,SecondHalf,2025-12-05 23:16:17.240787+00
2879389821,1903251,763,76,39,170,322611,73.8,80,74.4,66.3,,,,,"[{""type"":{""value"":212,""displayName"":""Length""},""value"":""9.3""},{""type"":{""value"":141,""displayName"":""PassEndY""},""value"":""66.3""},{""type"":{""value"":213,""displayName"":""Angle""},""value"":""4.78""},{""type"":{""value"":140,""displayName"":""PassEndX""},""value"":""74.4""},{""type"":{""value"":56,""displayName"":""Zone""},""value"":""Center""}]",true,false,false,false,Pass,Unsuccessful,SecondHalf,2025-12-05 23:16:17.240787+00
2879389891,1903251,658,76,41,167,402664,23,34.3,47.5,58.5,,,,,"[{""type"":{""value"":212,""displayName"":""Length""},""value"":""30.5""},{""type"":{""value"":56,""displayName"":""Zone""},""value"":""Back""},{""type"":{""value"":213,""displayName"":""Angle""},""value"":""0.57""},{""type"":{""value"":140,""displayName"":""PassEndX""},""value"":""47.5""},{""type"":{""value"":141,""displayName"":""PassEndY""},""value"":""58.5""}]",true,false,false,false,Clearance,Successful,SecondHalf,2025-12-05 23:16:17.240787+00
2879389925,1903251,764,76,44,170,231135,52.9,43.8,71,3.6,,,,,"[{""type"":{""value"":212,""displayName"":""Length""},""value"":""33.3""},{""type"":{""value"":213,""displayName"":""Angle""},""value"":""5.32""},{""type"":{""value"":1,""displayName"":""Longball""}},{""type"":{""value"":56,""displayName"":""Zone""},""value"":""Right""},{""type"":{""value"":140,""displayName"":""PassEndX""},""value"":""71.0""},{""type"":{""value"":141,""displayName"":""PassEndY""},""value"":""3.6""}]",true,false,false,false,Pass,Successful,SecondHalf,2025-12-05 23:16:17.240787+00
2879389977,1903251,765,76,48,170,333044,72.1,5.7,65.6,30.3,,,,,"[{""type"":{""value"":141,""displayName"":""PassEndY""},""value"":""30.3""},{""type"":{""value"":213,""displayName"":""Angle""},""value"":""1.96""},{""type"":{""value"":140,""displayName"":""PassEndX""},""value"":""65.6""},{""type"":{""value"":56,""displayName"":""Zone""},""value"":""Center""},{""type"":{""value"":212,""displayName"":""Length""},""value"":""18.1""}]",true,false,false,false,Pass,Successful,SecondHalf,2025-12-05 23:16:17.240787+00
2879390013,1903251,766,76,51,170,321020,70.2,23.2,84.4,3,,,,,"[{""type"":{""value"":56,""displayName"":""Zone""},""value"":""Right""},{""type"":{""value"":213,""displayName"":""Angle""},""value"":""5.54""},{""type"":{""value"":212,""displayName"":""Length""},""value"":""20.3""},{""type"":{""value"":140,""displayName"":""PassEndX""},""value"":""84.4""},{""type"":{""value"":141,""displayName"":""PassEndY""},""value"":""3.0""}]",true,false,false,false,Pass,Successful,SecondHalf,2025-12-05 23:16:17.240787+00
2879390019,1903251,767,76,55,170,141169,84.4,3,,,,,,,"[{""type"":{""value"":56,""displayName"":""Zone""},""value"":""Right""}]",true,false,false,false,BallTouch,Unsuccessful,SecondHalf,2025-12-05 23:16:17.240787+00
2879390023,1903251,659,76,55,167,397821,13,92.3,,,,,,,[],false,false,false,false,BallRecovery,Successful,SecondHalf,2025-12-05 23:16:17.240787+00
2879390069,1903251,769,76,59,170,141169,91.8,4,,,,,,,"[{""type"":{""value"":285,""displayName"":""Defensive""}},{""type"":{""value"":56,""displayName"":""Zone""},""value"":""Right""},{""type"":{""value"":233,""displayName"":""OppositeRelatedEvent""},""value"":""660""}]",true,false,false,false,BlockedPass,Successful,SecondHalf,2025-12-05 23:16:17.240787+00
2879390073,1903251,660,76,59,167,397821,6.8,95.9,8.2,96,,,,,"[{""type"":{""value"":140,""displayName"":""PassEndX""},""value"":""8.2""},{""type"":{""value"":233,""displayName"":""OppositeRelatedEvent""},""value"":""769""},{""type"":{""value"":56,""displayName"":""Zone""},""value"":""Back""},{""type"":{""value"":141,""displayName"":""PassEndY""},""value"":""96.0""},{""type"":{""value"":212,""displayName"":""Length""},""value"":""1.5""},{""type"":{""value"":286,""displayName"":""Offensive""}},{""type"":{""value"":213,""displayName"":""Angle""},""value"":""0.05""},{""type"":{""value"":1,""displayName"":""Longball""}}]",true,false,false,false,Pass,Unsuccessful,SecondHalf,2025-12-05 23:16:17.240787+00
2879390081,1903251,661,77,0,167,397821,6.8,95.9,,,,,,,"[{""type"":{""value"":56,""displayName"":""Zone""},""value"":""Back""}]",true,false,false,false,BallTouch,Successful,SecondHalf,2025-12-05 23:16:17.240787+00
2879390083,1903251,770,77,0,170,141169,91.6,3.8,,,,,,,"[{""type"":{""value"":233,""displayName"":""OppositeRelatedEvent""},""value"":""662""},{""type"":{""value"":56,""displayName"":""Zone""},""value"":""Right""},{""type"":{""value"":75,""displayName"":""MissRight""}}]",false,false,false,false,CornerAwarded,Successful,SecondHalf,2025-12-05 23:16:17.240787+00
2879390085,1903251,662,77,0,167,397821,8.4,96.2,,,,,,,"[{""type"":{""value"":56,""displayName"":""Zone""},""value"":""Back""},{""type"":{""value"":73,""displayName"":""MissLeft""}},{""type"":{""value"":233,""displayName"":""OppositeRelatedEvent""},""value"":""770""}]",false,false,false,false,CornerAwarded,Unsuccessful,SecondHalf,2025-12-05 23:16:17.240787+00
2879390377,1903251,771,77,27,170,333044,99.5,0.5,96.2,51.8,,,,,"[{""type"":{""value"":6,""displayName"":""CornerTaken""}},{""type"":{""value"":2,""displayName"":""Cross""}},{""type"":{""value"":155,""displayName"":""Chipped""}},{""type"":{""value"":140,""displayName"":""PassEndX""},""value"":""96.2""},{""type"":{""value"":1,""displayName"":""Longball""}},{""type"":{""value"":233,""displayName"":""OppositeRelatedEvent""},""value"":""664""},{""type"":{""value"":141,""displayName"":""PassEndY""},""value"":""51.8""},{""type"":{""value"":213,""displayName"":""Angle""},""value"":""1.67""},{""type"":{""value"":212,""displayName"":""Length""},""value"":""35.1""},{""type"":{""value"":72,""displayName"":""LeftFoot""}},{""type"":{""value"":56,""displayName"":""Zone""},""value"":""Center""}]",true,false,false,false,Pass,Unsuccessful,SecondHalf,2025-12-05 23:16:17.240787+00
2879390381,1903251,772,77,28,170,396976,96.2,51.8,,,,,,,"[{""type"":{""value"":56,""displayName"":""Zone""},""value"":""Center""},{""type"":{""value"":286,""displayName"":""Offensive""}},{""type"":{""value"":233,""displayName"":""OppositeRelatedEvent""},""value"":""663""}]",false,false,false,false,Aerial,Unsuccessful,SecondHalf,2025-12-05 23:16:17.240787+00
2879390409,1903251,663,77,28,167,262515,3.8,48.2,,,,,,,"[{""type"":{""value"":285,""displayName"":""Defensive""}},{""type"":{""value"":56,""displayName"":""Zone""},""value"":""Back""},{""type"":{""value"":233,""displayName"":""OppositeRelatedEvent""},""value"":""772""}]",false,false,false,false,Aerial,Successful,SecondHalf,2025-12-05 23:16:17.240787+00
2879390427,1903251,773,77,30,170,363665,86,62.7,,,,,12.7,47,"[{""type"":{""value"":17,""displayName"":""BoxCentre""}},{""type"":{""value"":25,""displayName"":""FromCorner""}},{""type"":{""value"":103,""displayName"":""GoalMouthZ""},""value"":""12.7""},{""type"":{""value"":102,""displayName"":""GoalMouthY""},""value"":""47.0""},{""type"":{""value"":328,""displayName"":""FirstTouch""}},{""type"":{""value"":72,""displayName"":""LeftFoot""}},{""type"":{""value"":56,""displayName"":""Zone""},""value"":""Center""},{""type"":{""value"":80,""displayName"":""LowRight""}}]",true,true,true,false,Goal,Successful,SecondHalf,2025-12-05 23:16:17.240787+00
2879390455,1903251,664,77,28,167,262515,3.8,48.2,14.5,45.2,,,,,"[{""type"":{""value"":233,""displayName"":""OppositeRelatedEvent""},""value"":""771""},{""type"":{""value"":140,""displayName"":""PassEndX""},""value"":""14.5""},{""type"":{""value"":212,""displayName"":""Length""},""value"":""11.4""},{""type"":{""value"":141,""displayName"":""PassEndY""},""value"":""45.2""},{""type"":{""value"":213,""displayName"":""Angle""},""value"":""6.10""}]",true,false,false,false,Punch,Unsuccessful,SecondHalf,2025-12-05 23:16:17.240787+00
2879391145,1903251,665,78,22,167,343382,49.8,50,24.6,52.8,,,,,"[{""type"":{""value"":212,""displayName"":""Length""},""value"":""26.5""},{""type"":{""value"":140,""displayName"":""PassEndX""},""value"":""24.6""},{""type"":{""value"":141,""displayName"":""PassEndY""},""value"":""52.8""},{""type"":{""value"":56,""displayName"":""Zone""},""value"":""Back""},{""type"":{""value"":213,""displayName"":""Angle""},""value"":""3.07""}]",true,false,false,false,Pass,Successful,SecondHalf,2025-12-05 23:16:17.240787+00
2879391157,1903251,666,78,26,167,262515,24.6,53.4,74.6,92,,,,,"[{""type"":{""value"":212,""displayName"":""Length""},""value"":""58.7""},{""type"":{""value"":1,""displayName"":""Longball""}},{""type"":{""value"":141,""displayName"":""PassEndY""},""value"":""92.0""},{""type"":{""value"":140,""displayName"":""PassEndX""},""value"":""74.6""},{""type"":{""value"":213,""displayName"":""Angle""},""value"":""0.46""},{""type"":{""value"":56,""displayName"":""Zone""},""value"":""Left""}]",true,false,false,false,Pass,Successful,SecondHalf,2025-12-05 23:16:17.240787+00
2879391175,1903251,668,78,41,167,136741,59.9,94.7,65.2,97.1,,,,,"[{""type"":{""value"":56,""displayName"":""Zone""},""value"":""Left""},{""type"":{""value"":140,""displayName"":""PassEndX""},""value"":""65.2""},{""type"":{""value"":141,""displayName"":""PassEndY""},""value"":""97.1""},{""type"":{""value"":213,""displayName"":""Angle""},""value"":""0.29""},{""type"":{""value"":212,""displayName"":""Length""},""value"":""5.8""}]",true,false,false,false,Pass,Successful,SecondHalf,2025-12-05 23:16:17.240787+00
2879391179,1903251,669,78,41,167,468847,65.2,97.2,66.4,97.2,,,,,"[{""type"":{""value"":141,""displayName"":""PassEndY""},""value"":""97.2""},{""type"":{""value"":212,""displayName"":""Length""},""value"":""1.3""},{""type"":{""value"":233,""displayName"":""OppositeRelatedEvent""},""value"":""774""},{""type"":{""value"":140,""displayName"":""PassEndX""},""value"":""66.4""},{""type"":{""value"":56,""displayName"":""Zone""},""value"":""Left""},{""type"":{""value"":213,""displayName"":""Angle""},""value"":""0.00""},{""type"":{""value"":286,""displayName"":""Offensive""}}]",true,false,false,false,Pass,Unsuccessful,SecondHalf,2025-12-05 23:16:17.240787+00
2879391215,1903251,774,78,41,170,333044,33.6,2.8,,,,,,,"[{""type"":{""value"":233,""displayName"":""OppositeRelatedEvent""},""value"":""669""},{""type"":{""value"":285,""displayName"":""Defensive""}},{""type"":{""value"":56,""displayName"":""Zone""},""value"":""Back""}]",true,false,false,false,BlockedPass,Successful,SecondHalf,2025-12-05 23:16:17.240787+00
2879391371,1903251,671,79,2,167,468847,69.7,100,81.9,96.2,,,,,"[{""type"":{""value"":56,""displayName"":""Zone""},""value"":""Left""},{""type"":{""value"":140,""displayName"":""PassEndX""},""value"":""81.9""},{""type"":{""value"":141,""displayName"":""PassEndY""},""value"":""96.2""},{""type"":{""value"":213,""displayName"":""Angle""},""value"":""5.98""},{""type"":{""value"":212,""displayName"":""Length""},""value"":""13.4""},{""type"":{""value"":107,""displayName"":""ThrowIn""}}]",true,false,false,false,Pass,Unsuccessful,SecondHalf,2025-12-05 23:16:17.240787+00
2879391375,1903251,776,79,3,170,141169,18.1,3.8,,,,,,,"[{""type"":{""value"":56,""displayName"":""Zone""},""value"":""Back""}]",true,false,false,false,Interception,Successful,SecondHalf,2025-12-05 23:16:17.240787+00
2879391389,1903251,777,79,4,170,333044,19.2,4.5,32.3,0,,,,,"[{""type"":{""value"":140,""displayName"":""PassEndX""},""value"":""32.3""},{""type"":{""value"":212,""displayName"":""Length""},""value"":""14.3""},{""type"":{""value"":141,""displayName"":""PassEndY""},""value"":""0.0""},{""type"":{""value"":213,""displayName"":""Angle""},""value"":""6.01""},{""type"":{""value"":56,""displayName"":""Zone""},""value"":""Back""}]",true,false,false,false,Clearance,Successful,SecondHalf,2025-12-05 23:16:17.240787+00
2879391531,1903251,779,79,20,170,141169,13.2,8.2,,,,,,,"[{""type"":{""value"":178,""displayName"":""StandingSave""}},{""type"":{""value"":285,""displayName"":""Defensive""}},{""type"":{""value"":56,""displayName"":""Zone""},""value"":""Back""},{""type"":{""value"":233,""displayName"":""OppositeRelatedEvent""},""value"":""675""}]",true,false,false,false,Tackle,Successful,SecondHalf,2025-12-05 23:16:17.240787+00
2879391533,1903251,673,79,15,167,468847,78.9,100,91.7,96.3,,,,,"[{""type"":{""value"":56,""displayName"":""Zone""},""value"":""Left""},{""type"":{""value"":107,""displayName"":""ThrowIn""}},{""type"":{""value"":213,""displayName"":""Angle""},""value"":""6.00""},{""type"":{""value"":140,""displayName"":""PassEndX""},""value"":""91.7""},{""type"":{""value"":212,""displayName"":""Length""},""value"":""14.0""},{""type"":{""value"":141,""displayName"":""PassEndY""},""value"":""96.3""}]",true,false,false,false,Pass,Unsuccessful,SecondHalf,2025-12-05 23:16:17.240787+00
2879391545,1903251,675,79,20,167,468847,86.8,91.8,,,,,,,"[{""type"":{""value"":286,""displayName"":""Offensive""}},{""type"":{""value"":56,""displayName"":""Zone""},""value"":""Left""},{""type"":{""value"":233,""displayName"":""OppositeRelatedEvent""},""value"":""779""}]",true,false,false,false,TakeOn,Unsuccessful,SecondHalf,2025-12-05 23:16:17.240787+00
2879391569,1903251,780,79,23,170,141169,6.4,4.9,10.3,0,,,,,"[{""type"":{""value"":56,""displayName"":""Zone""},""value"":""Back""},{""type"":{""value"":213,""displayName"":""Angle""},""value"":""5.44""},{""type"":{""value"":212,""displayName"":""Length""},""value"":""6.1""},{""type"":{""value"":140,""displayName"":""PassEndX""},""value"":""10.3""},{""type"":{""value"":141,""displayName"":""PassEndY""},""value"":""0.0""}]",true,false,false,false,Clearance,Successful,SecondHalf,2025-12-05 23:16:17.240787+00
2879391813,1903251,678,79,48,167,343382,89.8,100,91.4,80,,,,,"[{""type"":{""value"":140,""displayName"":""PassEndX""},""value"":""91.4""},{""type"":{""value"":56,""displayName"":""Zone""},""value"":""Left""},{""type"":{""value"":213,""displayName"":""Angle""},""value"":""4.82""},{""type"":{""value"":107,""displayName"":""ThrowIn""}},{""type"":{""value"":212,""displayName"":""Length""},""value"":""15.1""},{""type"":{""value"":141,""displayName"":""PassEndY""},""value"":""80.0""}]",true,false,false,false,Pass,Successful,SecondHalf,2025-12-05 23:16:17.240787+00
2879391825,1903251,679,79,51,167,468847,91.8,79.6,,,,,,,"[{""type"":{""value"":56,""displayName"":""Zone""},""value"":""Left""}]",true,false,false,false,BallTouch,Unsuccessful,SecondHalf,2025-12-05 23:16:17.240787+00
2879391899,1903251,680,79,57,167,313171,53.2,67.5,65.6,77.6,,,,,"[{""type"":{""value"":141,""displayName"":""PassEndY""},""value"":""77.6""},{""type"":{""value"":140,""displayName"":""PassEndX""},""value"":""65.6""},{""type"":{""value"":56,""displayName"":""Zone""},""value"":""Center""},{""type"":{""value"":212,""displayName"":""Length""},""value"":""14.7""},{""type"":{""value"":213,""displayName"":""Angle""},""value"":""0.49""}]",true,false,false,false,Pass,Successful,SecondHalf,2025-12-05 23:16:17.240787+00
2879391901,1903251,681,79,58,167,101374,65.6,77.6,62.5,89.9,,,,,"[{""type"":{""value"":141,""displayName"":""PassEndY""},""value"":""89.9""},{""type"":{""value"":212,""displayName"":""Length""},""value"":""9.0""},{""type"":{""value"":140,""displayName"":""PassEndX""},""value"":""62.5""},{""type"":{""value"":56,""displayName"":""Zone""},""value"":""Left""},{""type"":{""value"":213,""displayName"":""Angle""},""value"":""1.94""}]",true,false,false,false,Pass,Unsuccessful,SecondHalf,2025-12-05 23:16:17.240787+00
2879391907,1903251,782,79,52,170,231135,9,28.1,43.6,24.1,,,,,"[{""type"":{""value"":212,""displayName"":""Length""},""value"":""36.4""},{""type"":{""value"":141,""displayName"":""PassEndY""},""value"":""24.1""},{""type"":{""value"":56,""displayName"":""Zone""},""value"":""Back""},{""type"":{""value"":213,""displayName"":""Angle""},""value"":""6.21""},{""type"":{""value"":140,""displayName"":""PassEndX""},""value"":""43.6""}]",true,false,false,false,Clearance,Successful,SecondHalf,2025-12-05 23:16:17.240787+00
2879391909,1903251,783,79,59,170,333044,40.4,12,,,,,,,[],false,false,false,false,BallRecovery,Successful,SecondHalf,2025-12-05 23:16:17.240787+00
2879391957,1903251,784,79,59,170,333044,40.4,12,68.1,21.1,,,,,"[{""type"":{""value"":213,""displayName"":""Angle""},""value"":""0.21""},{""type"":{""value"":56,""displayName"":""Zone""},""value"":""Right""},{""type"":{""value"":155,""displayName"":""Chipped""}},{""type"":{""value"":141,""displayName"":""PassEndY""},""value"":""21.1""},{""type"":{""value"":140,""displayName"":""PassEndX""},""value"":""68.1""},{""type"":{""value"":212,""displayName"":""Length""},""value"":""29.7""}]",true,false,false,false,Pass,Unsuccessful,SecondHalf,2025-12-05 23:16:17.240787+00
2879391961,1903251,682,80,2,167,313171,31.9,78.9,,,,,,,"[{""type"":{""value"":285,""displayName"":""Defensive""}},{""type"":{""value"":56,""displayName"":""Zone""},""value"":""Back""},{""type"":{""value"":233,""displayName"":""OppositeRelatedEvent""},""value"":""785""}]",false,false,false,false,Aerial,Successful,SecondHalf,2025-12-05 23:16:17.240787+00
2879391965,1903251,785,80,2,170,547830,68.1,21.1,,,,,,,"[{""type"":{""value"":286,""displayName"":""Offensive""}},{""type"":{""value"":233,""displayName"":""OppositeRelatedEvent""},""value"":""682""},{""type"":{""value"":56,""displayName"":""Zone""},""value"":""Right""}]",false,false,false,false,Aerial,Unsuccessful,SecondHalf,2025-12-05 23:16:17.240787+00
2879391969,1903251,683,80,2,167,313171,31.9,78.9,24.5,89,,,,,"[{""type"":{""value"":212,""displayName"":""Length""},""value"":""10.4""},{""type"":{""value"":213,""displayName"":""Angle""},""value"":""2.42""},{""type"":{""value"":141,""displayName"":""PassEndY""},""value"":""89.0""},{""type"":{""value"":140,""displayName"":""PassEndX""},""value"":""24.5""},{""type"":{""value"":56,""displayName"":""Zone""},""value"":""Back""},{""type"":{""value"":15,""displayName"":""Head""}}]",true,false,false,false,Clearance,Successful,SecondHalf,2025-12-05 23:16:17.240787+00
2879391977,1903251,684,80,4,167,402664,25,90.2,,,,,,,[],false,false,false,false,BallRecovery,Successful,SecondHalf,2025-12-05 23:16:17.240787+00
2879391995,1903251,685,80,5,167,402664,25.5,90,44.2,61.1,,,,,"[{""type"":{""value"":56,""displayName"":""Zone""},""value"":""Back""},{""type"":{""value"":212,""displayName"":""Length""},""value"":""27.8""},{""type"":{""value"":1,""displayName"":""Longball""}},{""type"":{""value"":213,""displayName"":""Angle""},""value"":""5.50""},{""type"":{""value"":140,""displayName"":""PassEndX""},""value"":""44.2""},{""type"":{""value"":141,""displayName"":""PassEndY""},""value"":""61.1""}]",true,false,false,false,Pass,Unsuccessful,SecondHalf,2025-12-05 23:16:17.240787+00
2879392041,1903251,786,80,7,170,136824,53.7,45.2,,,,,,,[],false,false,false,false,BallRecovery,Successful,SecondHalf,2025-12-05 23:16:17.240787+00
2879392043,1903251,686,80,9,167,394933,28.2,32.4,,,,,,,"[{""type"":{""value"":56,""displayName"":""Zone""},""value"":""Back""}]",true,false,false,false,Interception,Successful,SecondHalf,2025-12-05 23:16:17.240787+00
2879392049,1903251,787,80,8,170,136824,53.7,45.2,71.8,67.6,,,,,"[{""type"":{""value"":56,""displayName"":""Zone""},""value"":""Center""},{""type"":{""value"":213,""displayName"":""Angle""},""value"":""0.68""},{""type"":{""value"":212,""displayName"":""Length""},""value"":""24.4""},{""type"":{""value"":141,""displayName"":""PassEndY""},""value"":""67.6""},{""type"":{""value"":140,""displayName"":""PassEndX""},""value"":""71.8""}]",true,false,false,false,Pass,Unsuccessful,SecondHalf,2025-12-05 23:16:17.240787+00
2879392065,1903251,687,80,10,167,394933,33.5,34.6,,,,,,,"[{""type"":{""value"":285,""displayName"":""Defensive""}},{""type"":{""value"":56,""displayName"":""Zone""},""value"":""Back""},{""type"":{""value"":233,""displayName"":""OppositeRelatedEvent""},""value"":""791""}]",true,false,false,false,BlockedPass,Successful,SecondHalf,2025-12-05 23:16:17.240787+00
2879392069,1903251,688,80,11,167,394933,38.7,18.3,,,,,,,[],false,false,false,false,BallRecovery,Successful,SecondHalf,2025-12-05 23:16:17.240787+00
2879392073,1903251,788,75,57,170,322611,58.3,95.2,,,,,,,"[{""type"":{""value"":56,""displayName"":""Zone""},""value"":""Left""}]",true,false,false,false,BallTouch,Unsuccessful,SecondHalf,2025-12-05 23:16:17.240787+00
2879392123,1903251,689,80,14,167,394933,41.3,16.8,36.2,25.8,,,,,"[{""type"":{""value"":56,""displayName"":""Zone""},""value"":""Back""},{""type"":{""value"":213,""displayName"":""Angle""},""value"":""2.29""},{""type"":{""value"":140,""displayName"":""PassEndX""},""value"":""36.2""},{""type"":{""value"":141,""displayName"":""PassEndY""},""value"":""25.8""},{""type"":{""value"":212,""displayName"":""Length""},""value"":""8.1""}]",true,false,false,false,Pass,Successful,SecondHalf,2025-12-05 23:16:17.240787+00
2879392133,1903251,690,80,17,167,331254,35.9,26.2,34.7,34.5,,,,,"[{""type"":{""value"":212,""displayName"":""Length""},""value"":""5.8""},{""type"":{""value"":141,""displayName"":""PassEndY""},""value"":""34.5""},{""type"":{""value"":213,""displayName"":""Angle""},""value"":""1.79""},{""type"":{""value"":56,""displayName"":""Zone""},""value"":""Back""},{""type"":{""value"":140,""displayName"":""PassEndX""},""value"":""34.7""}]",true,false,false,false,Pass,Successful,SecondHalf,2025-12-05 23:16:17.240787+00
2879392155,1903251,789,80,21,170,322611,67.2,63.8,,,,,,,"[{""type"":{""value"":286,""displayName"":""Offensive""}},{""type"":{""value"":233,""displayName"":""OppositeRelatedEvent""},""value"":""692""},{""type"":{""value"":56,""displayName"":""Zone""},""value"":""Center""},{""type"":{""value"":13,""displayName"":""Foul""}}]",false,false,false,false,Foul,Unsuccessful,SecondHalf,2025-12-05 23:16:17.240787+00
2879392157,1903251,691,80,18,167,101374,34.7,34.5,26.2,30.4,,,,,"[{""type"":{""value"":213,""displayName"":""Angle""},""value"":""3.44""},{""type"":{""value"":56,""displayName"":""Zone""},""value"":""Back""},{""type"":{""value"":212,""displayName"":""Length""},""value"":""9.4""},{""type"":{""value"":141,""displayName"":""PassEndY""},""value"":""30.4""},{""type"":{""value"":140,""displayName"":""PassEndX""},""value"":""26.2""}]",true,false,false,false,Pass,Successful,SecondHalf,2025-12-05 23:16:17.240787+00
2879392159,1903251,692,80,21,167,331254,32.8,36.2,,,,,,,"[{""type"":{""value"":285,""displayName"":""Defensive""}},{""type"":{""value"":13,""displayName"":""Foul""}},{""type"":{""value"":56,""displayName"":""Zone""},""value"":""Back""},{""type"":{""value"":233,""displayName"":""OppositeRelatedEvent""},""value"":""789""}]",true,false,false,false,Foul,Successful,SecondHalf,2025-12-05 23:16:17.240787+00
2879392299,1903251,791,80,10,170,322611,65,66.6,66.5,65.4,,,,,"[{""type"":{""value"":233,""displayName"":""OppositeRelatedEvent""},""value"":""687""},{""type"":{""value"":213,""displayName"":""Angle""},""value"":""5.81""},{""type"":{""value"":141,""displayName"":""PassEndY""},""value"":""65.4""},{""type"":{""value"":212,""displayName"":""Length""},""value"":""1.8""},{""type"":{""value"":286,""displayName"":""Offensive""}},{""type"":{""value"":140,""displayName"":""PassEndX""},""value"":""66.5""},{""type"":{""value"":56,""displayName"":""Zone""},""value"":""Center""}]",true,false,false,false,Pass,Unsuccessful,SecondHalf,2025-12-05 23:16:17.240787+00
2879392603,1903251,792,81,5,170,333044,0,0,,,,,,,"[{""type"":{""value"":44,""displayName"":""PlayerPosition""},""value"":""Forward""},{""type"":{""value"":59,""displayName"":""JerseyNumber""},""value"":""8""},{""type"":{""value"":55,""displayName"":""RelatedEventId""},""value"":""793""}]",false,false,false,false,SubstitutionOff,Successful,SecondHalf,2025-12-05 23:16:17.240787+00
2879392609,1903251,793,81,5,170,429174,0,0,,,,,,,"[{""type"":{""value"":55,""displayName"":""RelatedEventId""},""value"":""792""},{""type"":{""value"":59,""displayName"":""JerseyNumber""},""value"":""22""},{""type"":{""value"":44,""displayName"":""PlayerPosition""},""value"":""Midfielder""},{""type"":{""value"":145,""displayName"":""FormationSlot""},""value"":""7""}]",false,false,false,false,SubstitutionOn,Successful,SecondHalf,2025-12-05 23:16:17.240787+00
2879392851,1903251,693,81,29,167,343382,0,0,,,,,,,"[{""type"":{""value"":59,""displayName"":""JerseyNumber""},""value"":""4""},{""type"":{""value"":44,""displayName"":""PlayerPosition""},""value"":""Midfielder""},{""type"":{""value"":55,""displayName"":""RelatedEventId""},""value"":""694""}]",false,false,false,false,SubstitutionOff,Successful,SecondHalf,2025-12-05 23:16:17.240787+00
2879392861,1903251,694,81,29,167,386153,0,0,,,,,,,"[{""type"":{""value"":145,""displayName"":""FormationSlot""},""value"":""8""},{""type"":{""value"":44,""displayName"":""PlayerPosition""},""value"":""Midfielder""},{""type"":{""value"":55,""displayName"":""RelatedEventId""},""value"":""693""},{""type"":{""value"":59,""displayName"":""JerseyNumber""},""value"":""10""}]",false,false,false,false,SubstitutionOn,Successful,SecondHalf,2025-12-05 23:16:17.240787+00
2879392977,1903251,695,81,44,167,313171,29.9,35.2,31.5,69.7,,,,,"[{""type"":{""value"":141,""displayName"":""PassEndY""},""value"":""69.7""},{""type"":{""value"":140,""displayName"":""PassEndX""},""value"":""31.5""},{""type"":{""value"":56,""displayName"":""Zone""},""value"":""Back""},{""type"":{""value"":213,""displayName"":""Angle""},""value"":""1.50""},{""type"":{""value"":212,""displayName"":""Length""},""value"":""23.5""},{""type"":{""value"":5,""displayName"":""FreekickTaken""}}]",true,false,false,false,Pass,Successful,SecondHalf,2025-12-05 23:16:17.240787+00
2879393025,1903251,696,81,47,167,101374,31.9,70.2,36.8,92.4,,,,,"[{""type"":{""value"":213,""displayName"":""Angle""},""value"":""1.24""},{""type"":{""value"":212,""displayName"":""Length""},""value"":""15.9""},{""type"":{""value"":141,""displayName"":""PassEndY""},""value"":""92.4""},{""type"":{""value"":140,""displayName"":""PassEndX""},""value"":""36.8""},{""type"":{""value"":56,""displayName"":""Zone""},""value"":""Back""}]",true,false,false,false,Pass,Successful,SecondHalf,2025-12-05 23:16:17.240787+00
2879393049,1903251,795,81,51,170,396976,32.6,33.3,,,,,,,"[{""type"":{""value"":233,""displayName"":""OppositeRelatedEvent""},""value"":""698""},{""type"":{""value"":285,""displayName"":""Defensive""}},{""type"":{""value"":56,""displayName"":""Zone""},""value"":""Back""}]",false,false,false,false,Aerial,Successful,SecondHalf,2025-12-05 23:16:17.240787+00
2879393053,1903251,697,81,51,167,402664,35.3,85.7,67.4,66.7,,,,,"[{""type"":{""value"":1,""displayName"":""Longball""}},{""type"":{""value"":140,""displayName"":""PassEndX""},""value"":""67.4""},{""type"":{""value"":56,""displayName"":""Zone""},""value"":""Center""},{""type"":{""value"":155,""displayName"":""Chipped""}},{""type"":{""value"":213,""displayName"":""Angle""},""value"":""5.92""},{""type"":{""value"":212,""displayName"":""Length""},""value"":""36.1""},{""type"":{""value"":141,""displayName"":""PassEndY""},""value"":""66.7""}]",true,false,false,false,Pass,Unsuccessful,SecondHalf,2025-12-05 23:16:17.240787+00
2879393061,1903251,698,81,51,167,315227,67.4,66.7,,,,,,,"[{""type"":{""value"":286,""displayName"":""Offensive""}},{""type"":{""value"":56,""displayName"":""Zone""},""value"":""Center""},{""type"":{""value"":233,""displayName"":""OppositeRelatedEvent""},""value"":""795""}]",false,false,false,false,Aerial,Unsuccessful,SecondHalf,2025-12-05 23:16:17.240787+00
2879393063,1903251,796,81,52,170,396976,32.6,33.3,35.8,32.4,,,,,"[{""type"":{""value"":140,""displayName"":""PassEndX""},""value"":""35.8""},{""type"":{""value"":141,""displayName"":""PassEndY""},""value"":""32.4""},{""type"":{""value"":212,""displayName"":""Length""},""value"":""3.4""},{""type"":{""value"":56,""displayName"":""Zone""},""value"":""Back""},{""type"":{""value"":213,""displayName"":""Angle""},""value"":""6.10""},{""type"":{""value"":15,""displayName"":""Head""}}]",true,false,false,false,Clearance,Successful,SecondHalf,2025-12-05 23:16:17.240787+00
2879393085,1903251,797,81,54,170,231135,38.5,31.2,34.2,37,,,,,"[{""type"":{""value"":213,""displayName"":""Angle""},""value"":""2.42""},{""type"":{""value"":212,""displayName"":""Length""},""value"":""6.0""},{""type"":{""value"":140,""displayName"":""PassEndX""},""value"":""34.2""},{""type"":{""value"":56,""displayName"":""Zone""},""value"":""Back""},{""type"":{""value"":141,""displayName"":""PassEndY""},""value"":""37.0""}]",true,false,false,false,Pass,Successful,SecondHalf,2025-12-05 23:16:17.240787+00
2879393091,1903251,798,81,54,170,396976,36.5,38.7,,,,,,,[],false,false,false,false,BallRecovery,Successful,SecondHalf,2025-12-05 23:16:17.240787+00
2879393151,1903251,799,81,55,170,396976,36.9,40.7,37.4,71.9,,,,,"[{""type"":{""value"":141,""displayName"":""PassEndY""},""value"":""71.9""},{""type"":{""value"":140,""displayName"":""PassEndX""},""value"":""37.4""},{""type"":{""value"":56,""displayName"":""Zone""},""value"":""Back""},{""type"":{""value"":212,""displayName"":""Length""},""value"":""21.2""},{""type"":{""value"":213,""displayName"":""Angle""},""value"":""1.55""}]",true,false,false,false,Pass,Successful,SecondHalf,2025-12-05 23:16:17.240787+00
2879393161,1903251,800,81,58,170,322611,41.4,76.5,58.9,93,,,,,"[{""type"":{""value"":213,""displayName"":""Angle""},""value"":""0.55""},{""type"":{""value"":140,""displayName"":""PassEndX""},""value"":""58.9""},{""type"":{""value"":56,""displayName"":""Zone""},""value"":""Left""},{""type"":{""value"":212,""displayName"":""Length""},""value"":""21.5""},{""type"":{""value"":141,""displayName"":""PassEndY""},""value"":""93.0""}]",true,false,false,false,Pass,Successful,SecondHalf,2025-12-05 23:16:17.240787+00
2879393179,1903251,801,81,59,170,429174,59.9,93,46.3,89.8,,,,,"[{""type"":{""value"":156,""displayName"":""LayOff""}},{""type"":{""value"":213,""displayName"":""Angle""},""value"":""3.29""},{""type"":{""value"":141,""displayName"":""PassEndY""},""value"":""89.8""},{""type"":{""value"":56,""displayName"":""Zone""},""value"":""Back""},{""type"":{""value"":212,""displayName"":""Length""},""value"":""14.4""},{""type"":{""value"":140,""displayName"":""PassEndX""},""value"":""46.3""}]",true,false,false,false,Pass,Successful,SecondHalf,2025-12-05 23:16:17.240787+00
2879393217,1903251,802,82,1,170,322611,45.7,89.5,36.6,75.2,,,,,"[{""type"":{""value"":140,""displayName"":""PassEndX""},""value"":""36.6""},{""type"":{""value"":141,""displayName"":""PassEndY""},""value"":""75.2""},{""type"":{""value"":212,""displayName"":""Length""},""value"":""13.6""},{""type"":{""value"":213,""displayName"":""Angle""},""value"":""3.94""},{""type"":{""value"":56,""displayName"":""Zone""},""value"":""Back""}]",true,false,false,false,Pass,Successful,SecondHalf,2025-12-05 23:16:17.240787+00
2879393249,1903251,803,82,3,170,396976,36.8,75.2,43.3,75.5,,,,,"[{""type"":{""value"":213,""displayName"":""Angle""},""value"":""0.03""},{""type"":{""value"":56,""displayName"":""Zone""},""value"":""Back""},{""type"":{""value"":140,""displayName"":""PassEndX""},""value"":""43.3""},{""type"":{""value"":141,""displayName"":""PassEndY""},""value"":""75.5""},{""type"":{""value"":212,""displayName"":""Length""},""value"":""6.8""}]",true,false,false,false,Pass,Successful,SecondHalf,2025-12-05 23:16:17.240787+00
2879393253,1903251,804,82,5,170,136824,42.8,75.8,,,,,,,"[{""type"":{""value"":56,""displayName"":""Zone""},""value"":""Back""},{""type"":{""value"":286,""displayName"":""Offensive""}},{""type"":{""value"":233,""displayName"":""OppositeRelatedEvent""},""value"":""699""}]",true,false,false,false,TakeOn,Successful,SecondHalf,2025-12-05 23:16:17.240787+00
2879393259,1903251,699,82,5,167,386153,57.2,24.2,,,,,,,"[{""type"":{""value"":233,""displayName"":""OppositeRelatedEvent""},""value"":""804""},{""type"":{""value"":285,""displayName"":""Defensive""}},{""type"":{""value"":56,""displayName"":""Zone""},""value"":""Center""}]",false,false,false,false,Challenge,Unsuccessful,SecondHalf,2025-12-05 23:16:17.240787+00
2879393313,1903251,805,82,7,170,136824,38.2,84.1,24.4,67.9,,,,,"[{""type"":{""value"":140,""displayName"":""PassEndX""},""value"":""24.4""},{""type"":{""value"":56,""displayName"":""Zone""},""value"":""Back""},{""type"":{""value"":213,""displayName"":""Angle""},""value"":""3.79""},{""type"":{""value"":141,""displayName"":""PassEndY""},""value"":""67.9""},{""type"":{""value"":212,""displayName"":""Length""},""value"":""18.2""}]",true,false,false,false,Pass,Successful,SecondHalf,2025-12-05 23:16:17.240787+00
2879393335,1903251,806,82,11,170,396976,24,64.5,24.1,36.4,,,,,"[{""type"":{""value"":140,""displayName"":""PassEndX""},""value"":""24.1""},{""type"":{""value"":213,""displayName"":""Angle""},""value"":""4.72""},{""type"":{""value"":212,""displayName"":""Length""},""value"":""19.1""},{""type"":{""value"":141,""displayName"":""PassEndY""},""value"":""36.4""},{""type"":{""value"":56,""displayName"":""Zone""},""value"":""Back""}]",true,false,false,false,Pass,Successful,SecondHalf,2025-12-05 23:16:17.240787+00
2879393369,1903251,807,82,13,170,231135,24.2,36.4,31.4,85.7,,,,,"[{""type"":{""value"":141,""displayName"":""PassEndY""},""value"":""85.7""},{""type"":{""value"":140,""displayName"":""PassEndX""},""value"":""31.4""},{""type"":{""value"":56,""displayName"":""Zone""},""value"":""Back""},{""type"":{""value"":1,""displayName"":""Longball""}},{""type"":{""value"":213,""displayName"":""Angle""},""value"":""1.35""},{""type"":{""value"":212,""displayName"":""Length""},""value"":""34.4""}]",true,false,false,false,Pass,Successful,SecondHalf,2025-12-05 23:16:17.240787+00
2879393413,1903251,808,82,20,170,136824,33.4,84.1,93.5,29.2,,,,,"[{""type"":{""value"":140,""displayName"":""PassEndX""},""value"":""93.5""},{""type"":{""value"":141,""displayName"":""PassEndY""},""value"":""29.2""},{""type"":{""value"":155,""displayName"":""Chipped""}},{""type"":{""value"":56,""displayName"":""Zone""},""value"":""Center""},{""type"":{""value"":1,""displayName"":""Longball""}},{""type"":{""value"":213,""displayName"":""Angle""},""value"":""5.75""},{""type"":{""value"":212,""displayName"":""Length""},""value"":""73.3""}]",true,false,false,false,Pass,Unsuccessful,SecondHalf,2025-12-05 23:16:17.240787+00
2879393415,1903251,701,82,25,167,262515,6.6,71.4,,,,,,,[],false,false,false,false,KeeperPickup,Successful,SecondHalf,2025-12-05 23:16:17.240787+00
2879393525,1903251,702,82,31,167,262515,12.1,59.3,16.6,23.9,,,,,"[{""type"":{""value"":213,""displayName"":""Angle""},""value"":""4.91""},{""type"":{""value"":123,""displayName"":""KeeperThrow""}},{""type"":{""value"":212,""displayName"":""Length""},""value"":""24.5""},{""type"":{""value"":141,""displayName"":""PassEndY""},""value"":""23.9""},{""type"":{""value"":140,""displayName"":""PassEndX""},""value"":""16.6""},{""type"":{""value"":56,""displayName"":""Zone""},""value"":""Back""}]",true,false,false,false,Pass,Successful,SecondHalf,2025-12-05 23:16:17.240787+00
2879393531,1903251,703,82,34,167,313171,19.9,16.4,20.7,15.3,,,,,"[{""type"":{""value"":56,""displayName"":""Zone""},""value"":""Back""},{""type"":{""value"":213,""displayName"":""Angle""},""value"":""5.56""},{""type"":{""value"":140,""displayName"":""PassEndX""},""value"":""20.7""},{""type"":{""value"":141,""displayName"":""PassEndY""},""value"":""15.3""},{""type"":{""value"":212,""displayName"":""Length""},""value"":""1.1""},{""type"":{""value"":286,""displayName"":""Offensive""}},{""type"":{""value"":233,""displayName"":""OppositeRelatedEvent""},""value"":""809""}]",true,false,false,false,Pass,Unsuccessful,SecondHalf,2025-12-05 23:16:17.240787+00
2879393555,1903251,809,82,34,170,547830,79.3,84.7,,,,,,,"[{""type"":{""value"":233,""displayName"":""OppositeRelatedEvent""},""value"":""703""},{""type"":{""value"":56,""displayName"":""Zone""},""value"":""Left""},{""type"":{""value"":285,""displayName"":""Defensive""}}]",true,false,false,false,BlockedPass,Successful,SecondHalf,2025-12-05 23:16:17.240787+00
2879393569,1903251,705,81,52,167,315227,66.1,69.1,,,,,,,"[{""type"":{""value"":56,""displayName"":""Zone""},""value"":""Center""}]",true,false,false,false,BallTouch,Successful,SecondHalf,2025-12-05 23:16:17.240787+00
2879393733,1903251,706,82,53,167,394933,30.3,0,35.1,7,,,,,"[{""type"":{""value"":213,""displayName"":""Angle""},""value"":""0.86""},{""type"":{""value"":107,""displayName"":""ThrowIn""}},{""type"":{""value"":56,""displayName"":""Zone""},""value"":""Back""},{""type"":{""value"":212,""displayName"":""Length""},""value"":""7.7""},{""type"":{""value"":141,""displayName"":""PassEndY""},""value"":""7.0""},{""type"":{""value"":140,""displayName"":""PassEndX""},""value"":""35.1""}]",true,false,false,false,Pass,Successful,SecondHalf,2025-12-05 23:16:17.240787+00
2879393739,1903251,707,82,54,167,386153,34.8,6.7,26,3.7,,,,,"[{""type"":{""value"":56,""displayName"":""Zone""},""value"":""Back""},{""type"":{""value"":140,""displayName"":""PassEndX""},""value"":""26.0""},{""type"":{""value"":141,""displayName"":""PassEndY""},""value"":""3.7""},{""type"":{""value"":213,""displayName"":""Angle""},""value"":""3.36""},{""type"":{""value"":212,""displayName"":""Length""},""value"":""9.5""},{""type"":{""value"":156,""displayName"":""LayOff""}}]",true,false,false,false,Pass,Unsuccessful,SecondHalf,2025-12-05 23:16:17.240787+00
2879393761,1903251,811,82,58,170,429174,79.2,96,,,,,,,"[{""type"":{""value"":286,""displayName"":""Offensive""}},{""type"":{""value"":56,""displayName"":""Zone""},""value"":""Left""},{""type"":{""value"":211,""displayName"":""OverRun""}}]",true,false,false,false,TakeOn,Unsuccessful,SecondHalf,2025-12-05 23:16:17.240787+00
2879393783,1903251,708,83,0,167,313171,9.4,9.7,11.2,9.8,,,,,"[{""type"":{""value"":141,""displayName"":""PassEndY""},""value"":""9.8""},{""type"":{""value"":140,""displayName"":""PassEndX""},""value"":""11.2""},{""type"":{""value"":56,""displayName"":""Zone""},""value"":""Back""},{""type"":{""value"":1,""displayName"":""Longball""}},{""type"":{""value"":213,""displayName"":""Angle""},""value"":""0.04""},{""type"":{""value"":212,""displayName"":""Length""},""value"":""1.9""}]",true,false,false,false,Pass,Unsuccessful,SecondHalf,2025-12-05 23:16:17.240787+00
2879393807,1903251,812,83,0,170,429174,88.8,90.2,,,,,,,"[{""type"":{""value"":56,""displayName"":""Zone""},""value"":""Left""}]",true,false,false,false,BallTouch,Successful,SecondHalf,2025-12-05 23:16:17.240787+00
2879393899,1903251,813,83,4,170,547830,93.2,70.5,,,,,,,"[{""type"":{""value"":56,""displayName"":""Zone""},""value"":""Center""}]",true,false,false,false,BallTouch,Unsuccessful,SecondHalf,2025-12-05 23:16:17.240787+00
2879393999,1903251,710,83,1,167,313171,11.1,11.4,,,,,,,"[{""type"":{""value"":56,""displayName"":""Zone""},""value"":""Back""}]",true,false,false,false,BallTouch,Successful,SecondHalf,2025-12-05 23:16:17.240787+00
2879394263,1903251,711,83,40,167,262515,4.7,44.6,64.8,24.7,,,,,"[{""type"":{""value"":212,""displayName"":""Length""},""value"":""64.5""},{""type"":{""value"":124,""displayName"":""GoalKick""}},{""type"":{""value"":213,""displayName"":""Angle""},""value"":""6.07""},{""type"":{""value"":140,""displayName"":""PassEndX""},""value"":""64.8""},{""type"":{""value"":1,""displayName"":""Longball""}},{""type"":{""value"":56,""displayName"":""Zone""},""value"":""Center""},{""type"":{""value"":74,""displayName"":""MissHigh""}},{""type"":{""value"":141,""displayName"":""PassEndY""},""value"":""24.7""}]",true,false,false,false,Pass,Successful,SecondHalf,2025-12-05 23:16:17.240787+00
2879394265,1903251,712,83,43,167,315227,64.8,24.4,58,24.7,,,,,"[{""type"":{""value"":141,""displayName"":""PassEndY""},""value"":""24.7""},{""type"":{""value"":140,""displayName"":""PassEndX""},""value"":""58.0""},{""type"":{""value"":213,""displayName"":""Angle""},""value"":""3.11""},{""type"":{""value"":212,""displayName"":""Length""},""value"":""7.1""},{""type"":{""value"":56,""displayName"":""Zone""},""value"":""Center""},{""type"":{""value"":156,""displayName"":""LayOff""}},{""type"":{""value"":3,""displayName"":""HeadPass""}}]",true,false,false,false,Pass,Successful,SecondHalf,2025-12-05 23:16:17.240787+00
2879394269,1903251,713,83,45,167,386153,58.5,24.7,,,,,,,"[{""type"":{""value"":56,""displayName"":""Zone""},""value"":""Center""}]",true,false,false,false,BallTouch,Successful,SecondHalf,2025-12-05 23:16:17.240787+00
2879394281,1903251,714,83,46,167,315227,64.2,24.9,,,,,,,"[{""type"":{""value"":56,""displayName"":""Zone""},""value"":""Center""}]",true,false,false,false,BallTouch,Unsuccessful,SecondHalf,2025-12-05 23:16:17.240787+00
2879394303,1903251,815,83,47,170,321020,37,74.1,9.9,57.4,,,,,"[{""type"":{""value"":213,""displayName"":""Angle""},""value"":""3.52""},{""type"":{""value"":140,""displayName"":""PassEndX""},""value"":""9.9""},{""type"":{""value"":56,""displayName"":""Zone""},""value"":""Back""},{""type"":{""value"":141,""displayName"":""PassEndY""},""value"":""57.4""},{""type"":{""value"":212,""displayName"":""Length""},""value"":""30.6""}]",true,false,false,false,Pass,Successful,SecondHalf,2025-12-05 23:16:17.240787+00
2879394307,1903251,816,83,49,170,92173,8.7,53.6,,,,,,,[],false,false,false,false,BallRecovery,Successful,SecondHalf,2025-12-05 23:16:17.240787+00
2879394337,1903251,817,83,52,170,92173,7.6,47.9,12.8,11.7,,,,,"[{""type"":{""value"":140,""displayName"":""PassEndX""},""value"":""12.8""},{""type"":{""value"":56,""displayName"":""Zone""},""value"":""Back""},{""type"":{""value"":213,""displayName"":""Angle""},""value"":""4.93""},{""type"":{""value"":212,""displayName"":""Length""},""value"":""25.2""},{""type"":{""value"":141,""displayName"":""PassEndY""},""value"":""11.7""}]",true,false,false,false,Pass,Successful,SecondHalf,2025-12-05 23:16:17.240787+00
2879394351,1903251,818,83,54,170,141169,10.5,7.5,30.4,5.7,,,,,"[{""type"":{""value"":213,""displayName"":""Angle""},""value"":""6.22""},{""type"":{""value"":56,""displayName"":""Zone""},""value"":""Back""},{""type"":{""value"":141,""displayName"":""PassEndY""},""value"":""5.7""},{""type"":{""value"":140,""displayName"":""PassEndX""},""value"":""30.4""},{""type"":{""value"":212,""displayName"":""Length""},""value"":""20.9""}]",true,false,false,false,Pass,Successful,SecondHalf,2025-12-05 23:16:17.240787+00
2879394359,1903251,819,83,56,170,363665,31.2,5.8,22.3,9.8,,,,,"[{""type"":{""value"":156,""displayName"":""LayOff""}},{""type"":{""value"":212,""displayName"":""Length""},""value"":""9.7""},{""type"":{""value"":213,""displayName"":""Angle""},""value"":""2.86""},{""type"":{""value"":141,""displayName"":""PassEndY""},""value"":""9.8""},{""type"":{""value"":56,""displayName"":""Zone""},""value"":""Back""},{""type"":{""value"":140,""displayName"":""PassEndX""},""value"":""22.3""}]",true,false,false,false,Pass,Successful,SecondHalf,2025-12-05 23:16:17.240787+00
2879394367,1903251,820,83,57,170,231135,22.3,9.8,47.2,26.6,,,,,"[{""type"":{""value"":212,""displayName"":""Length""},""value"":""28.5""},{""type"":{""value"":141,""displayName"":""PassEndY""},""value"":""26.6""},{""type"":{""value"":140,""displayName"":""PassEndX""},""value"":""47.2""},{""type"":{""value"":155,""displayName"":""Chipped""}},{""type"":{""value"":213,""displayName"":""Angle""},""value"":""0.41""},{""type"":{""value"":56,""displayName"":""Zone""},""value"":""Back""}]",true,false,false,false,Pass,Successful,SecondHalf,2025-12-05 23:16:17.240787+00
2879394433,1903251,821,83,59,170,547830,47.3,26.8,56.9,14.3,,,,,"[{""type"":{""value"":140,""displayName"":""PassEndX""},""value"":""56.9""},{""type"":{""value"":212,""displayName"":""Length""},""value"":""13.2""},{""type"":{""value"":141,""displayName"":""PassEndY""},""value"":""14.3""},{""type"":{""value"":213,""displayName"":""Angle""},""value"":""5.58""},{""type"":{""value"":56,""displayName"":""Zone""},""value"":""Right""}]",true,false,false,false,Pass,Successful,SecondHalf,2025-12-05 23:16:17.240787+00
2879394435,1903251,822,84,6,170,515865,91.8,16.2,92,18,,,,,"[{""type"":{""value"":233,""displayName"":""OppositeRelatedEvent""},""value"":""715""},{""type"":{""value"":56,""displayName"":""Zone""},""value"":""Right""},{""type"":{""value"":141,""displayName"":""PassEndY""},""value"":""18.0""},{""type"":{""value"":20,""displayName"":""RightFoot""}},{""type"":{""value"":2,""displayName"":""Cross""}},{""type"":{""value"":212,""displayName"":""Length""},""value"":""1.2""},{""type"":{""value"":213,""displayName"":""Angle""},""value"":""1.40""},{""type"":{""value"":286,""displayName"":""Offensive""}},{""type"":{""value"":140,""displayName"":""PassEndX""},""value"":""92.0""}]",true,false,false,false,Pass,Unsuccessful,SecondHalf,2025-12-05 23:16:17.240787+00
2879394441,1903251,715,84,6,167,313171,8,82,,,,,,,"[{""type"":{""value"":56,""displayName"":""Zone""},""value"":""Back""},{""type"":{""value"":185,""displayName"":""BlockedCross""}},{""type"":{""value"":233,""displayName"":""OppositeRelatedEvent""},""value"":""822""}]",true,false,false,false,Clearance,Successful,SecondHalf,2025-12-05 23:16:17.240787+00
2879394451,1903251,823,84,8,170,515865,91.2,17.2,,,,,,,"[{""type"":{""value"":233,""displayName"":""OppositeRelatedEvent""},""value"":""716""},{""type"":{""value"":75,""displayName"":""MissRight""}},{""type"":{""value"":56,""displayName"":""Zone""},""value"":""Right""}]",false,false,false,false,CornerAwarded,Successful,SecondHalf,2025-12-05 23:16:17.240787+00
2879394457,1903251,716,84,8,167,313171,8.8,82.8,,,,,,,"[{""type"":{""value"":233,""displayName"":""OppositeRelatedEvent""},""value"":""823""},{""type"":{""value"":73,""displayName"":""MissLeft""}},{""type"":{""value"":56,""displayName"":""Zone""},""value"":""Back""}]",false,false,false,false,CornerAwarded,Unsuccessful,SecondHalf,2025-12-05 23:16:17.240787+00
2879394659,1903251,824,84,32,170,363665,99.5,0.5,97,48.6,,,,,"[{""type"":{""value"":72,""displayName"":""LeftFoot""}},{""type"":{""value"":141,""displayName"":""PassEndY""},""value"":""48.6""},{""type"":{""value"":56,""displayName"":""Zone""},""value"":""Center""},{""type"":{""value"":1,""displayName"":""Longball""}},{""type"":{""value"":140,""displayName"":""PassEndX""},""value"":""97.0""},{""type"":{""value"":212,""displayName"":""Length""},""value"":""32.8""},{""type"":{""value"":213,""displayName"":""Angle""},""value"":""1.65""},{""type"":{""value"":155,""displayName"":""Chipped""}},{""type"":{""value"":2,""displayName"":""Cross""}},{""type"":{""value"":6,""displayName"":""CornerTaken""}}]",true,false,false,false,Pass,Unsuccessful,SecondHalf,2025-12-05 23:16:17.240787+00
2879394733,1903251,825,84,35,170,321020,95.2,48.6,,,,,,,"[{""type"":{""value"":56,""displayName"":""Zone""},""value"":""Center""},{""type"":{""value"":13,""displayName"":""Foul""}},{""type"":{""value"":286,""displayName"":""Offensive""}},{""type"":{""value"":233,""displayName"":""OppositeRelatedEvent""},""value"":""717""}]",false,false,false,false,Foul,Unsuccessful,SecondHalf,2025-12-05 23:16:17.240787+00
2879394741,1903251,717,84,35,167,262515,4.8,51.4,,,,,,,"[{""type"":{""value"":56,""displayName"":""Zone""},""value"":""Back""},{""type"":{""value"":233,""displayName"":""OppositeRelatedEvent""},""value"":""825""},{""type"":{""value"":285,""displayName"":""Defensive""}},{""type"":{""value"":13,""displayName"":""Foul""}}]",true,false,false,false,Foul,Successful,SecondHalf,2025-12-05 23:16:17.240787+00
2879395003,1903251,718,85,10,167,262515,8.2,47,45.1,95.4,,,,,"[{""type"":{""value"":5,""displayName"":""FreekickTaken""}},{""type"":{""value"":140,""displayName"":""PassEndX""},""value"":""45.1""},{""type"":{""value"":141,""displayName"":""PassEndY""},""value"":""95.4""},{""type"":{""value"":213,""displayName"":""Angle""},""value"":""0.70""},{""type"":{""value"":212,""displayName"":""Length""},""value"":""50.8""},{""type"":{""value"":56,""displayName"":""Zone""},""value"":""Back""},{""type"":{""value"":1,""displayName"":""Longball""}}]",true,false,false,false,Pass,Successful,SecondHalf,2025-12-05 23:16:17.240787+00
2879395013,1903251,719,85,12,167,402664,45.1,95.4,,,,,,,"[{""type"":{""value"":285,""displayName"":""Defensive""}},{""type"":{""value"":233,""displayName"":""OppositeRelatedEvent""},""value"":""830""},{""type"":{""value"":56,""displayName"":""Zone""},""value"":""Back""}]",false,false,false,false,Aerial,Successful,SecondHalf,2025-12-05 23:16:17.240787+00
2879395025,1903251,720,85,13,167,402664,45.1,95.4,61.4,73.9,,,,,"[{""type"":{""value"":140,""displayName"":""PassEndX""},""value"":""61.4""},{""type"":{""value"":141,""displayName"":""PassEndY""},""value"":""73.9""},{""type"":{""value"":3,""displayName"":""HeadPass""}},{""type"":{""value"":56,""displayName"":""Zone""},""value"":""Center""},{""type"":{""value"":212,""displayName"":""Length""},""value"":""22.5""},{""type"":{""value"":213,""displayName"":""Angle""},""value"":""5.58""}]",true,false,false,false,Pass,Unsuccessful,SecondHalf,2025-12-05 23:16:17.240787+00
2879395041,1903251,826,85,15,170,231135,40.3,19.4,56.7,22.6,,,,,"[{""type"":{""value"":212,""displayName"":""Length""},""value"":""17.4""},{""type"":{""value"":213,""displayName"":""Angle""},""value"":""0.13""},{""type"":{""value"":141,""displayName"":""PassEndY""},""value"":""22.6""},{""type"":{""value"":140,""displayName"":""PassEndX""},""value"":""56.7""},{""type"":{""value"":56,""displayName"":""Zone""},""value"":""Center""}]",true,false,false,false,Pass,Unsuccessful,SecondHalf,2025-12-05 23:16:17.240787+00
2879395113,1903251,721,85,18,167,468847,41.4,68.5,29.4,73.2,,,,,"[{""type"":{""value"":212,""displayName"":""Length""},""value"":""13.0""},{""type"":{""value"":141,""displayName"":""PassEndY""},""value"":""73.2""},{""type"":{""value"":140,""displayName"":""PassEndX""},""value"":""29.4""},{""type"":{""value"":56,""displayName"":""Zone""},""value"":""Back""},{""type"":{""value"":213,""displayName"":""Angle""},""value"":""2.89""}]",true,false,false,false,Pass,Successful,SecondHalf,2025-12-05 23:16:17.240787+00
2879395133,1903251,722,85,21,167,101374,25.2,69.1,13.4,51.3,,,,,"[{""type"":{""value"":212,""displayName"":""Length""},""value"":""17.3""},{""type"":{""value"":213,""displayName"":""Angle""},""value"":""3.92""},{""type"":{""value"":56,""displayName"":""Zone""},""value"":""Back""},{""type"":{""value"":141,""displayName"":""PassEndY""},""value"":""51.3""},{""type"":{""value"":140,""displayName"":""PassEndX""},""value"":""13.4""}]",true,false,false,false,Pass,Successful,SecondHalf,2025-12-05 23:16:17.240787+00
2879395153,1903251,827,85,25,170,515865,86,50.8,,,,,,,"[{""type"":{""value"":56,""displayName"":""Zone""},""value"":""Center""},{""type"":{""value"":233,""displayName"":""OppositeRelatedEvent""},""value"":""723""},{""type"":{""value"":286,""displayName"":""Offensive""}}]",false,false,false,false,Challenge,Unsuccessful,SecondHalf,2025-12-05 23:16:17.240787+00
2879395155,1903251,723,85,25,167,262515,14,49.2,,,,,,,"[{""type"":{""value"":285,""displayName"":""Defensive""}},{""type"":{""value"":233,""displayName"":""OppositeRelatedEvent""},""value"":""827""},{""type"":{""value"":56,""displayName"":""Zone""},""value"":""Back""}]",true,false,false,false,TakeOn,Successful,SecondHalf,2025-12-05 23:16:17.240787+00
2879395189,1903251,724,85,25,167,262515,12.7,52.5,17.2,82.6,,,,,"[{""type"":{""value"":213,""displayName"":""Angle""},""value"":""1.34""},{""type"":{""value"":212,""displayName"":""Length""},""value"":""21.0""},{""type"":{""value"":56,""displayName"":""Zone""},""value"":""Back""},{""type"":{""value"":140,""displayName"":""PassEndX""},""value"":""17.2""},{""type"":{""value"":141,""displayName"":""PassEndY""},""value"":""82.6""}]",true,false,false,false,Pass,Successful,SecondHalf,2025-12-05 23:16:17.240787+00
2879395213,1903251,725,85,28,167,101374,26.5,80.5,29.8,71.8,,,,,"[{""type"":{""value"":56,""displayName"":""Zone""},""value"":""Back""},{""type"":{""value"":141,""displayName"":""PassEndY""},""value"":""71.8""},{""type"":{""value"":140,""displayName"":""PassEndX""},""value"":""29.8""},{""type"":{""value"":213,""displayName"":""Angle""},""value"":""5.24""},{""type"":{""value"":212,""displayName"":""Length""},""value"":""6.9""}]",true,false,false,false,Pass,Successful,SecondHalf,2025-12-05 23:16:17.240787+00
2879395251,1903251,726,85,31,167,468847,28.4,86.2,55.2,94.1,,,,,"[{""type"":{""value"":140,""displayName"":""PassEndX""},""value"":""55.2""},{""type"":{""value"":56,""displayName"":""Zone""},""value"":""Left""},{""type"":{""value"":213,""displayName"":""Angle""},""value"":""0.19""},{""type"":{""value"":212,""displayName"":""Length""},""value"":""28.6""},{""type"":{""value"":141,""displayName"":""PassEndY""},""value"":""94.1""}]",true,false,false,false,Pass,Successful,SecondHalf,2025-12-05 23:16:17.240787+00
2879395265,1903251,727,85,34,167,397821,55,93.9,53,84.5,,,,,"[{""type"":{""value"":141,""displayName"":""PassEndY""},""value"":""84.5""},{""type"":{""value"":140,""displayName"":""PassEndX""},""value"":""53.0""},{""type"":{""value"":212,""displayName"":""Length""},""value"":""6.7""},{""type"":{""value"":213,""displayName"":""Angle""},""value"":""4.39""},{""type"":{""value"":56,""displayName"":""Zone""},""value"":""Left""}]",true,false,false,false,Pass,Successful,SecondHalf,2025-12-05 23:16:17.240787+00
2879395279,1903251,728,85,35,167,331254,53,84.5,55.9,64.9,,,,,"[{""type"":{""value"":141,""displayName"":""PassEndY""},""value"":""64.9""},{""type"":{""value"":213,""displayName"":""Angle""},""value"":""4.94""},{""type"":{""value"":212,""displayName"":""Length""},""value"":""13.7""},{""type"":{""value"":140,""displayName"":""PassEndX""},""value"":""55.9""},{""type"":{""value"":56,""displayName"":""Zone""},""value"":""Center""}]",true,false,false,false,Pass,Successful,SecondHalf,2025-12-05 23:16:17.240787+00
2879395309,1903251,729,85,37,167,386153,55.8,62.1,44.3,31.5,,,,,"[{""type"":{""value"":212,""displayName"":""Length""},""value"":""24.1""},{""type"":{""value"":141,""displayName"":""PassEndY""},""value"":""31.5""},{""type"":{""value"":213,""displayName"":""Angle""},""value"":""4.19""},{""type"":{""value"":56,""displayName"":""Zone""},""value"":""Back""},{""type"":{""value"":140,""displayName"":""PassEndX""},""value"":""44.3""}]",true,false,false,false,Pass,Successful,SecondHalf,2025-12-05 23:16:17.240787+00
2879395333,1903251,730,85,39,167,394933,44.3,31.3,44.9,40.7,,,,,"[{""type"":{""value"":141,""displayName"":""PassEndY""},""value"":""40.7""},{""type"":{""value"":212,""displayName"":""Length""},""value"":""6.4""},{""type"":{""value"":213,""displayName"":""Angle""},""value"":""1.47""},{""type"":{""value"":140,""displayName"":""PassEndX""},""value"":""44.9""},{""type"":{""value"":56,""displayName"":""Zone""},""value"":""Back""}]",true,false,false,false,Pass,Successful,SecondHalf,2025-12-05 23:16:17.240787+00
2879395359,1903251,828,85,43,170,429174,44,82.6,,,,,,,"[{""type"":{""value"":233,""displayName"":""OppositeRelatedEvent""},""value"":""731""},{""type"":{""value"":56,""displayName"":""Zone""},""value"":""Back""},{""type"":{""value"":285,""displayName"":""Defensive""}}]",false,false,false,false,Challenge,Unsuccessful,SecondHalf,2025-12-05 23:16:17.240787+00
2879395371,1903251,731,85,43,167,136741,56,17.4,,,,,,,"[{""type"":{""value"":233,""displayName"":""OppositeRelatedEvent""},""value"":""828""},{""type"":{""value"":286,""displayName"":""Offensive""}},{""type"":{""value"":56,""displayName"":""Zone""},""value"":""Right""}]",true,false,false,false,TakeOn,Successful,SecondHalf,2025-12-05 23:16:17.240787+00
2879395373,1903251,732,85,45,167,136741,64.2,18.2,,,,,,,"[{""type"":{""value"":13,""displayName"":""Foul""}},{""type"":{""value"":233,""displayName"":""OppositeRelatedEvent""},""value"":""829""},{""type"":{""value"":286,""displayName"":""Offensive""}},{""type"":{""value"":56,""displayName"":""Zone""},""value"":""Right""}]",true,false,false,false,Foul,Successful,SecondHalf,2025-12-05 23:16:17.240787+00
2879395377,1903251,829,85,45,170,322611,35.8,81.8,,,,,,,"[{""type"":{""value"":56,""displayName"":""Zone""},""value"":""Back""},{""type"":{""value"":13,""displayName"":""Foul""}},{""type"":{""value"":285,""displayName"":""Defensive""}},{""type"":{""value"":233,""displayName"":""OppositeRelatedEvent""},""value"":""732""}]",false,false,false,false,Foul,Unsuccessful,SecondHalf,2025-12-05 23:16:17.240787+00
2879395467,1903251,830,85,12,170,363665,54.9,4.6,,,,,,,"[{""type"":{""value"":233,""displayName"":""OppositeRelatedEvent""},""value"":""719""},{""type"":{""value"":286,""displayName"":""Offensive""}},{""type"":{""value"":56,""displayName"":""Zone""},""value"":""Right""}]",false,false,false,false,Aerial,Unsuccessful,SecondHalf,2025-12-05 23:16:17.240787+00
2879395531,1903251,733,86,1,167,136741,61.3,22.2,70.2,4.3,,,,,"[{""type"":{""value"":56,""displayName"":""Zone""},""value"":""Right""},{""type"":{""value"":140,""displayName"":""PassEndX""},""value"":""70.2""},{""type"":{""value"":141,""displayName"":""PassEndY""},""value"":""4.3""},{""type"":{""value"":212,""displayName"":""Length""},""value"":""15.3""},{""type"":{""value"":213,""displayName"":""Angle""},""value"":""5.37""},{""type"":{""value"":5,""displayName"":""FreekickTaken""}}]",true,false,false,false,Pass,Successful,SecondHalf,2025-12-05 23:16:17.240787+00
2879395553,1903251,734,86,3,167,386153,71.1,6,68.4,6.6,,,,,"[{""type"":{""value"":140,""displayName"":""PassEndX""},""value"":""68.4""},{""type"":{""value"":56,""displayName"":""Zone""},""value"":""Right""},{""type"":{""value"":213,""displayName"":""Angle""},""value"":""3.00""},{""type"":{""value"":141,""displayName"":""PassEndY""},""value"":""6.6""},{""type"":{""value"":212,""displayName"":""Length""},""value"":""2.9""}]",true,false,false,false,Pass,Unsuccessful,SecondHalf,2025-12-05 23:16:17.240787+00
2879395593,1903251,735,86,6,167,394933,50.7,10.4,35,33.1,,,,,"[{""type"":{""value"":56,""displayName"":""Zone""},""value"":""Back""},{""type"":{""value"":213,""displayName"":""Angle""},""value"":""2.39""},{""type"":{""value"":140,""displayName"":""PassEndX""},""value"":""35.0""},{""type"":{""value"":212,""displayName"":""Length""},""value"":""22.6""},{""type"":{""value"":141,""displayName"":""PassEndY""},""value"":""33.1""}]",true,false,false,false,Pass,Successful,SecondHalf,2025-12-05 23:16:17.240787+00
2879395635,1903251,736,86,9,167,313171,35,33.1,33.4,68.2,,,,,"[{""type"":{""value"":140,""displayName"":""PassEndX""},""value"":""33.4""},{""type"":{""value"":56,""displayName"":""Zone""},""value"":""Back""},{""type"":{""value"":213,""displayName"":""Angle""},""value"":""1.64""},{""type"":{""value"":141,""displayName"":""PassEndY""},""value"":""68.2""},{""type"":{""value"":212,""displayName"":""Length""},""value"":""23.9""}]",true,false,false,false,Pass,Successful,SecondHalf,2025-12-05 23:16:17.240787+00
2879395659,1903251,831,86,4,170,429174,29.8,93.2,,,,,,,"[{""type"":{""value"":56,""displayName"":""Zone""},""value"":""Back""}]",true,false,false,false,BallTouch,Successful,SecondHalf,2025-12-05 23:16:17.240787+00
2879395693,1903251,737,86,12,167,101374,32.6,63.9,56.1,4.3,,,,,"[{""type"":{""value"":141,""displayName"":""PassEndY""},""value"":""4.3""},{""type"":{""value"":212,""displayName"":""Length""},""value"":""47.4""},{""type"":{""value"":213,""displayName"":""Angle""},""value"":""5.26""},{""type"":{""value"":155,""displayName"":""Chipped""}},{""type"":{""value"":1,""displayName"":""Longball""}},{""type"":{""value"":56,""displayName"":""Zone""},""value"":""Right""},{""type"":{""value"":140,""displayName"":""PassEndX""},""value"":""56.1""}]",true,false,false,false,Pass,Successful,SecondHalf,2025-12-05 23:16:17.240787+00
2879395745,1903251,738,86,17,167,386153,56.2,4.3,62.7,14.1,,,,,"[{""type"":{""value"":56,""displayName"":""Zone""},""value"":""Right""},{""type"":{""value"":140,""displayName"":""PassEndX""},""value"":""62.7""},{""type"":{""value"":141,""displayName"":""PassEndY""},""value"":""14.1""},{""type"":{""value"":212,""displayName"":""Length""},""value"":""9.5""},{""type"":{""value"":213,""displayName"":""Angle""},""value"":""0.77""}]",true,false,false,false,Pass,Successful,SecondHalf,2025-12-05 23:16:17.240787+00
2879395753,1903251,739,86,21,167,136741,74.9,7.1,77.8,21.8,,,,,"[{""type"":{""value"":213,""displayName"":""Angle""},""value"":""1.28""},{""type"":{""value"":212,""displayName"":""Length""},""value"":""10.4""},{""type"":{""value"":141,""displayName"":""PassEndY""},""value"":""21.8""},{""type"":{""value"":56,""displayName"":""Zone""},""value"":""Center""},{""type"":{""value"":140,""displayName"":""PassEndX""},""value"":""77.8""}]",true,false,false,false,Pass,Unsuccessful,SecondHalf,2025-12-05 23:16:17.240787+00
2879395773,1903251,740,86,24,167,136741,74.8,16.1,78.3,19.2,,,,,"[{""type"":{""value"":213,""displayName"":""Angle""},""value"":""0.52""},{""type"":{""value"":140,""displayName"":""PassEndX""},""value"":""78.3""},{""type"":{""value"":56,""displayName"":""Zone""},""value"":""Right""},{""type"":{""value"":212,""displayName"":""Length""},""value"":""4.2""},{""type"":{""value"":141,""displayName"":""PassEndY""},""value"":""19.2""}]",true,false,false,false,Pass,Unsuccessful,SecondHalf,2025-12-05 23:16:17.240787+00
2879395779,1903251,832,86,22,170,396976,19.9,83.2,22.5,91.8,,,,,"[{""type"":{""value"":140,""displayName"":""PassEndX""},""value"":""22.5""},{""type"":{""value"":213,""displayName"":""Angle""},""value"":""1.13""},{""type"":{""value"":56,""displayName"":""Zone""},""value"":""Back""},{""type"":{""value"":212,""displayName"":""Length""},""value"":""6.5""},{""type"":{""value"":141,""displayName"":""PassEndY""},""value"":""91.8""}]",true,false,false,false,Clearance,Successful,SecondHalf,2025-12-05 23:16:17.240787+00
2879395783,1903251,833,86,25,170,396976,22.7,83.5,,,,,,,[],false,false,false,false,BallRecovery,Successful,SecondHalf,2025-12-05 23:16:17.240787+00
2879395789,1903251,834,86,25,170,396976,22.7,83.5,26.7,79.7,,,,,"[{""type"":{""value"":141,""displayName"":""PassEndY""},""value"":""79.7""},{""type"":{""value"":140,""displayName"":""PassEndX""},""value"":""26.7""},{""type"":{""value"":212,""displayName"":""Length""},""value"":""4.9""},{""type"":{""value"":56,""displayName"":""Zone""},""value"":""Back""},{""type"":{""value"":213,""displayName"":""Angle""},""value"":""5.73""}]",true,false,false,false,Pass,Unsuccessful,SecondHalf,2025-12-05 23:16:17.240787+00
2879395799,1903251,741,86,26,167,386153,75,25.3,,,,,,,[],false,false,false,false,BallRecovery,Successful,SecondHalf,2025-12-05 23:16:17.240787+00
2879395827,1903251,742,86,27,167,386153,74.7,27.4,87.6,54.8,,,,,"[{""type"":{""value"":140,""displayName"":""PassEndX""},""value"":""87.6""},{""type"":{""value"":56,""displayName"":""Zone""},""value"":""Center""},{""type"":{""value"":213,""displayName"":""Angle""},""value"":""0.94""},{""type"":{""value"":155,""displayName"":""Chipped""}},{""type"":{""value"":141,""displayName"":""PassEndY""},""value"":""54.8""},{""type"":{""value"":212,""displayName"":""Length""},""value"":""23.0""}]",true,false,false,false,Pass,Unsuccessful,SecondHalf,2025-12-05 23:16:17.240787+00
2879395835,1903251,835,86,29,170,141169,13,43.1,18.6,48.9,,,,,"[{""type"":{""value"":212,""displayName"":""Length""},""value"":""7.1""},{""type"":{""value"":56,""displayName"":""Zone""},""value"":""Back""},{""type"":{""value"":213,""displayName"":""Angle""},""value"":""0.59""},{""type"":{""value"":140,""displayName"":""PassEndX""},""value"":""18.6""},{""type"":{""value"":15,""displayName"":""Head""}},{""type"":{""value"":141,""displayName"":""PassEndY""},""value"":""48.9""}]",true,false,false,false,Clearance,Successful,SecondHalf,2025-12-05 23:16:17.240787+00
2879395839,1903251,836,86,30,170,231135,18.7,48.9,,,,,,,[],false,false,false,false,BallRecovery,Successful,SecondHalf,2025-12-05 23:16:17.240787+00
2879395857,1903251,837,86,30,170,231135,18.7,48.9,24.9,29.7,,,,,"[{""type"":{""value"":141,""displayName"":""PassEndY""},""value"":""29.7""},{""type"":{""value"":140,""displayName"":""PassEndX""},""value"":""24.9""},{""type"":{""value"":212,""displayName"":""Length""},""value"":""14.6""},{""type"":{""value"":213,""displayName"":""Angle""},""value"":""5.17""},{""type"":{""value"":56,""displayName"":""Zone""},""value"":""Back""}]",true,false,false,false,Pass,Successful,SecondHalf,2025-12-05 23:16:17.240787+00
2879395875,1903251,838,86,31,170,363665,24.9,29.7,12,26,,,,,"[{""type"":{""value"":212,""displayName"":""Length""},""value"":""13.8""},{""type"":{""value"":213,""displayName"":""Angle""},""value"":""3.33""},{""type"":{""value"":56,""displayName"":""Zone""},""value"":""Back""},{""type"":{""value"":156,""displayName"":""LayOff""}},{""type"":{""value"":140,""displayName"":""PassEndX""},""value"":""12.0""},{""type"":{""value"":141,""displayName"":""PassEndY""},""value"":""26.0""}]",true,false,false,false,Pass,Successful,SecondHalf,2025-12-05 23:16:17.240787+00
2879395971,1903251,839,86,33,170,141169,12,26,44.2,20.9,,,,,"[{""type"":{""value"":155,""displayName"":""Chipped""}},{""type"":{""value"":140,""displayName"":""PassEndX""},""value"":""44.2""},{""type"":{""value"":1,""displayName"":""Longball""}},{""type"":{""value"":56,""displayName"":""Zone""},""value"":""Back""},{""type"":{""value"":141,""displayName"":""PassEndY""},""value"":""20.9""},{""type"":{""value"":212,""displayName"":""Length""},""value"":""34.0""},{""type"":{""value"":213,""displayName"":""Angle""},""value"":""6.18""}]",true,false,false,false,Pass,Successful,SecondHalf,2025-12-05 23:16:17.240787+00
2879395977,1903251,743,86,42,167,101374,26.3,96.6,,,,,,,"[{""type"":{""value"":56,""displayName"":""Zone""},""value"":""Back""}]",true,false,false,false,BallTouch,Successful,SecondHalf,2025-12-05 23:16:17.240787+00
2879396029,1903251,840,86,41,170,515865,79.6,2.7,81.3,4.1,,,,,"[{""type"":{""value"":213,""displayName"":""Angle""},""value"":""0.49""},{""type"":{""value"":140,""displayName"":""PassEndX""},""value"":""81.3""},{""type"":{""value"":141,""displayName"":""PassEndY""},""value"":""4.1""},{""type"":{""value"":212,""displayName"":""Length""},""value"":""2.0""},{""type"":{""value"":56,""displayName"":""Zone""},""value"":""Right""}]",true,false,false,false,Pass,Unsuccessful,SecondHalf,2025-12-05 23:16:17.240787+00
2879396083,1903251,841,86,46,170,547830,93.4,6.9,82.3,2.5,,,,,"[{""type"":{""value"":213,""displayName"":""Angle""},""value"":""3.39""},{""type"":{""value"":212,""displayName"":""Length""},""value"":""12.0""},{""type"":{""value"":56,""displayName"":""Zone""},""value"":""Right""},{""type"":{""value"":210,""displayName"":""ShotAssist""},""value"":""13""},{""type"":{""value"":141,""displayName"":""PassEndY""},""value"":""2.5""},{""type"":{""value"":140,""displayName"":""PassEndX""},""value"":""82.3""},{""type"":{""value"":11113,""displayName"":""KeyPass""}}]",true,false,false,false,Pass,Successful,SecondHalf,2025-12-05 23:16:17.240787+00
2879396085,1903251,744,86,52,167,331254,8.6,82.3,,,,,,,"[{""type"":{""value"":233,""displayName"":""OppositeRelatedEvent""},""value"":""842""},{""type"":{""value"":285,""displayName"":""Defensive""}},{""type"":{""value"":56,""displayName"":""Zone""},""value"":""Back""}]",false,false,false,false,Challenge,Unsuccessful,SecondHalf,2025-12-05 23:16:17.240787+00
2879396111,1903251,842,86,52,170,363665,91.4,17.7,,,,,,,"[{""type"":{""value"":56,""displayName"":""Zone""},""value"":""Right""},{""type"":{""value"":286,""displayName"":""Offensive""}},{""type"":{""value"":233,""displayName"":""OppositeRelatedEvent""},""value"":""744""}]",true,false,false,false,TakeOn,Successful,SecondHalf,2025-12-05 23:16:17.240787+00
2879396117,1903251,843,86,53,170,363665,88.7,32.3,,,,,59.7,72.6,"[{""type"":{""value"":22,""displayName"":""RegularPlay""}},{""type"":{""value"":77,""displayName"":""HighLeft""}},{""type"":{""value"":215,""displayName"":""IndividualPlay""}},{""type"":{""value"":56,""displayName"":""Zone""},""value"":""Center""},{""type"":{""value"":55,""displayName"":""RelatedEventId""},""value"":""841""},{""type"":{""value"":103,""displayName"":""GoalMouthZ""},""value"":""59.7""},{""type"":{""value"":102,""displayName"":""GoalMouthY""},""value"":""72.6""},{""type"":{""value"":63,""displayName"":""BoxRight""}},{""type"":{""value"":72,""displayName"":""LeftFoot""}},{""type"":{""value"":29,""displayName"":""Assisted""}}]",true,true,false,false,MissedShots,Successful,SecondHalf,2025-12-05 23:16:17.240787+00
2879396473,1903251,746,87,30,167,262515,4.3,60.3,55.7,85.9,,,,,"[{""type"":{""value"":212,""displayName"":""Length""},""value"":""56.7""},{""type"":{""value"":141,""displayName"":""PassEndY""},""value"":""85.9""},{""type"":{""value"":140,""displayName"":""PassEndX""},""value"":""55.7""},{""type"":{""value"":74,""displayName"":""MissHigh""}},{""type"":{""value"":56,""displayName"":""Zone""},""value"":""Left""},{""type"":{""value"":124,""displayName"":""GoalKick""}},{""type"":{""value"":213,""displayName"":""Angle""},""value"":""0.31""},{""type"":{""value"":1,""displayName"":""Longball""}}]",true,false,false,false,Pass,Unsuccessful,SecondHalf,2025-12-05 23:16:17.240787+00
2879396475,1903251,845,87,32,170,321020,44.3,14.1,,,,,,,"[{""type"":{""value"":285,""displayName"":""Defensive""}},{""type"":{""value"":56,""displayName"":""Zone""},""value"":""Back""},{""type"":{""value"":233,""displayName"":""OppositeRelatedEvent""},""value"":""747""}]",false,false,false,false,Aerial,Successful,SecondHalf,2025-12-05 23:16:17.240787+00
2879396481,1903251,747,87,32,167,315227,55.7,85.9,,,,,,,"[{""type"":{""value"":286,""displayName"":""Offensive""}},{""type"":{""value"":56,""displayName"":""Zone""},""value"":""Left""},{""type"":{""value"":233,""displayName"":""OppositeRelatedEvent""},""value"":""845""}]",false,false,false,false,Aerial,Unsuccessful,SecondHalf,2025-12-05 23:16:17.240787+00
2879396485,1903251,846,87,32,170,321020,44.3,14.1,64.1,7.8,,,,,"[{""type"":{""value"":213,""displayName"":""Angle""},""value"":""6.08""},{""type"":{""value"":56,""displayName"":""Zone""},""value"":""Right""},{""type"":{""value"":212,""displayName"":""Length""},""value"":""21.2""},{""type"":{""value"":3,""displayName"":""HeadPass""}},{""type"":{""value"":141,""displayName"":""PassEndY""},""value"":""7.8""},{""type"":{""value"":140,""displayName"":""PassEndX""},""value"":""64.1""}]",true,false,false,false,Pass,Unsuccessful,SecondHalf,2025-12-05 23:16:17.240787+00
2879396521,1903251,748,87,33,167,402664,44.1,89,64.1,78.4,,,,,"[{""type"":{""value"":56,""displayName"":""Zone""},""value"":""Center""},{""type"":{""value"":140,""displayName"":""PassEndX""},""value"":""64.1""},{""type"":{""value"":212,""displayName"":""Length""},""value"":""22.2""},{""type"":{""value"":141,""displayName"":""PassEndY""},""value"":""78.4""},{""type"":{""value"":213,""displayName"":""Angle""},""value"":""5.95""},{""type"":{""value"":3,""displayName"":""HeadPass""}}]",true,false,false,false,Pass,Unsuccessful,SecondHalf,2025-12-05 23:16:17.240787+00
2879396557,1903251,847,87,37,170,231135,34.3,17.9,8.5,46.2,,,,,"[{""type"":{""value"":56,""displayName"":""Zone""},""value"":""Back""},{""type"":{""value"":141,""displayName"":""PassEndY""},""value"":""46.2""},{""type"":{""value"":140,""displayName"":""PassEndX""},""value"":""8.5""},{""type"":{""value"":1,""displayName"":""Longball""}},{""type"":{""value"":213,""displayName"":""Angle""},""value"":""2.52""},{""type"":{""value"":212,""displayName"":""Length""},""value"":""33.2""}]",true,false,false,false,Pass,Successful,SecondHalf,2025-12-05 23:16:17.240787+00
2879396565,1903251,848,87,39,170,92173,7.9,46.8,,,,,,,[],false,false,false,false,BallRecovery,Successful,SecondHalf,2025-12-05 23:16:17.240787+00
2879396597,1903251,849,87,42,170,92173,5.9,44,30.6,1.9,,,,,"[{""type"":{""value"":56,""displayName"":""Zone""},""value"":""Back""},{""type"":{""value"":155,""displayName"":""Chipped""}},{""type"":{""value"":212,""displayName"":""Length""},""value"":""38.6""},{""type"":{""value"":213,""displayName"":""Angle""},""value"":""5.45""},{""type"":{""value"":1,""displayName"":""Longball""}},{""type"":{""value"":140,""displayName"":""PassEndX""},""value"":""30.6""},{""type"":{""value"":141,""displayName"":""PassEndY""},""value"":""1.9""}]",true,false,false,false,Pass,Successful,SecondHalf,2025-12-05 23:16:17.240787+00
2879396609,1903251,850,87,44,170,363665,31.3,3.1,29.1,9.2,,,,,"[{""type"":{""value"":212,""displayName"":""Length""},""value"":""4.7""},{""type"":{""value"":141,""displayName"":""PassEndY""},""value"":""9.2""},{""type"":{""value"":156,""displayName"":""LayOff""}},{""type"":{""value"":140,""displayName"":""PassEndX""},""value"":""29.1""},{""type"":{""value"":213,""displayName"":""Angle""},""value"":""2.08""},{""type"":{""value"":56,""displayName"":""Zone""},""value"":""Back""}]",true,false,false,false,Pass,Successful,SecondHalf,2025-12-05 23:16:17.240787+00
2879396635,1903251,851,87,45,170,141169,29.1,9.3,33.3,3.6,,,,,"[{""type"":{""value"":213,""displayName"":""Angle""},""value"":""5.56""},{""type"":{""value"":56,""displayName"":""Zone""},""value"":""Back""},{""type"":{""value"":212,""displayName"":""Length""},""value"":""5.9""},{""type"":{""value"":141,""displayName"":""PassEndY""},""value"":""3.6""},{""type"":{""value"":140,""displayName"":""PassEndX""},""value"":""33.3""}]",true,false,false,false,Pass,Successful,SecondHalf,2025-12-05 23:16:17.240787+00
2879396639,1903251,852,87,47,170,363665,38.6,6.6,,,,,,,"[{""type"":{""value"":56,""displayName"":""Zone""},""value"":""Back""},{""type"":{""value"":233,""displayName"":""OppositeRelatedEvent""},""value"":""749""},{""type"":{""value"":286,""displayName"":""Offensive""}}]",true,false,false,false,Dispossessed,Successful,SecondHalf,2025-12-05 23:16:17.240787+00
2879396647,1903251,749,87,47,167,402664,61.4,93.4,,,,,,,"[{""type"":{""value"":233,""displayName"":""OppositeRelatedEvent""},""value"":""852""},{""type"":{""value"":56,""displayName"":""Zone""},""value"":""Left""},{""type"":{""value"":285,""displayName"":""Defensive""}}]",true,false,false,false,Tackle,Unsuccessful,SecondHalf,2025-12-05 23:16:17.240787+00
2879396651,1903251,750,87,48,167,402664,55.8,90.5,,,,,,,[],false,false,false,false,BallRecovery,Successful,SecondHalf,2025-12-05 23:16:17.240787+00
2879396707,1903251,751,87,49,167,402664,57.4,85.4,53.7,66.6,,,,,"[{""type"":{""value"":213,""displayName"":""Angle""},""value"":""4.42""},{""type"":{""value"":212,""displayName"":""Length""},""value"":""13.4""},{""type"":{""value"":56,""displayName"":""Zone""},""value"":""Center""},{""type"":{""value"":140,""displayName"":""PassEndX""},""value"":""53.7""},{""type"":{""value"":141,""displayName"":""PassEndY""},""value"":""66.6""}]",true,false,false,false,Pass,Successful,SecondHalf,2025-12-05 23:16:17.240787+00
2879396737,1903251,752,87,53,167,136741,54.1,72.3,69.2,97.2,,,,,"[{""type"":{""value"":213,""displayName"":""Angle""},""value"":""0.82""},{""type"":{""value"":212,""displayName"":""Length""},""value"":""23.2""},{""type"":{""value"":56,""displayName"":""Zone""},""value"":""Left""},{""type"":{""value"":140,""displayName"":""PassEndX""},""value"":""69.2""},{""type"":{""value"":141,""displayName"":""PassEndY""},""value"":""97.2""},{""type"":{""value"":155,""displayName"":""Chipped""}}]",true,false,false,false,Pass,Successful,SecondHalf,2025-12-05 23:16:17.240787+00
2879396843,1903251,753,88,5,167,397821,73.1,64.2,61,60.3,,,,,"[{""type"":{""value"":140,""displayName"":""PassEndX""},""value"":""61.0""},{""type"":{""value"":213,""displayName"":""Angle""},""value"":""3.35""},{""type"":{""value"":212,""displayName"":""Length""},""value"":""13.0""},{""type"":{""value"":141,""displayName"":""PassEndY""},""value"":""60.3""},{""type"":{""value"":56,""displayName"":""Zone""},""value"":""Center""}]",true,false,false,false,Pass,Successful,SecondHalf,2025-12-05 23:16:17.240787+00
2879396863,1903251,754,88,6,167,313171,61,60.2,56.5,77.5,,,,,"[{""type"":{""value"":212,""displayName"":""Length""},""value"":""12.7""},{""type"":{""value"":141,""displayName"":""PassEndY""},""value"":""77.5""},{""type"":{""value"":140,""displayName"":""PassEndX""},""value"":""56.5""},{""type"":{""value"":213,""displayName"":""Angle""},""value"":""1.95""},{""type"":{""value"":56,""displayName"":""Zone""},""value"":""Center""}]",true,false,false,false,Pass,Successful,SecondHalf,2025-12-05 23:16:17.240787+00
2879396923,1903251,755,88,9,167,101374,57,79,56.7,93.9,,,,,"[{""type"":{""value"":56,""displayName"":""Zone""},""value"":""Left""},{""type"":{""value"":212,""displayName"":""Length""},""value"":""10.1""},{""type"":{""value"":213,""displayName"":""Angle""},""value"":""1.60""},{""type"":{""value"":141,""displayName"":""PassEndY""},""value"":""93.9""},{""type"":{""value"":140,""displayName"":""PassEndX""},""value"":""56.7""}]",true,false,false,false,Pass,Successful,SecondHalf,2025-12-05 23:16:17.240787+00
2879396929,1903251,756,88,16,167,468847,76.2,97.2,,,,,,,"[{""type"":{""value"":56,""displayName"":""Zone""},""value"":""Left""},{""type"":{""value"":233,""displayName"":""OppositeRelatedEvent""},""value"":""853""},{""type"":{""value"":286,""displayName"":""Offensive""}}]",true,false,false,false,TakeOn,Unsuccessful,SecondHalf,2025-12-05 23:16:17.240787+00
2879396933,1903251,853,88,16,170,141169,23.8,2.8,,,,,,,"[{""type"":{""value"":233,""displayName"":""OppositeRelatedEvent""},""value"":""756""},{""type"":{""value"":56,""displayName"":""Zone""},""value"":""Back""},{""type"":{""value"":285,""displayName"":""Defensive""}},{""type"":{""value"":178,""displayName"":""StandingSave""}}]",true,false,false,false,Tackle,Successful,SecondHalf,2025-12-05 23:16:17.240787+00
2879397267,1903251,758,88,42,167,402664,80.7,100,94.9,84.4,,,,,"[{""type"":{""value"":140,""displayName"":""PassEndX""},""value"":""94.9""},{""type"":{""value"":141,""displayName"":""PassEndY""},""value"":""84.4""},{""type"":{""value"":56,""displayName"":""Zone""},""value"":""Left""},{""type"":{""value"":212,""displayName"":""Length""},""value"":""18.8""},{""type"":{""value"":107,""displayName"":""ThrowIn""}},{""type"":{""value"":213,""displayName"":""Angle""},""value"":""5.63""}]",true,false,false,false,Pass,Successful,SecondHalf,2025-12-05 23:16:17.240787+00
2879397277,1903251,759,88,46,167,315227,94.4,83.3,86.1,82.1,,,,,"[{""type"":{""value"":141,""displayName"":""PassEndY""},""value"":""82.1""},{""type"":{""value"":140,""displayName"":""PassEndX""},""value"":""86.1""},{""type"":{""value"":56,""displayName"":""Zone""},""value"":""Left""},{""type"":{""value"":213,""displayName"":""Angle""},""value"":""3.23""},{""type"":{""value"":212,""displayName"":""Length""},""value"":""8.8""}]",true,false,false,false,Pass,Successful,SecondHalf,2025-12-05 23:16:17.240787+00
2879397303,1903251,760,88,47,167,331254,86.1,82.1,90.7,92.3,,,,,"[{""type"":{""value"":141,""displayName"":""PassEndY""},""value"":""92.3""},{""type"":{""value"":212,""displayName"":""Length""},""value"":""8.5""},{""type"":{""value"":213,""displayName"":""Angle""},""value"":""0.96""},{""type"":{""value"":56,""displayName"":""Zone""},""value"":""Left""},{""type"":{""value"":140,""displayName"":""PassEndX""},""value"":""90.7""}]",true,false,false,false,Pass,Successful,SecondHalf,2025-12-05 23:16:17.240787+00
2879397325,1903251,761,88,49,167,315227,89.4,94.5,86.8,86,,,,,"[{""type"":{""value"":56,""displayName"":""Zone""},""value"":""Left""},{""type"":{""value"":212,""displayName"":""Length""},""value"":""6.4""},{""type"":{""value"":141,""displayName"":""PassEndY""},""value"":""86.0""},{""type"":{""value"":140,""displayName"":""PassEndX""},""value"":""86.8""},{""type"":{""value"":213,""displayName"":""Angle""},""value"":""4.27""}]",true,false,false,false,Pass,Successful,SecondHalf,2025-12-05 23:16:17.240787+00
2879397327,1903251,762,88,51,167,468847,86.2,87.4,,,,,,,"[{""type"":{""value"":56,""displayName"":""Zone""},""value"":""Left""},{""type"":{""value"":286,""displayName"":""Offensive""}},{""type"":{""value"":233,""displayName"":""OppositeRelatedEvent""},""value"":""855""}]",true,false,false,false,TakeOn,Unsuccessful,SecondHalf,2025-12-05 23:16:17.240787+00
2879397365,1903251,855,88,51,170,141169,13.8,12.6,,,,,,,"[{""type"":{""value"":233,""displayName"":""OppositeRelatedEvent""},""value"":""762""},{""type"":{""value"":178,""displayName"":""StandingSave""}},{""type"":{""value"":285,""displayName"":""Defensive""}},{""type"":{""value"":56,""displayName"":""Zone""},""value"":""Back""}]",true,false,false,false,Tackle,Unsuccessful,SecondHalf,2025-12-05 23:16:17.240787+00
2879397371,1903251,763,88,56,167,397821,95.4,84.4,,,,,,,"[{""type"":{""value"":233,""displayName"":""OppositeRelatedEvent""},""value"":""857""},{""type"":{""value"":286,""displayName"":""Offensive""}},{""type"":{""value"":56,""displayName"":""Zone""},""value"":""Left""}]",true,false,false,false,TakeOn,Unsuccessful,SecondHalf,2025-12-05 23:16:17.240787+00
2879397387,1903251,856,88,56,170,321020,4.8,8.7,4.9,16.7,,,,,"[{""type"":{""value"":56,""displayName"":""Zone""},""value"":""Back""},{""type"":{""value"":213,""displayName"":""Angle""},""value"":""1.55""},{""type"":{""value"":212,""displayName"":""Length""},""value"":""5.4""},{""type"":{""value"":141,""displayName"":""PassEndY""},""value"":""16.7""},{""type"":{""value"":140,""displayName"":""PassEndX""},""value"":""4.9""}]",true,false,false,false,Pass,Unsuccessful,SecondHalf,2025-12-05 23:16:17.240787+00
2879397409,1903251,764,89,0,167,468847,95,88.6,,,,,,,"[{""type"":{""value"":233,""displayName"":""OppositeRelatedEvent""},""value"":""858""},{""type"":{""value"":286,""displayName"":""Offensive""}},{""type"":{""value"":56,""displayName"":""Zone""},""value"":""Left""}]",true,false,false,false,Dispossessed,Successful,SecondHalf,2025-12-05 23:16:17.240787+00
2879397417,1903251,857,88,56,170,231135,4.6,15.6,,,,,,,"[{""type"":{""value"":285,""displayName"":""Defensive""}},{""type"":{""value"":233,""displayName"":""OppositeRelatedEvent""},""value"":""763""},{""type"":{""value"":178,""displayName"":""StandingSave""}},{""type"":{""value"":56,""displayName"":""Zone""},""value"":""Back""}]",true,false,false,false,Tackle,Unsuccessful,SecondHalf,2025-12-05 23:16:17.240787+00
2879397431,1903251,858,89,0,170,321020,5,11.4,,,,,,,"[{""type"":{""value"":285,""displayName"":""Defensive""}},{""type"":{""value"":178,""displayName"":""StandingSave""}},{""type"":{""value"":233,""displayName"":""OppositeRelatedEvent""},""value"":""764""},{""type"":{""value"":56,""displayName"":""Zone""},""value"":""Back""}]",true,false,false,false,Tackle,Successful,SecondHalf,2025-12-05 23:16:17.240787+00
2879397435,1903251,859,89,2,170,321020,4.4,13.2,,,,,,,"[{""type"":{""value"":13,""displayName"":""Foul""}},{""type"":{""value"":56,""displayName"":""Zone""},""value"":""Back""},{""type"":{""value"":285,""displayName"":""Defensive""}},{""type"":{""value"":233,""displayName"":""OppositeRelatedEvent""},""value"":""765""}]",true,false,false,false,Foul,Successful,SecondHalf,2025-12-05 23:16:17.240787+00
2879397437,1903251,765,89,2,167,468847,95.6,86.8,,,,,,,"[{""type"":{""value"":233,""displayName"":""OppositeRelatedEvent""},""value"":""859""},{""type"":{""value"":13,""displayName"":""Foul""}},{""type"":{""value"":286,""displayName"":""Offensive""}},{""type"":{""value"":56,""displayName"":""Zone""},""value"":""Left""}]",false,false,false,false,Foul,Unsuccessful,SecondHalf,2025-12-05 23:16:17.240787+00
2879397755,1903251,766,89,20,167,331254,59.8,95.4,,,,,,,"[{""type"":{""value"":56,""displayName"":""Zone""},""value"":""Left""}]",true,false,false,false,BallTouch,Successful,SecondHalf,2025-12-05 23:16:17.240787+00
2879397881,1903251,861,89,50,170,363665,42.1,0,67.2,12.6,,,,,"[{""type"":{""value"":56,""displayName"":""Zone""},""value"":""Right""},{""type"":{""value"":140,""displayName"":""PassEndX""},""value"":""67.2""},{""type"":{""value"":141,""displayName"":""PassEndY""},""value"":""12.6""},{""type"":{""value"":212,""displayName"":""Length""},""value"":""28.0""},{""type"":{""value"":213,""displayName"":""Angle""},""value"":""0.35""},{""type"":{""value"":1,""displayName"":""Longball""}},{""type"":{""value"":107,""displayName"":""ThrowIn""}}]",true,false,false,false,Pass,Unsuccessful,SecondHalf,2025-12-05 23:16:17.240787+00
2879397889,1903251,768,89,52,167,101374,28.3,80.8,,,,,,,[],false,false,false,false,BallRecovery,Successful,SecondHalf,2025-12-05 23:16:17.240787+00
2879397931,1903251,769,89,53,167,101374,25.5,79.4,28.3,34.6,,,,,"[{""type"":{""value"":56,""displayName"":""Zone""},""value"":""Back""},{""type"":{""value"":140,""displayName"":""PassEndX""},""value"":""28.3""},{""type"":{""value"":141,""displayName"":""PassEndY""},""value"":""34.6""},{""type"":{""value"":212,""displayName"":""Length""},""value"":""30.6""},{""type"":{""value"":213,""displayName"":""Angle""},""value"":""4.81""}]",true,false,false,false,Pass,Successful,SecondHalf,2025-12-05 23:16:17.240787+00
2879397953,1903251,770,89,56,167,313171,29.3,34.5,65.8,41.6,,,,,"[{""type"":{""value"":56,""displayName"":""Zone""},""value"":""Center""},{""type"":{""value"":155,""displayName"":""Chipped""}},{""type"":{""value"":1,""displayName"":""Longball""}},{""type"":{""value"":213,""displayName"":""Angle""},""value"":""0.13""},{""type"":{""value"":212,""displayName"":""Length""},""value"":""38.6""},{""type"":{""value"":141,""displayName"":""PassEndY""},""value"":""41.6""},{""type"":{""value"":140,""displayName"":""PassEndX""},""value"":""65.8""}]",true,false,false,false,Pass,Unsuccessful,SecondHalf,2025-12-05 23:16:17.240787+00
2879397971,1903251,862,90,0,170,396976,34.2,58.4,,,,,,,"[{""type"":{""value"":56,""displayName"":""Zone""},""value"":""Back""}]",true,false,false,false,Interception,Successful,SecondHalf,2025-12-05 23:16:17.240787+00
2879398003,1903251,863,90,1,170,136824,38.5,62.7,24.2,57.4,,,,,"[{""type"":{""value"":212,""displayName"":""Length""},""value"":""15.4""},{""type"":{""value"":213,""displayName"":""Angle""},""value"":""3.38""},{""type"":{""value"":56,""displayName"":""Zone""},""value"":""Back""},{""type"":{""value"":141,""displayName"":""PassEndY""},""value"":""57.4""},{""type"":{""value"":140,""displayName"":""PassEndX""},""value"":""24.2""}]",true,false,false,false,Pass,Successful,SecondHalf,2025-12-05 23:16:17.240787+00
2879398005,1903251,864,90,4,170,231135,25.4,52.7,,,,,,,[],false,false,false,false,BallRecovery,Successful,SecondHalf,2025-12-05 23:16:17.240787+00
2879398041,1903251,865,90,5,170,231135,25.7,52,30.5,42.8,,,,,"[{""type"":{""value"":213,""displayName"":""Angle""},""value"":""5.39""},{""type"":{""value"":56,""displayName"":""Zone""},""value"":""Back""},{""type"":{""value"":140,""displayName"":""PassEndX""},""value"":""30.5""},{""type"":{""value"":141,""displayName"":""PassEndY""},""value"":""42.8""},{""type"":{""value"":212,""displayName"":""Length""},""value"":""8.0""}]",true,false,false,false,Pass,Successful,SecondHalf,2025-12-05 23:16:17.240787+00
2879398081,1903251,772,89,16,167,397821,63.4,92.7,60.2,90.9,,,,,"[{""type"":{""value"":212,""displayName"":""Length""},""value"":""3.6""},{""type"":{""value"":213,""displayName"":""Angle""},""value"":""3.49""},{""type"":{""value"":56,""displayName"":""Zone""},""value"":""Left""},{""type"":{""value"":140,""displayName"":""PassEndX""},""value"":""60.2""},{""type"":{""value"":141,""displayName"":""PassEndY""},""value"":""90.9""}]",true,false,false,false,Pass,Successful,SecondHalf,2025-12-05 23:16:17.240787+00
2879398133,1903251,866,90,9,170,321020,36.6,31.6,48.9,2.7,,,,,"[{""type"":{""value"":56,""displayName"":""Zone""},""value"":""Back""},{""type"":{""value"":141,""displayName"":""PassEndY""},""value"":""2.7""},{""type"":{""value"":212,""displayName"":""Length""},""value"":""23.5""},{""type"":{""value"":140,""displayName"":""PassEndX""},""value"":""48.9""},{""type"":{""value"":213,""displayName"":""Angle""},""value"":""5.29""}]",true,false,false,false,Pass,Successful,SecondHalf,2025-12-05 23:16:17.240787+00
2879398181,1903251,867,90,17,170,363665,54.8,46.4,82.9,85.9,,,,,"[{""type"":{""value"":213,""displayName"":""Angle""},""value"":""0.74""},{""type"":{""value"":212,""displayName"":""Length""},""value"":""39.9""},{""type"":{""value"":141,""displayName"":""PassEndY""},""value"":""85.9""},{""type"":{""value"":1,""displayName"":""Longball""}},{""type"":{""value"":56,""displayName"":""Zone""},""value"":""Left""},{""type"":{""value"":140,""displayName"":""PassEndX""},""value"":""82.9""}]",true,false,false,false,Pass,Successful,SecondHalf,2025-12-05 23:16:17.240787+00
2879398209,1903251,868,90,22,170,429174,84.6,84.1,88.3,42.6,,,,,"[{""type"":{""value"":155,""displayName"":""Chipped""}},{""type"":{""value"":56,""displayName"":""Zone""},""value"":""Center""},{""type"":{""value"":213,""displayName"":""Angle""},""value"":""4.85""},{""type"":{""value"":140,""displayName"":""PassEndX""},""value"":""88.3""},{""type"":{""value"":141,""displayName"":""PassEndY""},""value"":""42.6""},{""type"":{""value"":212,""displayName"":""Length""},""value"":""28.5""},{""type"":{""value"":20,""displayName"":""RightFoot""}},{""type"":{""value"":2,""displayName"":""Cross""}}]",true,false,false,false,Pass,Successful,SecondHalf,2025-12-05 23:16:17.240787+00
2879398215,1903251,869,90,24,170,547830,88.3,42.6,,,,,,,"[{""type"":{""value"":233,""displayName"":""OppositeRelatedEvent""},""value"":""773""},{""type"":{""value"":56,""displayName"":""Zone""},""value"":""Center""},{""type"":{""value"":286,""displayName"":""Offensive""}}]",false,false,false,false,Aerial,Successful,SecondHalf,2025-12-05 23:16:17.240787+00
2879398229,1903251,773,90,24,167,397821,11.7,57.4,,,,,,,"[{""type"":{""value"":56,""displayName"":""Zone""},""value"":""Back""},{""type"":{""value"":285,""displayName"":""Defensive""}},{""type"":{""value"":233,""displayName"":""OppositeRelatedEvent""},""value"":""869""}]",false,false,false,false,Aerial,Unsuccessful,SecondHalf,2025-12-05 23:16:17.240787+00
2879398233,1903251,774,90,26,167,397821,12.8,61.1,,,,,,,"[{""type"":{""value"":56,""displayName"":""Zone""},""value"":""Back""}]",true,false,false,false,BallTouch,Successful,SecondHalf,2025-12-05 23:16:17.240787+00
2879398245,1903251,870,90,27,170,141169,96.9,27.4,91.6,73.2,,,,,"[{""type"":{""value"":212,""displayName"":""Length""},""value"":""31.6""},{""type"":{""value"":141,""displayName"":""PassEndY""},""value"":""73.2""},{""type"":{""value"":20,""displayName"":""RightFoot""}},{""type"":{""value"":213,""displayName"":""Angle""},""value"":""1.75""},{""type"":{""value"":155,""displayName"":""Chipped""}},{""type"":{""value"":2,""displayName"":""Cross""}},{""type"":{""value"":140,""displayName"":""PassEndX""},""value"":""91.6""},{""type"":{""value"":56,""displayName"":""Zone""},""value"":""Center""}]",true,false,false,false,Pass,Successful,SecondHalf,2025-12-05 23:16:17.240787+00
2879398253,1903251,871,90,28,170,429174,91.6,73.2,90.9,60.6,,,,,"[{""type"":{""value"":212,""displayName"":""Length""},""value"":""8.6""},{""type"":{""value"":141,""displayName"":""PassEndY""},""value"":""60.6""},{""type"":{""value"":140,""displayName"":""PassEndX""},""value"":""90.9""},{""type"":{""value"":3,""displayName"":""HeadPass""}},{""type"":{""value"":56,""displayName"":""Zone""},""value"":""Center""},{""type"":{""value"":213,""displayName"":""Angle""},""value"":""4.63""}]",true,false,false,false,Pass,Unsuccessful,SecondHalf,2025-12-05 23:16:17.240787+00
2879398277,1903251,872,89,12,170,231135,8.7,23.9,19.6,33.5,,,,,"[{""type"":{""value"":141,""displayName"":""PassEndY""},""value"":""33.5""},{""type"":{""value"":140,""displayName"":""PassEndX""},""value"":""19.6""},{""type"":{""value"":5,""displayName"":""FreekickTaken""}},{""type"":{""value"":56,""displayName"":""Zone""},""value"":""Back""},{""type"":{""value"":212,""displayName"":""Length""},""value"":""13.2""},{""type"":{""value"":213,""displayName"":""Angle""},""value"":""0.52""}]",true,false,false,false,Pass,Successful,SecondHalf,2025-12-05 23:16:17.240787+00
2879398303,1903251,775,90,31,167,136741,12,34.5,51.7,44.5,,,,,"[{""type"":{""value"":56,""displayName"":""Zone""},""value"":""Center""},{""type"":{""value"":212,""displayName"":""Length""},""value"":""42.2""},{""type"":{""value"":141,""displayName"":""PassEndY""},""value"":""44.5""},{""type"":{""value"":140,""displayName"":""PassEndX""},""value"":""51.7""},{""type"":{""value"":213,""displayName"":""Angle""},""value"":""0.16""}]",true,false,false,false,Clearance,Successful,SecondHalf,2025-12-05 23:16:17.240787+00
2879398333,1903251,873,90,37,170,231135,46.1,56,52.5,75,,,,,"[{""type"":{""value"":56,""displayName"":""Zone""},""value"":""Center""},{""type"":{""value"":213,""displayName"":""Angle""},""value"":""1.09""},{""type"":{""value"":212,""displayName"":""Length""},""value"":""14.6""},{""type"":{""value"":140,""displayName"":""PassEndX""},""value"":""52.5""},{""type"":{""value"":141,""displayName"":""PassEndY""},""value"":""75.0""}]",true,false,false,false,Pass,Successful,SecondHalf,2025-12-05 23:16:17.240787+00
2879398345,1903251,874,90,38,170,396976,52.7,76.2,56.2,92.2,,,,,"[{""type"":{""value"":140,""displayName"":""PassEndX""},""value"":""56.2""},{""type"":{""value"":56,""displayName"":""Zone""},""value"":""Left""},{""type"":{""value"":213,""displayName"":""Angle""},""value"":""1.25""},{""type"":{""value"":141,""displayName"":""PassEndY""},""value"":""92.2""},{""type"":{""value"":212,""displayName"":""Length""},""value"":""11.5""}]",true,false,false,false,Pass,Successful,SecondHalf,2025-12-05 23:16:17.240787+00
2879398351,1903251,875,90,39,170,136824,56,92.7,63,94.5,,,,,"[{""type"":{""value"":212,""displayName"":""Length""},""value"":""7.5""},{""type"":{""value"":213,""displayName"":""Angle""},""value"":""0.17""},{""type"":{""value"":56,""displayName"":""Zone""},""value"":""Left""},{""type"":{""value"":141,""displayName"":""PassEndY""},""value"":""94.5""},{""type"":{""value"":140,""displayName"":""PassEndX""},""value"":""63.0""}]",true,false,false,false,Pass,Successful,SecondHalf,2025-12-05 23:16:17.240787+00
2879398379,1903251,876,90,40,170,429174,63,94.5,50.4,92.4,,,,,"[{""type"":{""value"":213,""displayName"":""Angle""},""value"":""3.25""},{""type"":{""value"":212,""displayName"":""Length""},""value"":""13.3""},{""type"":{""value"":56,""displayName"":""Zone""},""value"":""Left""},{""type"":{""value"":140,""displayName"":""PassEndX""},""value"":""50.4""},{""type"":{""value"":141,""displayName"":""PassEndY""},""value"":""92.4""}]",true,false,false,false,Pass,Successful,SecondHalf,2025-12-05 23:16:17.240787+00
2879398385,1903251,776,89,18,167,331254,60.7,93.8,,,,,,,[],false,false,false,false,BallRecovery,Successful,SecondHalf,2025-12-05 23:16:17.240787+00
2879398401,1903251,877,90,43,170,136824,47.9,75.3,54,34.9,,,,,"[{""type"":{""value"":140,""displayName"":""PassEndX""},""value"":""54.0""},{""type"":{""value"":56,""displayName"":""Zone""},""value"":""Center""},{""type"":{""value"":213,""displayName"":""Angle""},""value"":""4.94""},{""type"":{""value"":212,""displayName"":""Length""},""value"":""28.2""},{""type"":{""value"":141,""displayName"":""PassEndY""},""value"":""34.9""}]",true,false,false,false,Pass,Successful,SecondHalf,2025-12-05 23:16:17.240787+00
2879398403,1903251,878,90,46,170,231135,55.5,31.3,65.6,23.5,,,,,"[{""type"":{""value"":56,""displayName"":""Zone""},""value"":""Center""},{""type"":{""value"":141,""displayName"":""PassEndY""},""value"":""23.5""},{""type"":{""value"":140,""displayName"":""PassEndX""},""value"":""65.6""},{""type"":{""value"":213,""displayName"":""Angle""},""value"":""5.82""},{""type"":{""value"":212,""displayName"":""Length""},""value"":""11.9""}]",true,false,false,false,Pass,Unsuccessful,SecondHalf,2025-12-05 23:16:17.240787+00
2879398421,1903251,777,90,49,167,397821,34.5,73.6,,,,,,,[],false,false,false,false,BallRecovery,Successful,SecondHalf,2025-12-05 23:16:17.240787+00
2879398425,1903251,778,90,49,167,397821,34.5,73.6,41.5,68.5,,,,,"[{""type"":{""value"":140,""displayName"":""PassEndX""},""value"":""41.5""},{""type"":{""value"":141,""displayName"":""PassEndY""},""value"":""68.5""},{""type"":{""value"":213,""displayName"":""Angle""},""value"":""5.84""},{""type"":{""value"":212,""displayName"":""Length""},""value"":""8.1""},{""type"":{""value"":56,""displayName"":""Zone""},""value"":""Back""}]",true,false,false,false,Pass,Unsuccessful,SecondHalf,2025-12-05 23:16:17.240787+00
2879398441,1903251,880,90,51,170,231135,58.5,31.5,,,,,,,"[{""type"":{""value"":56,""displayName"":""Zone""},""value"":""Center""}]",true,false,false,false,BallTouch,Successful,SecondHalf,2025-12-05 23:16:17.240787+00
2879398465,1903251,779,90,52,167,315227,62.8,57.1,,,,,,,"[{""type"":{""value"":233,""displayName"":""OppositeRelatedEvent""},""value"":""881""},{""type"":{""value"":56,""displayName"":""Zone""},""value"":""Center""},{""type"":{""value"":286,""displayName"":""Offensive""}}]",false,false,false,false,Aerial,Successful,SecondHalf,2025-12-05 23:16:17.240787+00
2879398469,1903251,881,90,52,170,396976,37.2,42.9,,,,,,,"[{""type"":{""value"":56,""displayName"":""Zone""},""value"":""Back""},{""type"":{""value"":285,""displayName"":""Defensive""}},{""type"":{""value"":233,""displayName"":""OppositeRelatedEvent""},""value"":""779""}]",false,false,false,false,Aerial,Unsuccessful,SecondHalf,2025-12-05 23:16:17.240787+00
2879398497,1903251,780,90,52,167,315227,64.8,58.5,69.5,41.3,,,,,"[{""type"":{""value"":56,""displayName"":""Zone""},""value"":""Center""},{""type"":{""value"":213,""displayName"":""Angle""},""value"":""5.11""},{""type"":{""value"":3,""displayName"":""HeadPass""}},{""type"":{""value"":212,""displayName"":""Length""},""value"":""12.7""},{""type"":{""value"":141,""displayName"":""PassEndY""},""value"":""41.3""},{""type"":{""value"":140,""displayName"":""PassEndX""},""value"":""69.5""}]",true,false,false,false,Pass,Successful,SecondHalf,2025-12-05 23:16:17.240787+00
2879398499,1903251,882,90,56,170,321020,22.4,59.8,,,,,,,"[{""type"":{""value"":178,""displayName"":""StandingSave""}},{""type"":{""value"":56,""displayName"":""Zone""},""value"":""Back""},{""type"":{""value"":285,""displayName"":""Defensive""}},{""type"":{""value"":233,""displayName"":""OppositeRelatedEvent""},""value"":""781""}]",true,false,false,false,Tackle,Unsuccessful,SecondHalf,2025-12-05 23:16:17.240787+00
2879398501,1903251,781,90,56,167,397821,77.6,40.2,,,,,,,"[{""type"":{""value"":286,""displayName"":""Offensive""}},{""type"":{""value"":56,""displayName"":""Zone""},""value"":""Center""},{""type"":{""value"":233,""displayName"":""OppositeRelatedEvent""},""value"":""882""}]",true,false,false,false,Dispossessed,Successful,SecondHalf,2025-12-05 23:16:17.240787+00
2879398503,1903251,782,90,57,167,397821,77.8,38.2,,,,,,,"[{""type"":{""value"":56,""displayName"":""Zone""},""value"":""Center""}]",true,false,false,false,BallTouch,Successful,SecondHalf,2025-12-05 23:16:17.240787+00
2879398515,1903251,883,90,58,170,92173,12.6,53,,,,,,,[],false,false,false,false,KeeperPickup,Successful,SecondHalf,2025-12-05 23:16:17.240787+00
2879398539,1903251,884,90,59,170,92173,13.7,53.5,38.3,79.4,,,,,"[{""type"":{""value"":212,""displayName"":""Length""},""value"":""31.3""},{""type"":{""value"":141,""displayName"":""PassEndY""},""value"":""79.4""},{""type"":{""value"":56,""displayName"":""Zone""},""value"":""Back""},{""type"":{""value"":213,""displayName"":""Angle""},""value"":""0.60""},{""type"":{""value"":123,""displayName"":""KeeperThrow""}},{""type"":{""value"":140,""displayName"":""PassEndX""},""value"":""38.3""}]",true,false,false,false,Pass,Unsuccessful,SecondHalf,2025-12-05 23:16:17.240787+00
2879398543,1903251,783,91,1,167,136741,61.7,20.6,,,,,,,"[{""type"":{""value"":56,""displayName"":""Zone""},""value"":""Right""}]",true,false,false,false,Interception,Successful,SecondHalf,2025-12-05 23:16:17.240787+00
2879398549,1903251,784,91,2,167,136741,64.6,16.5,,,,,,,[],false,false,false,false,BallRecovery,Successful,SecondHalf,2025-12-05 23:16:17.240787+00
2879398587,1903251,785,91,4,167,136741,72.2,4,70.9,17.3,,,,,"[{""type"":{""value"":155,""displayName"":""Chipped""}},{""type"":{""value"":56,""displayName"":""Zone""},""value"":""Right""},{""type"":{""value"":213,""displayName"":""Angle""},""value"":""1.72""},{""type"":{""value"":212,""displayName"":""Length""},""value"":""9.1""},{""type"":{""value"":140,""displayName"":""PassEndX""},""value"":""70.9""},{""type"":{""value"":141,""displayName"":""PassEndY""},""value"":""17.3""}]",true,false,false,false,Pass,Successful,SecondHalf,2025-12-05 23:16:17.240787+00
2879398605,1903251,885,89,13,170,136824,21.2,38,26.2,23.3,,,,,"[{""type"":{""value"":140,""displayName"":""PassEndX""},""value"":""26.2""},{""type"":{""value"":56,""displayName"":""Zone""},""value"":""Back""},{""type"":{""value"":141,""displayName"":""PassEndY""},""value"":""23.3""},{""type"":{""value"":212,""displayName"":""Length""},""value"":""11.3""},{""type"":{""value"":213,""displayName"":""Angle""},""value"":""5.20""}]",true,false,false,false,Pass,Successful,SecondHalf,2025-12-05 23:16:17.240787+00
2879398609,1903251,886,89,15,170,321020,21.8,21.8,,,,,,,"[{""type"":{""value"":56,""displayName"":""Zone""},""value"":""Back""}]",true,false,false,false,BallTouch,Unsuccessful,SecondHalf,2025-12-05 23:16:17.240787+00
2879398611,1903251,786,91,7,167,386153,68.7,22.1,60.8,8.9,,,,,"[{""type"":{""value"":140,""displayName"":""PassEndX""},""value"":""60.8""},{""type"":{""value"":213,""displayName"":""Angle""},""value"":""3.97""},{""type"":{""value"":56,""displayName"":""Zone""},""value"":""Right""},{""type"":{""value"":141,""displayName"":""PassEndY""},""value"":""8.9""},{""type"":{""value"":212,""displayName"":""Length""},""value"":""12.2""}]",true,false,false,false,Pass,Successful,SecondHalf,2025-12-05 23:16:17.240787+00
2879398643,1903251,787,91,9,167,394933,60.8,8.9,65.6,24.9,,,,,"[{""type"":{""value"":141,""displayName"":""PassEndY""},""value"":""24.9""},{""type"":{""value"":212,""displayName"":""Length""},""value"":""12.0""},{""type"":{""value"":56,""displayName"":""Zone""},""value"":""Center""},{""type"":{""value"":140,""displayName"":""PassEndX""},""value"":""65.6""},{""type"":{""value"":213,""displayName"":""Angle""},""value"":""1.14""}]",true,false,false,false,Pass,Successful,SecondHalf,2025-12-05 23:16:17.240787+00
2879398677,1903251,788,91,12,167,386153,72.2,28.9,87,23,,,,,"[{""type"":{""value"":141,""displayName"":""PassEndY""},""value"":""23.0""},{""type"":{""value"":140,""displayName"":""PassEndX""},""value"":""87.0""},{""type"":{""value"":56,""displayName"":""Zone""},""value"":""Center""},{""type"":{""value"":212,""displayName"":""Length""},""value"":""16.0""},{""type"":{""value"":213,""displayName"":""Angle""},""value"":""6.03""}]",true,false,false,false,Pass,Successful,SecondHalf,2025-12-05 23:16:17.240787+00
2879398711,1903251,789,91,16,167,468847,88.4,13.4,74.5,3.2,,,,,"[{""type"":{""value"":213,""displayName"":""Angle""},""value"":""3.59""},{""type"":{""value"":56,""displayName"":""Zone""},""value"":""Right""},{""type"":{""value"":141,""displayName"":""PassEndY""},""value"":""3.2""},{""type"":{""value"":212,""displayName"":""Length""},""value"":""16.2""},{""type"":{""value"":140,""displayName"":""PassEndX""},""value"":""74.5""}]",true,false,false,false,Pass,Successful,SecondHalf,2025-12-05 23:16:17.240787+00
2879398729,1903251,790,91,20,167,394933,73,7.9,55.2,23.9,,,,,"[{""type"":{""value"":213,""displayName"":""Angle""},""value"":""2.61""},{""type"":{""value"":56,""displayName"":""Zone""},""value"":""Center""},{""type"":{""value"":212,""displayName"":""Length""},""value"":""21.6""},{""type"":{""value"":141,""displayName"":""PassEndY""},""value"":""23.9""},{""type"":{""value"":140,""displayName"":""PassEndX""},""value"":""55.2""}]",true,false,false,false,Pass,Successful,SecondHalf,2025-12-05 23:16:17.240787+00
2879398749,1903251,791,91,22,167,313171,55.1,23.9,51.5,47.5,,,,,"[{""type"":{""value"":213,""displayName"":""Angle""},""value"":""1.80""},{""type"":{""value"":212,""displayName"":""Length""},""value"":""16.5""},{""type"":{""value"":56,""displayName"":""Zone""},""value"":""Center""},{""type"":{""value"":140,""displayName"":""PassEndX""},""value"":""51.5""},{""type"":{""value"":141,""displayName"":""PassEndY""},""value"":""47.5""}]",true,false,false,false,Pass,Successful,SecondHalf,2025-12-05 23:16:17.240787+00
2879398777,1903251,792,91,24,167,101374,51.5,47.5,87.3,100,,,,,"[{""type"":{""value"":56,""displayName"":""Zone""},""value"":""Left""},{""type"":{""value"":140,""displayName"":""PassEndX""},""value"":""87.3""},{""type"":{""value"":141,""displayName"":""PassEndY""},""value"":""100.0""},{""type"":{""value"":155,""displayName"":""Chipped""}},{""type"":{""value"":1,""displayName"":""Longball""}},{""type"":{""value"":213,""displayName"":""Angle""},""value"":""0.77""},{""type"":{""value"":212,""displayName"":""Length""},""value"":""52.6""}]",true,false,false,false,Pass,Unsuccessful,SecondHalf,2025-12-05 23:16:17.240787+00
2879398867,1903251,888,91,33,170,141169,17.6,0,10.6,22,,,,,"[{""type"":{""value"":107,""displayName"":""ThrowIn""}},{""type"":{""value"":56,""displayName"":""Zone""},""value"":""Back""},{""type"":{""value"":213,""displayName"":""Angle""},""value"":""2.00""},{""type"":{""value"":140,""displayName"":""PassEndX""},""value"":""10.6""},{""type"":{""value"":141,""displayName"":""PassEndY""},""value"":""22.0""},{""type"":{""value"":212,""displayName"":""Length""},""value"":""17.6""}]",true,false,false,false,Pass,Successful,SecondHalf,2025-12-05 23:16:17.240787+00
2879398935,1903251,889,91,36,170,231135,11,23.5,15.9,68.7,,,,,"[{""type"":{""value"":213,""displayName"":""Angle""},""value"":""1.40""},{""type"":{""value"":56,""displayName"":""Zone""},""value"":""Back""},{""type"":{""value"":140,""displayName"":""PassEndX""},""value"":""15.9""},{""type"":{""value"":141,""displayName"":""PassEndY""},""value"":""68.7""},{""type"":{""value"":212,""displayName"":""Length""},""value"":""31.2""}]",true,false,false,false,Pass,Successful,SecondHalf,2025-12-05 23:16:17.240787+00
2879398945,1903251,890,91,41,170,396976,20.3,72.8,39.2,64.9,,,,,"[{""type"":{""value"":213,""displayName"":""Angle""},""value"":""6.02""},{""type"":{""value"":140,""displayName"":""PassEndX""},""value"":""39.2""},{""type"":{""value"":56,""displayName"":""Zone""},""value"":""Back""},{""type"":{""value"":212,""displayName"":""Length""},""value"":""20.6""},{""type"":{""value"":141,""displayName"":""PassEndY""},""value"":""64.9""}]",true,false,false,false,Pass,Successful,SecondHalf,2025-12-05 23:16:17.240787+00
2879398953,1903251,891,91,42,170,136824,39.4,64.9,26.8,67.2,,,,,"[{""type"":{""value"":212,""displayName"":""Length""},""value"":""13.3""},{""type"":{""value"":213,""displayName"":""Angle""},""value"":""3.02""},{""type"":{""value"":56,""displayName"":""Zone""},""value"":""Back""},{""type"":{""value"":156,""displayName"":""LayOff""}},{""type"":{""value"":140,""displayName"":""PassEndX""},""value"":""26.8""},{""type"":{""value"":141,""displayName"":""PassEndY""},""value"":""67.2""}]",true,false,false,false,Pass,Successful,SecondHalf,2025-12-05 23:16:17.240787+00
2879398993,1903251,892,91,46,170,321020,33,59.8,37.7,35.1,,,,,"[{""type"":{""value"":56,""displayName"":""Zone""},""value"":""Back""},{""type"":{""value"":213,""displayName"":""Angle""},""value"":""5.00""},{""type"":{""value"":212,""displayName"":""Length""},""value"":""17.5""},{""type"":{""value"":140,""displayName"":""PassEndX""},""value"":""37.7""},{""type"":{""value"":141,""displayName"":""PassEndY""},""value"":""35.1""}]",true,false,false,false,Pass,Successful,SecondHalf,2025-12-05 23:16:17.240787+00
2879399133,1903251,893,91,48,170,231135,41.3,28.4,57.1,4.9,,,,,"[{""type"":{""value"":140,""displayName"":""PassEndX""},""value"":""57.1""},{""type"":{""value"":212,""displayName"":""Length""},""value"":""23.0""},{""type"":{""value"":141,""displayName"":""PassEndY""},""value"":""4.9""},{""type"":{""value"":56,""displayName"":""Zone""},""value"":""Right""},{""type"":{""value"":213,""displayName"":""Angle""},""value"":""5.52""}]",true,false,false,false,Pass,Successful,SecondHalf,2025-12-05 23:16:17.240787+00
2879399179,1903251,894,91,59,170,363665,62.6,41.6,81.3,92.5,,,,,"[{""type"":{""value"":212,""displayName"":""Length""},""value"":""39.8""},{""type"":{""value"":141,""displayName"":""PassEndY""},""value"":""92.5""},{""type"":{""value"":1,""displayName"":""Longball""}},{""type"":{""value"":56,""displayName"":""Zone""},""value"":""Left""},{""type"":{""value"":213,""displayName"":""Angle""},""value"":""1.05""},{""type"":{""value"":155,""displayName"":""Chipped""}},{""type"":{""value"":140,""displayName"":""PassEndX""},""value"":""81.3""}]",true,false,false,false,Pass,Successful,SecondHalf,2025-12-05 23:16:17.240787+00
2879399183,1903251,794,92,4,167,394933,11.6,13.7,,,,,,,"[{""type"":{""value"":285,""displayName"":""Defensive""}},{""type"":{""value"":178,""displayName"":""StandingSave""}},{""type"":{""value"":56,""displayName"":""Zone""},""value"":""Back""},{""type"":{""value"":233,""displayName"":""OppositeRelatedEvent""},""value"":""895""}]",true,false,false,false,Tackle,Unsuccessful,SecondHalf,2025-12-05 23:16:17.240787+00
2879399185,1903251,895,92,4,170,429174,88.4,86.3,,,,,,,"[{""type"":{""value"":286,""displayName"":""Offensive""}},{""type"":{""value"":56,""displayName"":""Zone""},""value"":""Left""},{""type"":{""value"":233,""displayName"":""OppositeRelatedEvent""},""value"":""794""}]",true,false,false,false,TakeOn,Unsuccessful,SecondHalf,2025-12-05 23:16:17.240787+00
2879399211,1903251,896,92,6,170,429174,88.4,87.7,,,,,,,"[{""type"":{""value"":56,""displayName"":""Zone""},""value"":""Left""}]",true,false,false,false,BallTouch,Successful,SecondHalf,2025-12-05 23:16:17.240787+00
2879399217,1903251,795,92,7,167,394933,8.9,18.8,,,,,,,"[{""type"":{""value"":233,""displayName"":""OppositeRelatedEvent""},""value"":""897""},{""type"":{""value"":285,""displayName"":""Defensive""}},{""type"":{""value"":13,""displayName"":""Foul""}},{""type"":{""value"":56,""displayName"":""Zone""},""value"":""Back""}]",true,false,false,false,Foul,Successful,SecondHalf,2025-12-05 23:16:17.240787+00
2879399235,1903251,897,92,7,170,429174,91.1,81.2,,,,,,,"[{""type"":{""value"":286,""displayName"":""Offensive""}},{""type"":{""value"":233,""displayName"":""OppositeRelatedEvent""},""value"":""795""},{""type"":{""value"":13,""displayName"":""Foul""}},{""type"":{""value"":56,""displayName"":""Zone""},""value"":""Left""}]",false,false,false,false,Foul,Unsuccessful,SecondHalf,2025-12-05 23:16:17.240787+00
2879399705,1903251,796,92,43,167,262515,14.1,23,64.4,27.4,,,,,"[{""type"":{""value"":5,""displayName"":""FreekickTaken""}},{""type"":{""value"":141,""displayName"":""PassEndY""},""value"":""27.4""},{""type"":{""value"":140,""displayName"":""PassEndX""},""value"":""64.4""},{""type"":{""value"":56,""displayName"":""Zone""},""value"":""Center""},{""type"":{""value"":1,""displayName"":""Longball""}},{""type"":{""value"":213,""displayName"":""Angle""},""value"":""0.06""},{""type"":{""value"":212,""displayName"":""Length""},""value"":""52.9""}]",true,false,false,false,Pass,Successful,SecondHalf,2025-12-05 23:16:17.240787+00
2879399713,1903251,797,92,46,167,315227,64.4,27.6,,,,,,,"[{""type"":{""value"":56,""displayName"":""Zone""},""value"":""Center""}]",true,false,false,false,BallTouch,Unsuccessful,SecondHalf,2025-12-05 23:16:17.240787+00
2879399763,1903251,898,92,47,170,321020,41.2,67,2.3,58.3,,,,,"[{""type"":{""value"":212,""displayName"":""Length""},""value"":""41.3""},{""type"":{""value"":141,""displayName"":""PassEndY""},""value"":""58.3""},{""type"":{""value"":140,""displayName"":""PassEndX""},""value"":""2.3""},{""type"":{""value"":155,""displayName"":""Chipped""}},{""type"":{""value"":1,""displayName"":""Longball""}},{""type"":{""value"":213,""displayName"":""Angle""},""value"":""3.29""},{""type"":{""value"":56,""displayName"":""Zone""},""value"":""Back""}]",true,false,false,false,Pass,Successful,SecondHalf,2025-12-05 23:16:17.240787+00
2879399769,1903251,899,92,50,170,92173,2.3,58.3,,,,,,,[],false,false,false,false,BallRecovery,Successful,SecondHalf,2025-12-05 23:16:17.240787+00
2879399793,1903251,900,92,51,170,92173,2.2,58.9,9.1,83.5,,,,,"[{""type"":{""value"":141,""displayName"":""PassEndY""},""value"":""83.5""},{""type"":{""value"":140,""displayName"":""PassEndX""},""value"":""9.1""},{""type"":{""value"":213,""displayName"":""Angle""},""value"":""1.16""},{""type"":{""value"":212,""displayName"":""Length""},""value"":""18.2""},{""type"":{""value"":56,""displayName"":""Zone""},""value"":""Back""}]",true,false,false,false,Pass,Successful,SecondHalf,2025-12-05 23:16:17.240787+00
2879399825,1903251,901,92,54,170,396976,9.6,85.3,35.9,84.2,,,,,"[{""type"":{""value"":155,""displayName"":""Chipped""}},{""type"":{""value"":56,""displayName"":""Zone""},""value"":""Back""},{""type"":{""value"":141,""displayName"":""PassEndY""},""value"":""84.2""},{""type"":{""value"":140,""displayName"":""PassEndX""},""value"":""35.9""},{""type"":{""value"":212,""displayName"":""Length""},""value"":""27.6""},{""type"":{""value"":213,""displayName"":""Angle""},""value"":""6.26""}]",true,false,false,false,Pass,Unsuccessful,SecondHalf,2025-12-05 23:16:17.240787+00
2879399837,1903251,798,92,57,167,394933,64.1,15.8,,,,,,,"[{""type"":{""value"":56,""displayName"":""Zone""},""value"":""Right""},{""type"":{""value"":286,""displayName"":""Offensive""}},{""type"":{""value"":233,""displayName"":""OppositeRelatedEvent""},""value"":""902""}]",false,false,false,false,Aerial,Successful,SecondHalf,2025-12-05 23:16:17.240787+00
2879399839,1903251,902,92,57,170,547830,35.9,84.2,,,,,,,"[{""type"":{""value"":233,""displayName"":""OppositeRelatedEvent""},""value"":""798""},{""type"":{""value"":285,""displayName"":""Defensive""}},{""type"":{""value"":56,""displayName"":""Zone""},""value"":""Back""}]",false,false,false,false,Aerial,Unsuccessful,SecondHalf,2025-12-05 23:16:17.240787+00
2879399841,1903251,799,92,58,167,394933,57.4,12.5,,,,,,,"[{""type"":{""value"":56,""displayName"":""Zone""},""value"":""Right""}]",true,false,false,false,BallTouch,Successful,SecondHalf,2025-12-05 23:16:17.240787+00
2879399855,1903251,904,93,0,170,321020,33.5,52.1,38.2,36.4,,,,,"[{""type"":{""value"":213,""displayName"":""Angle""},""value"":""5.15""},{""type"":{""value"":56,""displayName"":""Zone""},""value"":""Back""},{""type"":{""value"":212,""displayName"":""Length""},""value"":""11.8""},{""type"":{""value"":140,""displayName"":""PassEndX""},""value"":""38.2""},{""type"":{""value"":141,""displayName"":""PassEndY""},""value"":""36.4""}]",true,false,false,false,Pass,Unsuccessful,SecondHalf,2025-12-05 23:16:17.240787+00
2879399865,1903251,800,93,1,167,402664,61.8,63.6,,,,,,,"[{""type"":{""value"":56,""displayName"":""Zone""},""value"":""Center""}]",true,false,false,false,Interception,Successful,SecondHalf,2025-12-05 23:16:17.240787+00
2879399889,1903251,801,93,2,167,386153,72.1,29.4,,,,,,,[],false,false,false,false,BallRecovery,Successful,SecondHalf,2025-12-05 23:16:17.240787+00
2879399957,1903251,802,93,3,167,386153,72.8,30.6,85.3,41.5,,,,,"[{""type"":{""value"":141,""displayName"":""PassEndY""},""value"":""41.5""},{""type"":{""value"":140,""displayName"":""PassEndX""},""value"":""85.3""},{""type"":{""value"":212,""displayName"":""Length""},""value"":""15.1""},{""type"":{""value"":213,""displayName"":""Angle""},""value"":""0.51""},{""type"":{""value"":56,""displayName"":""Zone""},""value"":""Center""},{""type"":{""value"":4,""displayName"":""Throughball""}}]",true,false,false,false,Pass,Successful,SecondHalf,2025-12-05 23:16:17.240787+00
2879399959,1903251,803,93,7,167,402664,88.3,43.6,91.6,55.6,,,,,"[{""type"":{""value"":212,""displayName"":""Length""},""value"":""8.9""},{""type"":{""value"":141,""displayName"":""PassEndY""},""value"":""55.6""},{""type"":{""value"":213,""displayName"":""Angle""},""value"":""1.17""},{""type"":{""value"":56,""displayName"":""Zone""},""value"":""Center""},{""type"":{""value"":140,""displayName"":""PassEndX""},""value"":""91.6""}]",true,false,false,false,Pass,Unsuccessful,SecondHalf,2025-12-05 23:16:17.240787+00
2879399989,1903251,804,93,11,167,386153,78.2,14.4,72.5,19.8,,,,,"[{""type"":{""value"":56,""displayName"":""Zone""},""value"":""Right""},{""type"":{""value"":213,""displayName"":""Angle""},""value"":""2.59""},{""type"":{""value"":140,""displayName"":""PassEndX""},""value"":""72.5""},{""type"":{""value"":141,""displayName"":""PassEndY""},""value"":""19.8""},{""type"":{""value"":212,""displayName"":""Length""},""value"":""7.0""}]",true,false,false,false,Pass,Successful,SecondHalf,2025-12-05 23:16:17.240787+00
2879400011,1903251,805,93,12,167,136741,76.3,16.8,78.7,9.8,,,,,"[{""type"":{""value"":141,""displayName"":""PassEndY""},""value"":""9.8""},{""type"":{""value"":212,""displayName"":""Length""},""value"":""5.4""},{""type"":{""value"":56,""displayName"":""Zone""},""value"":""Right""},{""type"":{""value"":213,""displayName"":""Angle""},""value"":""5.20""},{""type"":{""value"":140,""displayName"":""PassEndX""},""value"":""78.7""}]",true,false,false,false,Pass,Successful,SecondHalf,2025-12-05 23:16:17.240787+00
2879400035,1903251,905,93,7,170,231135,8.4,44.4,,,,,,,"[{""type"":{""value"":56,""displayName"":""Zone""},""value"":""Back""},{""type"":{""value"":14,""displayName"":""LastMan""}}]",true,false,false,false,Interception,Successful,SecondHalf,2025-12-05 23:16:17.240787+00
2879400041,1903251,806,93,14,167,386153,82.1,8.9,75.4,25.9,,,,,"[{""type"":{""value"":212,""displayName"":""Length""},""value"":""13.5""},{""type"":{""value"":141,""displayName"":""PassEndY""},""value"":""25.9""},{""type"":{""value"":213,""displayName"":""Angle""},""value"":""2.12""},{""type"":{""value"":56,""displayName"":""Zone""},""value"":""Center""},{""type"":{""value"":140,""displayName"":""PassEndX""},""value"":""75.4""}]",true,false,false,false,Pass,Successful,SecondHalf,2025-12-05 23:16:17.240787+00
2879400049,1903251,807,93,17,167,331254,74.1,24.6,63.7,21,,,,,"[{""type"":{""value"":141,""displayName"":""PassEndY""},""value"":""21.0""},{""type"":{""value"":212,""displayName"":""Length""},""value"":""11.2""},{""type"":{""value"":213,""displayName"":""Angle""},""value"":""3.36""},{""type"":{""value"":56,""displayName"":""Zone""},""value"":""Right""},{""type"":{""value"":140,""displayName"":""PassEndX""},""value"":""63.7""}]",true,false,false,false,Pass,Successful,SecondHalf,2025-12-05 23:16:17.240787+00
2879400071,1903251,808,93,18,167,468847,63.7,21,57,12.2,,,,,"[{""type"":{""value"":141,""displayName"":""PassEndY""},""value"":""12.2""},{""type"":{""value"":140,""displayName"":""PassEndX""},""value"":""57.0""},{""type"":{""value"":56,""displayName"":""Zone""},""value"":""Right""},{""type"":{""value"":213,""displayName"":""Angle""},""value"":""3.85""},{""type"":{""value"":212,""displayName"":""Length""},""value"":""9.2""}]",true,false,false,false,Pass,Successful,SecondHalf,2025-12-05 23:16:17.240787+00
2879400103,1903251,809,93,19,167,394933,55.5,11.7,45.7,42.7,,,,,"[{""type"":{""value"":213,""displayName"":""Angle""},""value"":""2.02""},{""type"":{""value"":56,""displayName"":""Zone""},""value"":""Back""},{""type"":{""value"":140,""displayName"":""PassEndX""},""value"":""45.7""},{""type"":{""value"":141,""displayName"":""PassEndY""},""value"":""42.7""},{""type"":{""value"":212,""displayName"":""Length""},""value"":""23.5""}]",true,false,false,false,Pass,Successful,SecondHalf,2025-12-05 23:16:17.240787+00
2879400135,1903251,810,93,22,167,313171,45.5,44.9,41.1,76.3,,,,,"[{""type"":{""value"":56,""displayName"":""Zone""},""value"":""Back""},{""type"":{""value"":140,""displayName"":""PassEndX""},""value"":""41.1""},{""type"":{""value"":141,""displayName"":""PassEndY""},""value"":""76.3""},{""type"":{""value"":213,""displayName"":""Angle""},""value"":""1.78""},{""type"":{""value"":212,""displayName"":""Length""},""value"":""21.8""}]",true,false,false,false,Pass,Successful,SecondHalf,2025-12-05 23:16:17.240787+00
2879400181,1903251,811,93,26,167,101374,40.9,65.8,31.7,50.1,,,,,"[{""type"":{""value"":212,""displayName"":""Length""},""value"":""14.4""},{""type"":{""value"":140,""displayName"":""PassEndX""},""value"":""31.7""},{""type"":{""value"":141,""displayName"":""PassEndY""},""value"":""50.1""},{""type"":{""value"":56,""displayName"":""Zone""},""value"":""Back""},{""type"":{""value"":213,""displayName"":""Angle""},""value"":""3.98""}]",true,false,false,false,Pass,Successful,SecondHalf,2025-12-05 23:16:17.240787+00
2879400211,1903251,812,93,29,167,313171,28,37.3,29.5,18.9,,,,,"[{""type"":{""value"":56,""displayName"":""Zone""},""value"":""Back""},{""type"":{""value"":140,""displayName"":""PassEndX""},""value"":""29.5""},{""type"":{""value"":141,""displayName"":""PassEndY""},""value"":""18.9""},{""type"":{""value"":212,""displayName"":""Length""},""value"":""12.6""},{""type"":{""value"":213,""displayName"":""Angle""},""value"":""4.84""}]",true,false,false,false,Pass,Successful,SecondHalf,2025-12-05 23:16:17.240787+00
2879400215,1903251,813,93,31,167,394933,30,16.7,31,16.7,,,,,"[{""type"":{""value"":286,""displayName"":""Offensive""}},{""type"":{""value"":56,""displayName"":""Zone""},""value"":""Back""},{""type"":{""value"":140,""displayName"":""PassEndX""},""value"":""31.0""},{""type"":{""value"":213,""displayName"":""Angle""},""value"":""0.00""},{""type"":{""value"":141,""displayName"":""PassEndY""},""value"":""16.7""},{""type"":{""value"":212,""displayName"":""Length""},""value"":""1.1""},{""type"":{""value"":233,""displayName"":""OppositeRelatedEvent""},""value"":""906""}]",true,false,false,false,Pass,Unsuccessful,SecondHalf,2025-12-05 23:16:17.240787+00
2879400227,1903251,906,93,31,170,547830,69,83.3,,,,,,,"[{""type"":{""value"":56,""displayName"":""Zone""},""value"":""Left""},{""type"":{""value"":285,""displayName"":""Defensive""}},{""type"":{""value"":233,""displayName"":""OppositeRelatedEvent""},""value"":""813""}]",true,false,false,false,BlockedPass,Successful,SecondHalf,2025-12-05 23:16:17.240787+00
2879400483,1903251,908,93,10,170,231135,4.2,54.8,22.5,78.3,,,,,"[{""type"":{""value"":213,""displayName"":""Angle""},""value"":""0.69""},{""type"":{""value"":141,""displayName"":""PassEndY""},""value"":""78.3""},{""type"":{""value"":212,""displayName"":""Length""},""value"":""25.0""},{""type"":{""value"":56,""displayName"":""Zone""},""value"":""Back""},{""type"":{""value"":140,""displayName"":""PassEndX""},""value"":""22.5""}]",true,false,false,false,Clearance,Successful,SecondHalf,2025-12-05 23:16:17.240787+00
2879400505,1903251,909,93,56,170,231135,26.4,86.5,32.2,93.8,,,,,"[{""type"":{""value"":213,""displayName"":""Angle""},""value"":""0.68""},{""type"":{""value"":212,""displayName"":""Length""},""value"":""7.9""},{""type"":{""value"":141,""displayName"":""PassEndY""},""value"":""93.8""},{""type"":{""value"":140,""displayName"":""PassEndX""},""value"":""32.2""},{""type"":{""value"":3,""displayName"":""HeadPass""}},{""type"":{""value"":56,""displayName"":""Zone""},""value"":""Back""}]",true,false,false,false,Pass,Successful,SecondHalf,2025-12-05 23:16:17.240787+00
2879400531,1903251,910,93,58,170,322611,25.7,90.7,,,,,,,[],false,false,false,false,BallRecovery,Successful,SecondHalf,2025-12-05 23:16:17.240787+00
2879400553,1903251,911,93,59,170,322611,25.7,90.7,46.4,95.8,,,,,"[{""type"":{""value"":140,""displayName"":""PassEndX""},""value"":""46.4""},{""type"":{""value"":56,""displayName"":""Zone""},""value"":""Back""},{""type"":{""value"":213,""displayName"":""Angle""},""value"":""0.16""},{""type"":{""value"":212,""displayName"":""Length""},""value"":""22.0""},{""type"":{""value"":141,""displayName"":""PassEndY""},""value"":""95.8""}]",true,false,false,false,Pass,Successful,SecondHalf,2025-12-05 23:16:17.240787+00
2879400583,1903251,912,94,2,170,515865,48.2,95.5,44.6,91.6,,,,,"[{""type"":{""value"":213,""displayName"":""Angle""},""value"":""3.75""},{""type"":{""value"":212,""displayName"":""Length""},""value"":""4.6""},{""type"":{""value"":56,""displayName"":""Zone""},""value"":""Back""},{""type"":{""value"":140,""displayName"":""PassEndX""},""value"":""44.6""},{""type"":{""value"":141,""displayName"":""PassEndY""},""value"":""91.6""}]",true,false,false,false,Pass,Successful,SecondHalf,2025-12-05 23:16:17.240787+00
2879400585,1903251,913,94,4,170,429174,45,92.2,,,,,,,"[{""type"":{""value"":233,""displayName"":""OppositeRelatedEvent""},""value"":""816""},{""type"":{""value"":286,""displayName"":""Offensive""}},{""type"":{""value"":56,""displayName"":""Zone""},""value"":""Back""}]",true,false,false,false,Dispossessed,Successful,SecondHalf,2025-12-05 23:16:17.240787+00
2879400593,1903251,816,94,4,167,468847,55,7.8,,,,,,,"[{""type"":{""value"":285,""displayName"":""Defensive""}},{""type"":{""value"":56,""displayName"":""Zone""},""value"":""Right""},{""type"":{""value"":233,""displayName"":""OppositeRelatedEvent""},""value"":""913""},{""type"":{""value"":178,""displayName"":""StandingSave""}}]",true,false,false,false,Tackle,Successful,SecondHalf,2025-12-05 23:16:17.240787+00
2879400643,1903251,818,94,7,167,386153,0,0,,,,,,,"[{""type"":{""value"":31,""displayName"":""Yellow""}}]",false,false,false,true,Card,Successful,SecondHalf,2025-12-05 23:16:17.240787+00
2879400837,1903251,915,94,23,170,322611,51.2,100,39.9,81,,,,,"[{""type"":{""value"":107,""displayName"":""ThrowIn""}},{""type"":{""value"":56,""displayName"":""Zone""},""value"":""Back""},{""type"":{""value"":140,""displayName"":""PassEndX""},""value"":""39.9""},{""type"":{""value"":141,""displayName"":""PassEndY""},""value"":""81.0""},{""type"":{""value"":212,""displayName"":""Length""},""value"":""18.4""},{""type"":{""value"":213,""displayName"":""Angle""},""value"":""4.01""}]",true,false,false,false,Pass,Successful,SecondHalf,2025-12-05 23:16:17.240787+00
2879400851,1903251,916,94,24,170,396976,39.9,80.4,38.1,51.5,,,,,"[{""type"":{""value"":140,""displayName"":""PassEndX""},""value"":""38.1""},{""type"":{""value"":141,""displayName"":""PassEndY""},""value"":""51.5""},{""type"":{""value"":56,""displayName"":""Zone""},""value"":""Back""},{""type"":{""value"":213,""displayName"":""Angle""},""value"":""4.62""},{""type"":{""value"":212,""displayName"":""Length""},""value"":""19.7""}]",true,false,false,false,Pass,Successful,SecondHalf,2025-12-05 23:16:17.240787+00
2879400875,1903251,917,94,25,170,231135,38.1,50.9,46.7,48.9,,,,,"[{""type"":{""value"":141,""displayName"":""PassEndY""},""value"":""48.9""},{""type"":{""value"":140,""displayName"":""PassEndX""},""value"":""46.7""},{""type"":{""value"":213,""displayName"":""Angle""},""value"":""6.13""},{""type"":{""value"":212,""displayName"":""Length""},""value"":""9.1""},{""type"":{""value"":56,""displayName"":""Zone""},""value"":""Back""}]",true,false,false,false,Pass,Successful,SecondHalf,2025-12-05 23:16:17.240787+00
2879400923,1903251,918,94,27,170,321020,45.5,45.6,53.8,6.1,,,,,"[{""type"":{""value"":213,""displayName"":""Angle""},""value"":""5.03""},{""type"":{""value"":140,""displayName"":""PassEndX""},""value"":""53.8""},{""type"":{""value"":56,""displayName"":""Zone""},""value"":""Right""},{""type"":{""value"":212,""displayName"":""Length""},""value"":""28.2""},{""type"":{""value"":141,""displayName"":""PassEndY""},""value"":""6.1""}]",true,false,false,false,Pass,Successful,SecondHalf,2025-12-05 23:16:17.240787+00
2879400955,1903251,919,94,31,170,141169,57.3,7.9,59.6,4.6,,,,,"[{""type"":{""value"":212,""displayName"":""Length""},""value"":""3.3""},{""type"":{""value"":141,""displayName"":""PassEndY""},""value"":""4.6""},{""type"":{""value"":56,""displayName"":""Zone""},""value"":""Right""},{""type"":{""value"":140,""displayName"":""PassEndX""},""value"":""59.6""},{""type"":{""value"":213,""displayName"":""Angle""},""value"":""5.53""}]",true,false,false,false,Pass,Successful,SecondHalf,2025-12-05 23:16:17.240787+00
2879400995,1903251,920,94,35,170,363665,67.5,3.1,60.7,26.8,,,,,"[{""type"":{""value"":213,""displayName"":""Angle""},""value"":""1.99""},{""type"":{""value"":56,""displayName"":""Zone""},""value"":""Center""},{""type"":{""value"":212,""displayName"":""Length""},""value"":""17.6""},{""type"":{""value"":140,""displayName"":""PassEndX""},""value"":""60.7""},{""type"":{""value"":141,""displayName"":""PassEndY""},""value"":""26.8""}]",true,false,false,false,Pass,Successful,SecondHalf,2025-12-05 23:16:17.240787+00
2879401075,1903251,921,94,39,170,321020,60.9,28.9,79,93.6,,,,,"[{""type"":{""value"":140,""displayName"":""PassEndX""},""value"":""79.0""},{""type"":{""value"":141,""displayName"":""PassEndY""},""value"":""93.6""},{""type"":{""value"":212,""displayName"":""Length""},""value"":""47.9""},{""type"":{""value"":155,""displayName"":""Chipped""}},{""type"":{""value"":1,""displayName"":""Longball""}},{""type"":{""value"":213,""displayName"":""Angle""},""value"":""1.16""},{""type"":{""value"":56,""displayName"":""Zone""},""value"":""Left""}]",true,false,false,false,Pass,Successful,SecondHalf,2025-12-05 23:16:17.240787+00
2879401113,1903251,922,94,45,170,429174,83.7,92.4,69.1,71.7,,,,,"[{""type"":{""value"":141,""displayName"":""PassEndY""},""value"":""71.7""},{""type"":{""value"":140,""displayName"":""PassEndX""},""value"":""69.1""},{""type"":{""value"":56,""displayName"":""Zone""},""value"":""Center""},{""type"":{""value"":213,""displayName"":""Angle""},""value"":""3.88""},{""type"":{""value"":212,""displayName"":""Length""},""value"":""20.8""}]",true,false,false,false,Pass,Successful,SecondHalf,2025-12-05 23:16:17.240787+00
2879401135,1903251,923,94,47,170,396976,68.9,71.4,72.3,78.9,,,,,"[{""type"":{""value"":141,""displayName"":""PassEndY""},""value"":""78.9""},{""type"":{""value"":140,""displayName"":""PassEndX""},""value"":""72.3""},{""type"":{""value"":212,""displayName"":""Length""},""value"":""6.2""},{""type"":{""value"":213,""displayName"":""Angle""},""value"":""0.96""},{""type"":{""value"":56,""displayName"":""Zone""},""value"":""Left""}]",true,false,false,false,Pass,Successful,SecondHalf,2025-12-05 23:16:17.240787+00
2879401205,1903251,819,94,56,167,394933,5,17.6,,,,,,,"[{""type"":{""value"":233,""displayName"":""OppositeRelatedEvent""},""value"":""925""},{""type"":{""value"":285,""displayName"":""Defensive""}},{""type"":{""value"":56,""displayName"":""Zone""},""value"":""Back""}]",false,false,false,false,Challenge,Unsuccessful,SecondHalf,2025-12-05 23:16:17.240787+00
2879401209,1903251,924,94,49,170,136824,70.8,75.3,80.8,92.5,,,,,"[{""type"":{""value"":213,""displayName"":""Angle""},""value"":""0.84""},{""type"":{""value"":212,""displayName"":""Length""},""value"":""15.7""},{""type"":{""value"":141,""displayName"":""PassEndY""},""value"":""92.5""},{""type"":{""value"":140,""displayName"":""PassEndX""},""value"":""80.8""},{""type"":{""value"":56,""displayName"":""Zone""},""value"":""Left""}]",true,false,false,false,Pass,Successful,SecondHalf,2025-12-05 23:16:17.240787+00
2879401231,1903251,925,94,56,170,429174,95,82.4,,,,,,,"[{""type"":{""value"":233,""displayName"":""OppositeRelatedEvent""},""value"":""819""},{""type"":{""value"":56,""displayName"":""Zone""},""value"":""Left""},{""type"":{""value"":286,""displayName"":""Offensive""}}]",true,false,false,false,TakeOn,Successful,SecondHalf,2025-12-05 23:16:17.240787+00
2879401245,1903251,926,94,58,170,429174,96.7,73.5,89.8,47.7,,,,,"[{""type"":{""value"":212,""displayName"":""Length""},""value"":""19.0""},{""type"":{""value"":141,""displayName"":""PassEndY""},""value"":""47.7""},{""type"":{""value"":213,""displayName"":""Angle""},""value"":""4.32""},{""type"":{""value"":140,""displayName"":""PassEndX""},""value"":""89.8""},{""type"":{""value"":56,""displayName"":""Zone""},""value"":""Center""}]",true,false,false,false,Pass,Unsuccessful,SecondHalf,2025-12-05 23:16:17.240787+00
2879401257,1903251,820,95,0,167,397821,15.1,51.6,,,,,,,[],false,false,false,false,BallRecovery,Successful,SecondHalf,2025-12-05 23:16:17.240787+00
2879401305,1903251,821,95,3,167,397821,31.1,53.4,,,,,,,"[{""type"":{""value"":56,""displayName"":""Zone""},""value"":""Back""}]",true,false,false,false,BallTouch,Unsuccessful,SecondHalf,2025-12-05 23:16:17.240787+00
2879401343,1903251,927,95,5,170,231135,56.2,43.8,,,,,,,"[{""type"":{""value"":56,""displayName"":""Zone""},""value"":""Center""}]",true,false,false,false,BallTouch,Successful,SecondHalf,2025-12-05 23:16:17.240787+00
2879401369,1903251,928,95,7,170,363665,60.4,36,,,,,,,[],false,false,false,false,BallRecovery,Successful,SecondHalf,2025-12-05 23:16:17.240787+00
2879401381,1903251,929,95,8,170,363665,62,45.2,69.9,45.6,,,,,"[{""type"":{""value"":212,""displayName"":""Length""},""value"":""8.3""},{""type"":{""value"":213,""displayName"":""Angle""},""value"":""0.03""},{""type"":{""value"":141,""displayName"":""PassEndY""},""value"":""45.6""},{""type"":{""value"":56,""displayName"":""Zone""},""value"":""Center""},{""type"":{""value"":140,""displayName"":""PassEndX""},""value"":""69.9""}]",true,false,false,false,Pass,Unsuccessful,SecondHalf,2025-12-05 23:16:17.240787+00
2879401397,1903251,823,95,10,167,313171,22.4,51.2,,,,,,,[],false,false,false,false,BallRecovery,Successful,SecondHalf,2025-12-05 23:16:17.240787+00
2879401495,1903251,824,95,10,167,313171,22.4,51.2,28,30.6,,,,,"[{""type"":{""value"":140,""displayName"":""PassEndX""},""value"":""28.0""},{""type"":{""value"":141,""displayName"":""PassEndY""},""value"":""30.6""},{""type"":{""value"":212,""displayName"":""Length""},""value"":""15.2""},{""type"":{""value"":213,""displayName"":""Angle""},""value"":""5.11""},{""type"":{""value"":56,""displayName"":""Zone""},""value"":""Back""}]",true,false,false,false,Pass,Successful,SecondHalf,2025-12-05 23:16:17.240787+00
2879401517,1903251,825,95,19,167,386153,53.1,44.2,,,,,,,"[{""type"":{""value"":56,""displayName"":""Zone""},""value"":""Center""},{""type"":{""value"":286,""displayName"":""Offensive""}},{""type"":{""value"":13,""displayName"":""Foul""}},{""type"":{""value"":233,""displayName"":""OppositeRelatedEvent""},""value"":""932""}]",true,false,false,false,Foul,Successful,SecondHalf,2025-12-05 23:16:17.240787+00
2879401537,1903251,932,95,19,170,547830,46.9,55.8,,,,,,,"[{""type"":{""value"":56,""displayName"":""Zone""},""value"":""Back""},{""type"":{""value"":233,""displayName"":""OppositeRelatedEvent""},""value"":""825""},{""type"":{""value"":285,""displayName"":""Defensive""}},{""type"":{""value"":13,""displayName"":""Foul""}}]",false,false,false,false,Foul,Unsuccessful,SecondHalf,2025-12-05 23:16:17.240787+00
2879402269,1903251,826,96,31,167,331254,0,0,,,,,,,"[{""type"":{""value"":44,""displayName"":""PlayerPosition""},""value"":""Midfielder""},{""type"":{""value"":59,""displayName"":""JerseyNumber""},""value"":""47""},{""type"":{""value"":55,""displayName"":""RelatedEventId""},""value"":""827""}]",false,false,false,false,SubstitutionOff,Successful,SecondHalf,2025-12-05 23:16:17.240787+00
2879402275,1903251,827,96,31,167,122945,0,0,,,,,,,"[{""type"":{""value"":44,""displayName"":""PlayerPosition""},""value"":""Defender""},{""type"":{""value"":55,""displayName"":""RelatedEventId""},""value"":""826""},{""type"":{""value"":59,""displayName"":""JerseyNumber""},""value"":""6""},{""type"":{""value"":145,""displayName"":""FormationSlot""},""value"":""8""}]",false,false,false,false,SubstitutionOn,Successful,SecondHalf,2025-12-05 23:16:17.240787+00
2879402481,1903251,828,96,52,167,136741,56.7,49.3,84.8,11.4,,,,,"[{""type"":{""value"":155,""displayName"":""Chipped""}},{""type"":{""value"":1,""displayName"":""Longball""}},{""type"":{""value"":141,""displayName"":""PassEndY""},""value"":""11.4""},{""type"":{""value"":5,""displayName"":""FreekickTaken""}},{""type"":{""value"":56,""displayName"":""Zone""},""value"":""Right""},{""type"":{""value"":213,""displayName"":""Angle""},""value"":""5.57""},{""type"":{""value"":140,""displayName"":""PassEndX""},""value"":""84.8""},{""type"":{""value"":212,""displayName"":""Length""},""value"":""39.2""}]",true,false,false,false,Pass,Unsuccessful,SecondHalf,2025-12-05 23:16:17.240787+00
2879402499,1903251,933,96,54,170,322611,19,90.8,32.5,83.8,,,,,"[{""type"":{""value"":141,""displayName"":""PassEndY""},""value"":""83.8""},{""type"":{""value"":212,""displayName"":""Length""},""value"":""15.0""},{""type"":{""value"":140,""displayName"":""PassEndX""},""value"":""32.5""},{""type"":{""value"":213,""displayName"":""Angle""},""value"":""5.96""},{""type"":{""value"":3,""displayName"":""HeadPass""}},{""type"":{""value"":56,""displayName"":""Zone""},""value"":""Back""}]",true,false,false,false,Pass,Successful,SecondHalf,2025-12-05 23:16:17.240787+00
2879402517,1903251,934,96,55,170,429174,32.5,83.8,22.3,73.5,,,,,"[{""type"":{""value"":156,""displayName"":""LayOff""}},{""type"":{""value"":213,""displayName"":""Angle""},""value"":""3.72""},{""type"":{""value"":56,""displayName"":""Zone""},""value"":""Back""},{""type"":{""value"":140,""displayName"":""PassEndX""},""value"":""22.3""},{""type"":{""value"":212,""displayName"":""Length""},""value"":""12.8""},{""type"":{""value"":141,""displayName"":""PassEndY""},""value"":""73.5""}]",true,false,false,false,Pass,Successful,SecondHalf,2025-12-05 23:16:17.240787+00
2879402539,1903251,935,96,57,170,136824,22.3,71.9,,,,,,,[],false,false,false,false,BallRecovery,Successful,SecondHalf,2025-12-05 23:16:17.240787+00
2879402555,1903251,936,96,58,170,136824,22.3,71.9,31.3,56.5,,,,,"[{""type"":{""value"":56,""displayName"":""Zone""},""value"":""Back""},{""type"":{""value"":213,""displayName"":""Angle""},""value"":""5.45""},{""type"":{""value"":212,""displayName"":""Length""},""value"":""14.1""},{""type"":{""value"":140,""displayName"":""PassEndX""},""value"":""31.3""},{""type"":{""value"":141,""displayName"":""PassEndY""},""value"":""56.5""}]",true,false,false,false,Pass,Successful,SecondHalf,2025-12-05 23:16:17.240787+00
2879402571,1903251,937,96,59,170,321020,31.3,56.5,16.4,59.6,,,,,"[{""type"":{""value"":212,""displayName"":""Length""},""value"":""15.8""},{""type"":{""value"":213,""displayName"":""Angle""},""value"":""3.01""},{""type"":{""value"":56,""displayName"":""Zone""},""value"":""Back""},{""type"":{""value"":141,""displayName"":""PassEndY""},""value"":""59.6""},{""type"":{""value"":140,""displayName"":""PassEndX""},""value"":""16.4""}]",true,false,false,false,Pass,Successful,SecondHalf,2025-12-05 23:16:17.240787+00
2879402587,1903251,938,97,1,170,396976,16.4,59.6,25.7,36,,,,,"[{""type"":{""value"":213,""displayName"":""Angle""},""value"":""5.26""},{""type"":{""value"":212,""displayName"":""Length""},""value"":""18.8""},{""type"":{""value"":56,""displayName"":""Zone""},""value"":""Back""},{""type"":{""value"":140,""displayName"":""PassEndX""},""value"":""25.7""},{""type"":{""value"":141,""displayName"":""PassEndY""},""value"":""36.0""}]",true,false,false,false,Pass,Successful,SecondHalf,2025-12-05 23:16:17.240787+00
2879402629,1903251,939,97,6,170,231135,40.6,33.4,74.8,97,,,,,"[{""type"":{""value"":1,""displayName"":""Longball""}},{""type"":{""value"":56,""displayName"":""Zone""},""value"":""Left""},{""type"":{""value"":155,""displayName"":""Chipped""}},{""type"":{""value"":212,""displayName"":""Length""},""value"":""56.2""},{""type"":{""value"":213,""displayName"":""Angle""},""value"":""0.88""},{""type"":{""value"":141,""displayName"":""PassEndY""},""value"":""97.0""},{""type"":{""value"":140,""displayName"":""PassEndX""},""value"":""74.8""}]",true,false,false,false,Pass,Successful,SecondHalf,2025-12-05 23:16:17.240787+00
2879402637,1903251,940,97,10,170,429174,74.8,97,64.6,88.9,,,,,"[{""type"":{""value"":140,""displayName"":""PassEndX""},""value"":""64.6""},{""type"":{""value"":213,""displayName"":""Angle""},""value"":""3.62""},{""type"":{""value"":56,""displayName"":""Zone""},""value"":""Left""},{""type"":{""value"":141,""displayName"":""PassEndY""},""value"":""88.9""},{""type"":{""value"":212,""displayName"":""Length""},""value"":""12.0""}]",true,false,false,false,Pass,Successful,SecondHalf,2025-12-05 23:16:17.240787+00
2879402665,1903251,941,97,12,170,136824,63.6,87.8,64.5,73.2,,,,,"[{""type"":{""value"":212,""displayName"":""Length""},""value"":""10.0""},{""type"":{""value"":141,""displayName"":""PassEndY""},""value"":""73.2""},{""type"":{""value"":213,""displayName"":""Angle""},""value"":""4.81""},{""type"":{""value"":56,""displayName"":""Zone""},""value"":""Center""},{""type"":{""value"":140,""displayName"":""PassEndX""},""value"":""64.5""}]",true,false,false,false,Pass,Successful,SecondHalf,2025-12-05 23:16:17.240787+00
2879402693,1903251,942,97,14,170,321020,64.5,73.2,74.9,95.5,,,,,"[{""type"":{""value"":212,""displayName"":""Length""},""value"":""18.7""},{""type"":{""value"":141,""displayName"":""PassEndY""},""value"":""95.5""},{""type"":{""value"":213,""displayName"":""Angle""},""value"":""0.95""},{""type"":{""value"":140,""displayName"":""PassEndX""},""value"":""74.9""},{""type"":{""value"":56,""displayName"":""Zone""},""value"":""Left""}]",true,false,false,false,Pass,Successful,SecondHalf,2025-12-05 23:16:17.240787+00
2879402713,1903251,943,97,19,170,429174,81.1,93.1,84.5,84.1,,,,,"[{""type"":{""value"":141,""displayName"":""PassEndY""},""value"":""84.1""},{""type"":{""value"":56,""displayName"":""Zone""},""value"":""Left""},{""type"":{""value"":140,""displayName"":""PassEndX""},""value"":""84.5""},{""type"":{""value"":212,""displayName"":""Length""},""value"":""7.1""},{""type"":{""value"":213,""displayName"":""Angle""},""value"":""5.24""}]",true,false,false,false,Pass,Successful,SecondHalf,2025-12-05 23:16:17.240787+00
2879402721,1903251,944,97,21,170,322611,84.5,84.1,78.2,84.4,,,,,"[{""type"":{""value"":56,""displayName"":""Zone""},""value"":""Left""},{""type"":{""value"":141,""displayName"":""PassEndY""},""value"":""84.4""},{""type"":{""value"":140,""displayName"":""PassEndX""},""value"":""78.2""},{""type"":{""value"":213,""displayName"":""Angle""},""value"":""3.11""},{""type"":{""value"":212,""displayName"":""Length""},""value"":""6.6""}]",true,false,false,false,Pass,Successful,SecondHalf,2025-12-05 23:16:17.240787+00
2879402745,1903251,829,97,26,167,402664,0.9,50.4,,,,,,,"[{""type"":{""value"":94,""displayName"":""OutfielderBlock""}},{""type"":{""value"":233,""displayName"":""OppositeRelatedEvent""},""value"":""946""},{""type"":{""value"":56,""displayName"":""Zone""},""value"":""Back""},{""type"":{""value"":14,""displayName"":""LastMan""}}]",true,false,false,false,Save,Successful,SecondHalf,2025-12-05 23:16:17.240787+00
2879402759,1903251,945,97,22,170,429174,78.1,82.8,96.5,57.9,,,,,"[{""type"":{""value"":140,""displayName"":""PassEndX""},""value"":""96.5""},{""type"":{""value"":213,""displayName"":""Angle""},""value"":""5.56""},{""type"":{""value"":154,""displayName"":""IntentionalAssist""}},{""type"":{""value"":4,""displayName"":""Throughball""}},{""type"":{""value"":210,""displayName"":""ShotAssist""},""value"":""15""},{""type"":{""value"":56,""displayName"":""Zone""},""value"":""Center""},{""type"":{""value"":212,""displayName"":""Length""},""value"":""25.7""},{""type"":{""value"":141,""displayName"":""PassEndY""},""value"":""57.9""},{""type"":{""value"":11112,""displayName"":""BigChanceCreated""}},{""type"":{""value"":11113,""displayName"":""KeyPass""}}]",true,false,false,false,Pass,Successful,SecondHalf,2025-12-05 23:16:17.240787+00
2879402763,1903251,946,97,26,170,515865,96.5,57.9,,,99.1,49.6,4.2,45.9,"[{""type"":{""value"":147,""displayName"":""BlockedY""},""value"":""49.6""},{""type"":{""value"":103,""displayName"":""GoalMouthZ""},""value"":""4.2""},{""type"":{""value"":29,""displayName"":""Assisted""}},{""type"":{""value"":233,""displayName"":""OppositeRelatedEvent""},""value"":""829""},{""type"":{""value"":214,""displayName"":""BigChance""}},{""type"":{""value"":100,""displayName"":""SixYardBlock""}},{""type"":{""value"":80,""displayName"":""LowRight""}},{""type"":{""value"":89,""displayName"":""OneOnOne""}},{""type"":{""value"":154,""displayName"":""IntentionalAssist""}},{""type"":{""value"":102,""displayName"":""GoalMouthY""},""value"":""45.9""},{""type"":{""value"":146,""displayName"":""BlockedX""},""value"":""99.1""},{""type"":{""value"":55,""displayName"":""RelatedEventId""},""value"":""945""},{""type"":{""value"":82,""displayName"":""Blocked""}},{""type"":{""value"":328,""displayName"":""FirstTouch""}},{""type"":{""value"":56,""displayName"":""Zone""},""value"":""Center""},{""type"":{""value"":20,""displayName"":""RightFoot""}},{""type"":{""value"":101,""displayName"":""SavedOffline""}},{""type"":{""value"":61,""displayName"":""SmallBoxLeft""}},{""type"":{""value"":22,""displayName"":""RegularPlay""}}]",true,true,false,false,SavedShot,Successful,SecondHalf,2025-12-05 23:16:17.240787+00
2879402799,1903251,830,97,31,167,386153,19.5,23.7,,,,,,,"[{""type"":{""value"":56,""displayName"":""Zone""},""value"":""Back""}]",true,false,false,false,BallTouch,Successful,SecondHalf,2025-12-05 23:16:17.240787+00
2879402807,1903251,947,97,31,170,136824,79.1,74.1,79.8,76.7,,,,,"[{""type"":{""value"":213,""displayName"":""Angle""},""value"":""1.18""},{""type"":{""value"":140,""displayName"":""PassEndX""},""value"":""79.8""},{""type"":{""value"":56,""displayName"":""Zone""},""value"":""Center""},{""type"":{""value"":212,""displayName"":""Length""},""value"":""1.9""},{""type"":{""value"":141,""displayName"":""PassEndY""},""value"":""76.7""}]",true,false,false,false,Pass,Unsuccessful,SecondHalf,2025-12-05 23:16:17.240787+00
2879402837,1903251,949,97,36,170,231135,61.9,47.6,,,,,,,"[{""type"":{""value"":56,""displayName"":""Zone""},""value"":""Center""}]",true,false,false,false,BallTouch,Successful,SecondHalf,2025-12-05 23:16:17.240787+00
2879402853,1903251,831,97,33,167,136741,20.2,29.1,39,56.4,,,,,"[{""type"":{""value"":212,""displayName"":""Length""},""value"":""27.1""},{""type"":{""value"":213,""displayName"":""Angle""},""value"":""0.75""},{""type"":{""value"":56,""displayName"":""Zone""},""value"":""Back""},{""type"":{""value"":141,""displayName"":""PassEndY""},""value"":""56.4""},{""type"":{""value"":140,""displayName"":""PassEndX""},""value"":""39.0""}]",true,false,false,false,Clearance,Successful,SecondHalf,2025-12-05 23:16:17.240787+00
2879402879,1903251,832,97,37,167,313171,27.6,61.4,33.8,100,,,,,"[{""type"":{""value"":213,""displayName"":""Angle""},""value"":""1.34""},{""type"":{""value"":212,""displayName"":""Length""},""value"":""28.2""},{""type"":{""value"":56,""displayName"":""Zone""},""value"":""Back""},{""type"":{""value"":141,""displayName"":""PassEndY""},""value"":""100.0""},{""type"":{""value"":140,""displayName"":""PassEndX""},""value"":""33.8""}]",true,false,false,false,Clearance,Successful,SecondHalf,2025-12-05 23:16:17.240787+00
2879402975,1903251,951,97,44,170,363665,60.7,0,45.4,7.8,,,,,"[{""type"":{""value"":107,""displayName"":""ThrowIn""}},{""type"":{""value"":212,""displayName"":""Length""},""value"":""17.2""},{""type"":{""value"":213,""displayName"":""Angle""},""value"":""2.77""},{""type"":{""value"":140,""displayName"":""PassEndX""},""value"":""45.4""},{""type"":{""value"":141,""displayName"":""PassEndY""},""value"":""7.8""},{""type"":{""value"":56,""displayName"":""Zone""},""value"":""Back""}]",true,false,false,false,Pass,Successful,SecondHalf,2025-12-05 23:16:17.240787+00
2879402983,1903251,952,97,54,170,321020,57.3,25.6,51.6,17.6,,,,,"[{""type"":{""value"":56,""displayName"":""Zone""},""value"":""Right""},{""type"":{""value"":213,""displayName"":""Angle""},""value"":""3.88""},{""type"":{""value"":212,""displayName"":""Length""},""value"":""8.1""},{""type"":{""value"":140,""displayName"":""PassEndX""},""value"":""51.6""},{""type"":{""value"":141,""displayName"":""PassEndY""},""value"":""17.6""}]",true,false,false,false,Pass,Successful,SecondHalf,2025-12-05 23:16:17.240787+00
2879402999,1903251,953,97,55,170,231135,52.2,22.7,56.8,14.9,,,,,"[{""type"":{""value"":212,""displayName"":""Length""},""value"":""7.2""},{""type"":{""value"":141,""displayName"":""PassEndY""},""value"":""14.9""},{""type"":{""value"":140,""displayName"":""PassEndX""},""value"":""56.8""},{""type"":{""value"":213,""displayName"":""Angle""},""value"":""5.45""},{""type"":{""value"":56,""displayName"":""Zone""},""value"":""Right""}]",true,false,false,false,Pass,Successful,SecondHalf,2025-12-05 23:16:17.240787+00
2879403043,1903251,954,97,56,170,363665,57.3,27.2,47.8,96.3,,,,,"[{""type"":{""value"":212,""displayName"":""Length""},""value"":""48.0""},{""type"":{""value"":213,""displayName"":""Angle""},""value"":""1.78""},{""type"":{""value"":141,""displayName"":""PassEndY""},""value"":""96.3""},{""type"":{""value"":1,""displayName"":""Longball""}},{""type"":{""value"":140,""displayName"":""PassEndX""},""value"":""47.8""},{""type"":{""value"":56,""displayName"":""Zone""},""value"":""Back""}]",true,false,false,false,Pass,Successful,SecondHalf,2025-12-05 23:16:17.240787+00
2879403069,1903251,955,98,5,170,136824,54.7,89.6,55.2,48.9,,,,,"[{""type"":{""value"":141,""displayName"":""PassEndY""},""value"":""48.9""},{""type"":{""value"":140,""displayName"":""PassEndX""},""value"":""55.2""},{""type"":{""value"":56,""displayName"":""Zone""},""value"":""Center""},{""type"":{""value"":212,""displayName"":""Length""},""value"":""27.7""},{""type"":{""value"":213,""displayName"":""Angle""},""value"":""4.73""}]",true,false,false,false,Pass,Successful,SecondHalf,2025-12-05 23:16:17.240787+00
2879403081,1903251,956,98,8,170,321020,54.8,41.3,65.5,5.4,,,,,"[{""type"":{""value"":56,""displayName"":""Zone""},""value"":""Right""},{""type"":{""value"":140,""displayName"":""PassEndX""},""value"":""65.5""},{""type"":{""value"":213,""displayName"":""Angle""},""value"":""5.14""},{""type"":{""value"":141,""displayName"":""PassEndY""},""value"":""5.4""},{""type"":{""value"":212,""displayName"":""Length""},""value"":""26.9""}]",true,false,false,false,Pass,Successful,SecondHalf,2025-12-05 23:16:17.240787+00
2879403097,1903251,957,98,10,170,141169,68.3,5.2,58.3,16.2,,,,,"[{""type"":{""value"":212,""displayName"":""Length""},""value"":""12.9""},{""type"":{""value"":141,""displayName"":""PassEndY""},""value"":""16.2""},{""type"":{""value"":140,""displayName"":""PassEndX""},""value"":""58.3""},{""type"":{""value"":213,""displayName"":""Angle""},""value"":""2.52""},{""type"":{""value"":56,""displayName"":""Zone""},""value"":""Right""}]",true,false,false,false,Pass,Successful,SecondHalf,2025-12-05 23:16:17.240787+00
2879403131,1903251,958,98,13,170,231135,67.5,12.6,94.5,83.2,,,,,"[{""type"":{""value"":56,""displayName"":""Zone""},""value"":""Left""},{""type"":{""value"":155,""displayName"":""Chipped""}},{""type"":{""value"":20,""displayName"":""RightFoot""}},{""type"":{""value"":1,""displayName"":""Longball""}},{""type"":{""value"":213,""displayName"":""Angle""},""value"":""1.04""},{""type"":{""value"":212,""displayName"":""Length""},""value"":""55.8""},{""type"":{""value"":141,""displayName"":""PassEndY""},""value"":""83.2""},{""type"":{""value"":2,""displayName"":""Cross""}},{""type"":{""value"":140,""displayName"":""PassEndX""},""value"":""94.5""}]",true,false,false,false,Pass,Successful,SecondHalf,2025-12-05 23:16:17.240787+00
2879403139,1903251,959,98,17,170,429174,94.5,83.2,92.3,70,,,,,"[{""type"":{""value"":212,""displayName"":""Length""},""value"":""9.3""},{""type"":{""value"":141,""displayName"":""PassEndY""},""value"":""70.0""},{""type"":{""value"":140,""displayName"":""PassEndX""},""value"":""92.3""},{""type"":{""value"":213,""displayName"":""Angle""},""value"":""4.46""},{""type"":{""value"":3,""displayName"":""HeadPass""}},{""type"":{""value"":56,""displayName"":""Zone""},""value"":""Center""}]",true,false,false,false,Pass,Successful,SecondHalf,2025-12-05 23:16:17.240787+00
2879403149,1903251,960,98,18,170,547830,93.3,72.2,88.8,77.1,,,,,"[{""type"":{""value"":212,""displayName"":""Length""},""value"":""5.8""},{""type"":{""value"":141,""displayName"":""PassEndY""},""value"":""77.1""},{""type"":{""value"":140,""displayName"":""PassEndX""},""value"":""88.8""},{""type"":{""value"":56,""displayName"":""Zone""},""value"":""Center""},{""type"":{""value"":213,""displayName"":""Angle""},""value"":""2.53""}]",true,false,false,false,Pass,Successful,SecondHalf,2025-12-05 23:16:17.240787+00
2879403153,1903251,961,98,20,170,322611,88.6,79.5,80.9,84.4,,,,,"[{""type"":{""value"":212,""displayName"":""Length""},""value"":""8.7""},{""type"":{""value"":141,""displayName"":""PassEndY""},""value"":""84.4""},{""type"":{""value"":140,""displayName"":""PassEndX""},""value"":""80.9""},{""type"":{""value"":56,""displayName"":""Zone""},""value"":""Left""},{""type"":{""value"":213,""displayName"":""Angle""},""value"":""2.75""}]",true,false,false,false,Pass,Successful,SecondHalf,2025-12-05 23:16:17.240787+00
2879403181,1903251,962,98,21,170,136824,77.2,84.2,76.8,66.4,,,,,"[{""type"":{""value"":56,""displayName"":""Zone""},""value"":""Center""},{""type"":{""value"":212,""displayName"":""Length""},""value"":""12.1""},{""type"":{""value"":213,""displayName"":""Angle""},""value"":""4.68""},{""type"":{""value"":140,""displayName"":""PassEndX""},""value"":""76.8""},{""type"":{""value"":141,""displayName"":""PassEndY""},""value"":""66.4""}]",true,false,false,false,Pass,Successful,SecondHalf,2025-12-05 23:16:17.240787+00
2879403209,1903251,834,98,27,167,394933,8,20.4,,,,,,,"[{""type"":{""value"":233,""displayName"":""OppositeRelatedEvent""},""value"":""964""},{""type"":{""value"":285,""displayName"":""Defensive""}},{""type"":{""value"":56,""displayName"":""Zone""},""value"":""Back""}]",false,false,false,false,Challenge,Unsuccessful,SecondHalf,2025-12-05 23:16:17.240787+00
2879403211,1903251,963,98,24,170,321020,85.5,72.3,91,83.6,,,,,"[{""type"":{""value"":141,""displayName"":""PassEndY""},""value"":""83.6""},{""type"":{""value"":140,""displayName"":""PassEndX""},""value"":""91.0""},{""type"":{""value"":212,""displayName"":""Length""},""value"":""9.6""},{""type"":{""value"":213,""displayName"":""Angle""},""value"":""0.93""},{""type"":{""value"":56,""displayName"":""Zone""},""value"":""Left""}]",true,false,false,false,Pass,Successful,SecondHalf,2025-12-05 23:16:17.240787+00
2879403227,1903251,964,98,27,170,429174,92,79.6,,,,,,,"[{""type"":{""value"":56,""displayName"":""Zone""},""value"":""Left""},{""type"":{""value"":286,""displayName"":""Offensive""}},{""type"":{""value"":233,""displayName"":""OppositeRelatedEvent""},""value"":""834""}]",true,false,false,false,TakeOn,Successful,SecondHalf,2025-12-05 23:16:17.240787+00
2879403235,1903251,835,98,30,167,136741,0.4,31.2,,,,,,,"[{""type"":{""value"":56,""displayName"":""Zone""},""value"":""Back""}]",true,false,false,false,BallTouch,Successful,SecondHalf,2025-12-05 23:16:17.240787+00
2879403241,1903251,965,98,29,170,429174,98.7,69.1,97.6,67.1,,,,,"[{""type"":{""value"":212,""displayName"":""Length""},""value"":""1.8""},{""type"":{""value"":213,""displayName"":""Angle""},""value"":""4.01""},{""type"":{""value"":56,""displayName"":""Zone""},""value"":""Center""},{""type"":{""value"":141,""displayName"":""PassEndY""},""value"":""67.1""},{""type"":{""value"":140,""displayName"":""PassEndX""},""value"":""97.6""}]",true,false,false,false,Pass,Unsuccessful,SecondHalf,2025-12-05 23:16:17.240787+00
2879403247,1903251,966,98,31,170,322611,94.5,65.8,,,95.6,63.2,19,52.8,"[{""type"":{""value"":56,""displayName"":""Zone""},""value"":""Center""},{""type"":{""value"":147,""displayName"":""BlockedY""},""value"":""63.2""},{""type"":{""value"":65,""displayName"":""DeepBoxLeft""}},{""type"":{""value"":103,""displayName"":""GoalMouthZ""},""value"":""19""},{""type"":{""value"":328,""displayName"":""FirstTouch""}},{""type"":{""value"":146,""displayName"":""BlockedX""},""value"":""95.6""},{""type"":{""value"":233,""displayName"":""OppositeRelatedEvent""},""value"":""836""},{""type"":{""value"":22,""displayName"":""RegularPlay""}},{""type"":{""value"":82,""displayName"":""Blocked""}},{""type"":{""value"":102,""displayName"":""GoalMouthY""},""value"":""52.8""},{""type"":{""value"":72,""displayName"":""LeftFoot""}},{""type"":{""value"":76,""displayName"":""LowLeft""}}]",true,true,false,false,SavedShot,Successful,SecondHalf,2025-12-05 23:16:17.240787+00
2879403251,1903251,836,98,31,167,101374,5.5,34.8,,,,,,,"[{""type"":{""value"":94,""displayName"":""OutfielderBlock""}},{""type"":{""value"":233,""displayName"":""OppositeRelatedEvent""},""value"":""966""},{""type"":{""value"":56,""displayName"":""Zone""},""value"":""Back""}]",true,false,false,false,Save,Successful,SecondHalf,2025-12-05 23:16:17.240787+00
2879403253,1903251,967,98,32,170,322611,95,70.4,,,,,,,"[{""type"":{""value"":73,""displayName"":""MissLeft""}},{""type"":{""value"":56,""displayName"":""Zone""},""value"":""Center""},{""type"":{""value"":233,""displayName"":""OppositeRelatedEvent""},""value"":""837""}]",false,false,false,false,CornerAwarded,Successful,SecondHalf,2025-12-05 23:16:17.240787+00
2879403263,1903251,837,98,32,167,101374,5,29.6,,,,,,,"[{""type"":{""value"":233,""displayName"":""OppositeRelatedEvent""},""value"":""967""},{""type"":{""value"":56,""displayName"":""Zone""},""value"":""Back""},{""type"":{""value"":73,""displayName"":""MissLeft""}}]",false,false,false,false,CornerAwarded,Unsuccessful,SecondHalf,2025-12-05 23:16:17.240787+00
2879403471,1903251,968,98,57,170,429174,99.5,99.5,96.5,61.2,,,,,"[{""type"":{""value"":141,""displayName"":""PassEndY""},""value"":""61.2""},{""type"":{""value"":212,""displayName"":""Length""},""value"":""26.2""},{""type"":{""value"":6,""displayName"":""CornerTaken""}},{""type"":{""value"":155,""displayName"":""Chipped""}},{""type"":{""value"":56,""displayName"":""Zone""},""value"":""Center""},{""type"":{""value"":2,""displayName"":""Cross""}},{""type"":{""value"":213,""displayName"":""Angle""},""value"":""4.59""},{""type"":{""value"":140,""displayName"":""PassEndX""},""value"":""96.5""},{""type"":{""value"":20,""displayName"":""RightFoot""}}]",true,false,false,false,Pass,Unsuccessful,SecondHalf,2025-12-05 23:16:17.240787+00
2879403479,1903251,838,98,58,167,394933,3.1,32.8,,,,,,,"[{""type"":{""value"":56,""displayName"":""Zone""},""value"":""Back""}]",true,false,false,false,BallTouch,Successful,SecondHalf,2025-12-05 23:16:17.240787+00
2879403543,1903251,839,98,59,167,386153,14.4,31.2,64.7,23.9,,,,,"[{""type"":{""value"":141,""displayName"":""PassEndY""},""value"":""23.9""},{""type"":{""value"":140,""displayName"":""PassEndX""},""value"":""64.7""},{""type"":{""value"":212,""displayName"":""Length""},""value"":""53.0""},{""type"":{""value"":213,""displayName"":""Angle""},""value"":""6.19""},{""type"":{""value"":56,""displayName"":""Zone""},""value"":""Center""}]",true,false,false,false,Clearance,Successful,SecondHalf,2025-12-05 23:16:17.240787+00
2879405839,1903251,843,93,51,167,394933,40.3,0,66,6.6,,,,,"[{""type"":{""value"":212,""displayName"":""Length""},""value"":""27.5""},{""type"":{""value"":213,""displayName"":""Angle""},""value"":""0.19""},{""type"":{""value"":107,""displayName"":""ThrowIn""}},{""type"":{""value"":1,""displayName"":""Longball""}},{""type"":{""value"":56,""displayName"":""Zone""},""value"":""Right""},{""type"":{""value"":141,""displayName"":""PassEndY""},""value"":""6.6""},{""type"":{""value"":140,""displayName"":""PassEndX""},""value"":""66.0""}]",true,false,false,false,Pass,Unsuccessful,SecondHalf,2025-12-05 23:16:17.240787+00
2879406009,1903251,975,87,48,170,363665,45.4,8.7,,,,,,,"[{""type"":{""value"":56,""displayName"":""Zone""},""value"":""Back""}]",true,false,false,false,BallTouch,Successful,SecondHalf,2025-12-05 23:16:17.240787+00
2879407595,1903251,976,90,25,170,547830,87.6,39,,,,,,,"[{""type"":{""value"":56,""displayName"":""Zone""},""value"":""Center""}]",true,false,false,false,BallTouch,Successful,SecondHalf,2025-12-05 23:16:17.240787+00
2879409379,1903251,977,48,45,170,231135,39,49.1,42.2,84.2,,,,,"[{""type"":{""value"":212,""displayName"":""Length""},""value"":""24.1""},{""type"":{""value"":56,""displayName"":""Zone""},""value"":""Back""},{""type"":{""value"":213,""displayName"":""Angle""},""value"":""1.43""},{""type"":{""value"":140,""displayName"":""PassEndX""},""value"":""42.2""},{""type"":{""value"":141,""displayName"":""PassEndY""},""value"":""84.2""}]",true,false,false,false,Pass,Successful,SecondHalf,2025-12-05 23:16:15.684766+00
2879438017,1903251,978,9,22,170,108186,64.8,47.3,,,,,,,"[{""type"":{""value"":56,""displayName"":""Zone""},""value"":""Center""},{""type"":{""value"":286,""displayName"":""Offensive""}}]",true,false,false,false,TakeOn,Unsuccessful,FirstHalf,2025-12-05 23:16:15.684766+00
2879446933,1903251,846,24,37,167,313171,40.6,10.4,,,,,,,"[{""type"":{""value"":56,""displayName"":""Zone""},""value"":""Back""},{""type"":{""value"":286,""displayName"":""Offensive""}}]",true,false,false,false,TakeOn,Unsuccessful,FirstHalf,2025-12-05 23:16:15.684766+00
2879449057,1903251,847,35,3,167,388098,97.9,93.6,,,,,,,"[{""type"":{""value"":56,""displayName"":""Zone""},""value"":""Left""},{""type"":{""value"":286,""displayName"":""Offensive""}}]",true,false,false,false,TakeOn,Unsuccessful,FirstHalf,2025-12-05 23:16:15.684766+00
2879449123,1903251,848,35,20,167,394933,56.6,8.5,,,,,,,"[{""type"":{""value"":286,""displayName"":""Offensive""}},{""type"":{""value"":56,""displayName"":""Zone""},""value"":""Right""}]",true,false,false,false,TakeOn,Unsuccessful,FirstHalf,2025-12-05 23:16:15.684766+00
2879450527,1903251,979,47,4,170,108186,59.2,67.6,,,,,,,"[{""type"":{""value"":56,""displayName"":""Zone""},""value"":""Center""}]",true,false,false,false,BallTouch,Unsuccessful,FirstHalf,2025-12-05 23:16:15.684766+00
2879452755,1903251,980,65,25,170,231135,40.1,31.9,,,,,,,[],false,false,false,false,BallRecovery,Successful,SecondHalf,2025-12-05 23:16:17.240787+00
2879453077,1903251,981,67,37,170,92173,4.5,43,,,,,,,[],false,false,false,false,BallRecovery,Successful,SecondHalf,2025-12-05 23:16:17.240787+00
2879454725,1903251,982,84,8,170,515865,99.3,6.1,,,,,,,"[{""type"":{""value"":56,""displayName"":""Zone""},""value"":""Right""}]",false,false,false,false,ShieldBallOpp,Successful,SecondHalf,2025-12-05 23:16:17.240787+00
2879454909,1903251,849,85,45,167,136741,66.1,19.9,,,,,,,"[{""type"":{""value"":286,""displayName"":""Offensive""}},{""type"":{""value"":56,""displayName"":""Zone""},""value"":""Right""}]",true,false,false,false,TakeOn,Unsuccessful,SecondHalf,2025-12-05 23:16:17.240787+00
2879457087,1903251,984,17,42,170,321020,43.8,46.7,41.4,20.2,,,,,"[{""type"":{""value"":140,""displayName"":""PassEndX""},""value"":""41.4""},{""type"":{""value"":56,""displayName"":""Zone""},""value"":""Back""},{""type"":{""value"":213,""displayName"":""Angle""},""value"":""4.57""},{""type"":{""value"":212,""displayName"":""Length""},""value"":""18.2""},{""type"":{""value"":141,""displayName"":""PassEndY""},""value"":""20.2""}]",true,false,false,false,Pass,Successful,FirstHalf,2025-12-05 23:16:15.684766+00
2879457103,1903251,985,17,43,170,145996,42,18.5,47.4,3.7,,,,,"[{""type"":{""value"":140,""displayName"":""PassEndX""},""value"":""47.4""},{""type"":{""value"":213,""displayName"":""Angle""},""value"":""5.23""},{""type"":{""value"":56,""displayName"":""Zone""},""value"":""Back""},{""type"":{""value"":212,""displayName"":""Length""},""value"":""11.6""},{""type"":{""value"":141,""displayName"":""PassEndY""},""value"":""3.7""}]",true,false,false,false,Pass,Successful,FirstHalf,2025-12-05 23:16:15.684766+00
2879457119,1903251,986,17,45,170,333044,34.5,8.8,26,17.5,,,,,"[{""type"":{""value"":212,""displayName"":""Length""},""value"":""10.7""},{""type"":{""value"":141,""displayName"":""PassEndY""},""value"":""17.5""},{""type"":{""value"":213,""displayName"":""Angle""},""value"":""2.56""},{""type"":{""value"":56,""displayName"":""Zone""},""value"":""Back""},{""type"":{""value"":140,""displayName"":""PassEndX""},""value"":""26.0""}]",true,false,false,false,Pass,Successful,FirstHalf,2025-12-05 23:16:15.684766+00
2879457341,1903251,850,21,20,167,422939,33,35.9,31.6,64.1,,,,,"[{""type"":{""value"":213,""displayName"":""Angle""},""value"":""1.65""},{""type"":{""value"":56,""displayName"":""Zone""},""value"":""Back""},{""type"":{""value"":140,""displayName"":""PassEndX""},""value"":""31.6""},{""type"":{""value"":212,""displayName"":""Length""},""value"":""19.2""},{""type"":{""value"":141,""displayName"":""PassEndY""},""value"":""64.1""},{""type"":{""value"":5,""displayName"":""FreekickTaken""}}]",true,false,false,false,Pass,Successful,FirstHalf,2025-12-05 23:16:15.684766+00
2879457493,1903251,988,21,29,170,297395,52.3,27,,,,,,,"[{""type"":{""value"":178,""displayName"":""StandingSave""}},{""type"":{""value"":233,""displayName"":""OppositeRelatedEvent""},""value"":""851""},{""type"":{""value"":285,""displayName"":""Defensive""}},{""type"":{""value"":56,""displayName"":""Zone""},""value"":""Center""}]",true,false,false,false,Tackle,Unsuccessful,FirstHalf,2025-12-05 23:16:15.684766+00
2879457497,1903251,851,21,29,167,343382,47.7,73,,,,,,,"[{""type"":{""value"":233,""displayName"":""OppositeRelatedEvent""},""value"":""988""},{""type"":{""value"":286,""displayName"":""Offensive""}},{""type"":{""value"":56,""displayName"":""Zone""},""value"":""Back""}]",true,false,false,false,TakeOn,Unsuccessful,FirstHalf,2025-12-05 23:16:15.684766+00
2879457519,1903251,989,21,32,170,108186,50.5,18.8,,,,,,,"[{""type"":{""value"":56,""displayName"":""Zone""},""value"":""Right""},{""type"":{""value"":285,""displayName"":""Defensive""}},{""type"":{""value"":233,""displayName"":""OppositeRelatedEvent""},""value"":""852""}]",false,false,false,false,Challenge,Unsuccessful,FirstHalf,2025-12-05 23:16:15.684766+00
2879457523,1903251,852,21,32,167,343382,49.5,81.2,,,,,,,"[{""type"":{""value"":233,""displayName"":""OppositeRelatedEvent""},""value"":""989""},{""type"":{""value"":56,""displayName"":""Zone""},""value"":""Back""},{""type"":{""value"":286,""displayName"":""Offensive""}}]",true,false,false,false,TakeOn,Successful,FirstHalf,2025-12-05 23:16:15.684766+00
2879457601,1903251,853,23,30,167,422939,24.6,48.7,25.5,65.5,,,,,"[{""type"":{""value"":141,""displayName"":""PassEndY""},""value"":""65.5""},{""type"":{""value"":212,""displayName"":""Length""},""value"":""11.5""},{""type"":{""value"":140,""displayName"":""PassEndX""},""value"":""25.5""},{""type"":{""value"":56,""displayName"":""Zone""},""value"":""Back""},{""type"":{""value"":213,""displayName"":""Angle""},""value"":""1.49""}]",true,false,false,false,Pass,Successful,FirstHalf,2025-12-05 23:16:15.684766+00
2879457631,1903251,854,23,35,167,343382,36.8,71.4,40.3,86.5,,,,,"[{""type"":{""value"":140,""displayName"":""PassEndX""},""value"":""40.3""},{""type"":{""value"":213,""displayName"":""Angle""},""value"":""1.23""},{""type"":{""value"":56,""displayName"":""Zone""},""value"":""Back""},{""type"":{""value"":212,""displayName"":""Length""},""value"":""10.9""},{""type"":{""value"":141,""displayName"":""PassEndY""},""value"":""86.5""}]",true,false,false,false,Pass,Successful,FirstHalf,2025-12-05 23:16:15.684766+00
2879457633,1903251,855,23,37,167,402664,42.7,84.2,53.1,80.1,,,,,"[{""type"":{""value"":141,""displayName"":""PassEndY""},""value"":""80.1""},{""type"":{""value"":212,""displayName"":""Length""},""value"":""11.3""},{""type"":{""value"":140,""displayName"":""PassEndX""},""value"":""53.1""},{""type"":{""value"":56,""displayName"":""Zone""},""value"":""Left""},{""type"":{""value"":213,""displayName"":""Angle""},""value"":""6.03""}]",true,false,false,false,Pass,Successful,FirstHalf,2025-12-05 23:16:15.684766+00
2879457687,1903251,990,34,13,170,231135,40.6,42.1,41.4,28.9,,,,,"[{""type"":{""value"":140,""displayName"":""PassEndX""},""value"":""41.4""},{""type"":{""value"":56,""displayName"":""Zone""},""value"":""Back""},{""type"":{""value"":141,""displayName"":""PassEndY""},""value"":""28.9""},{""type"":{""value"":212,""displayName"":""Length""},""value"":""9.0""},{""type"":{""value"":213,""displayName"":""Angle""},""value"":""4.81""}]",true,false,false,false,Pass,Successful,FirstHalf,2025-12-05 23:16:15.684766+00
2879457699,1903251,991,34,14,170,145996,41.4,28.9,39.2,41.3,,,,,"[{""type"":{""value"":140,""displayName"":""PassEndX""},""value"":""39.2""},{""type"":{""value"":56,""displayName"":""Zone""},""value"":""Back""},{""type"":{""value"":141,""displayName"":""PassEndY""},""value"":""41.3""},{""type"":{""value"":212,""displayName"":""Length""},""value"":""8.7""},{""type"":{""value"":213,""displayName"":""Angle""},""value"":""1.84""}]",true,false,false,false,Pass,Successful,FirstHalf,2025-12-05 23:16:15.684766+00
2879457707,1903251,992,34,18,170,231135,39.5,38,39.2,22.4,,,,,"[{""type"":{""value"":212,""displayName"":""Length""},""value"":""10.6""},{""type"":{""value"":141,""displayName"":""PassEndY""},""value"":""22.4""},{""type"":{""value"":140,""displayName"":""PassEndX""},""value"":""39.2""},{""type"":{""value"":56,""displayName"":""Zone""},""value"":""Back""},{""type"":{""value"":213,""displayName"":""Angle""},""value"":""4.68""}]",true,false,false,false,Pass,Successful,FirstHalf,2025-12-05 23:16:15.684766+00
2879457725,1903251,993,34,20,170,145996,41,22.6,49.1,3.7,,,,,"[{""type"":{""value"":140,""displayName"":""PassEndX""},""value"":""49.1""},{""type"":{""value"":56,""displayName"":""Zone""},""value"":""Back""},{""type"":{""value"":213,""displayName"":""Angle""},""value"":""5.30""},{""type"":{""value"":212,""displayName"":""Length""},""value"":""15.4""},{""type"":{""value"":141,""displayName"":""PassEndY""},""value"":""3.7""}]",true,false,false,false,Pass,Successful,FirstHalf,2025-12-05 23:16:15.684766+00
2879457789,1903251,994,38,3,170,231135,36,47.3,16,45.4,,,,,"[{""type"":{""value"":141,""displayName"":""PassEndY""},""value"":""45.4""},{""type"":{""value"":140,""displayName"":""PassEndX""},""value"":""16.0""},{""type"":{""value"":212,""displayName"":""Length""},""value"":""21.0""},{""type"":{""value"":213,""displayName"":""Angle""},""value"":""3.20""},{""type"":{""value"":56,""displayName"":""Zone""},""value"":""Back""}]",true,false,false,false,Pass,Successful,FirstHalf,2025-12-05 23:16:15.684766+00
2879457803,1903251,995,42,33,170,297395,22.3,32.7,14.5,30.5,,,,,"[{""type"":{""value"":212,""displayName"":""Length""},""value"":""8.3""},{""type"":{""value"":141,""displayName"":""PassEndY""},""value"":""30.5""},{""type"":{""value"":140,""displayName"":""PassEndX""},""value"":""14.5""},{""type"":{""value"":213,""displayName"":""Angle""},""value"":""3.32""},{""type"":{""value"":56,""displayName"":""Zone""},""value"":""Back""}]",true,false,false,false,Pass,Successful,FirstHalf,2025-12-05 23:16:15.684766+00
2879457805,1903251,996,42,34,170,231135,14.5,30.5,18,15.3,,,,,"[{""type"":{""value"":212,""displayName"":""Length""},""value"":""11.0""},{""type"":{""value"":213,""displayName"":""Angle""},""value"":""5.05""},{""type"":{""value"":56,""displayName"":""Zone""},""value"":""Back""},{""type"":{""value"":141,""displayName"":""PassEndY""},""value"":""15.3""},{""type"":{""value"":140,""displayName"":""PassEndX""},""value"":""18.0""}]",true,false,false,false,Pass,Successful,FirstHalf,2025-12-05 23:16:15.684766+00
2879457813,1903251,997,42,35,170,297395,19.2,15.1,19.9,10.8,,,,,"[{""type"":{""value"":213,""displayName"":""Angle""},""value"":""4.96""},{""type"":{""value"":140,""displayName"":""PassEndX""},""value"":""19.9""},{""type"":{""value"":56,""displayName"":""Zone""},""value"":""Back""},{""type"":{""value"":212,""displayName"":""Length""},""value"":""3.0""},{""type"":{""value"":141,""displayName"":""PassEndY""},""value"":""10.8""}]",true,false,false,false,Pass,Unsuccessful,FirstHalf,2025-12-05 23:16:15.684766+00
2879457833,1903251,856,42,36,167,388098,80.1,89.2,,,,,,,"[{""type"":{""value"":56,""displayName"":""Zone""},""value"":""Left""}]",true,false,false,false,Interception,Successful,FirstHalf,2025-12-05 23:16:15.684766+00
2879457853,1903251,857,42,36,167,388098,83.3,88,,,,,,,[],false,false,false,false,BallRecovery,Successful,FirstHalf,2025-12-05 23:16:15.684766+00
2879457983,1903251,998,45,24,170,322611,55.9,90,62,73.9,,,,,"[{""type"":{""value"":140,""displayName"":""PassEndX""},""value"":""62.0""},{""type"":{""value"":141,""displayName"":""PassEndY""},""value"":""73.9""},{""type"":{""value"":56,""displayName"":""Zone""},""value"":""Center""},{""type"":{""value"":212,""displayName"":""Length""},""value"":""12.7""},{""type"":{""value"":213,""displayName"":""Angle""},""value"":""5.24""}]",true,false,false,false,Pass,Successful,SecondHalf,2025-12-05 23:16:15.684766+00
2879458129,1903251,858,56,41,167,422939,39.6,48.9,45.2,39.4,,,,,"[{""type"":{""value"":212,""displayName"":""Length""},""value"":""8.7""},{""type"":{""value"":141,""displayName"":""PassEndY""},""value"":""39.4""},{""type"":{""value"":56,""displayName"":""Zone""},""value"":""Back""},{""type"":{""value"":213,""displayName"":""Angle""},""value"":""5.45""},{""type"":{""value"":140,""displayName"":""PassEndX""},""value"":""45.2""}]",true,false,false,false,Pass,Successful,SecondHalf,2025-12-05 23:16:17.240787+00
2879458137,1903251,859,56,41,167,136741,45.2,39.4,36.8,36,,,,,"[{""type"":{""value"":56,""displayName"":""Zone""},""value"":""Back""},{""type"":{""value"":141,""displayName"":""PassEndY""},""value"":""36.0""},{""type"":{""value"":140,""displayName"":""PassEndX""},""value"":""36.8""},{""type"":{""value"":212,""displayName"":""Length""},""value"":""9.1""},{""type"":{""value"":213,""displayName"":""Angle""},""value"":""3.40""}]",true,false,false,false,Pass,Successful,SecondHalf,2025-12-05 23:16:17.240787+00
2879458139,1903251,860,56,44,167,313171,37,35.1,34.5,9.4,,,,,"[{""type"":{""value"":141,""displayName"":""PassEndY""},""value"":""9.4""},{""type"":{""value"":212,""displayName"":""Length""},""value"":""17.7""},{""type"":{""value"":56,""displayName"":""Zone""},""value"":""Back""},{""type"":{""value"":213,""displayName"":""Angle""},""value"":""4.56""},{""type"":{""value"":140,""displayName"":""PassEndX""},""value"":""34.5""}]",true,false,false,false,Pass,Successful,SecondHalf,2025-12-05 23:16:17.240787+00
2879458237,1903251,999,69,52,170,231135,11.5,40,24.1,43.8,,,,,"[{""type"":{""value"":213,""displayName"":""Angle""},""value"":""0.19""},{""type"":{""value"":56,""displayName"":""Zone""},""value"":""Back""},{""type"":{""value"":212,""displayName"":""Length""},""value"":""13.5""},{""type"":{""value"":141,""displayName"":""PassEndY""},""value"":""43.8""},{""type"":{""value"":140,""displayName"":""PassEndX""},""value"":""24.1""}]",true,false,false,false,Pass,Successful,SecondHalf,2025-12-05 23:16:17.240787+00
2879458243,1903251,1000,69,54,170,321020,24.1,43.8,14,42.7,,,,,"[{""type"":{""value"":213,""displayName"":""Angle""},""value"":""3.21""},{""type"":{""value"":56,""displayName"":""Zone""},""value"":""Back""},{""type"":{""value"":140,""displayName"":""PassEndX""},""value"":""14.0""},{""type"":{""value"":141,""displayName"":""PassEndY""},""value"":""42.7""},{""type"":{""value"":212,""displayName"":""Length""},""value"":""10.6""}]",true,false,false,false,Pass,Successful,SecondHalf,2025-12-05 23:16:17.240787+00
2879458255,1903251,1001,69,55,170,231135,14,42.7,18.5,51.4,,,,,"[{""type"":{""value"":56,""displayName"":""Zone""},""value"":""Back""},{""type"":{""value"":140,""displayName"":""PassEndX""},""value"":""18.5""},{""type"":{""value"":141,""displayName"":""PassEndY""},""value"":""51.4""},{""type"":{""value"":213,""displayName"":""Angle""},""value"":""0.90""},{""type"":{""value"":212,""displayName"":""Length""},""value"":""7.6""}]",true,false,false,false,Pass,Successful,SecondHalf,2025-12-05 23:16:17.240787+00
2879458273,1903251,1002,69,55,170,136824,18.5,51.4,37.4,24.6,,,,,"[{""type"":{""value"":213,""displayName"":""Angle""},""value"":""5.54""},{""type"":{""value"":212,""displayName"":""Length""},""value"":""26.9""},{""type"":{""value"":56,""displayName"":""Zone""},""value"":""Back""},{""type"":{""value"":140,""displayName"":""PassEndX""},""value"":""37.4""},{""type"":{""value"":141,""displayName"":""PassEndY""},""value"":""24.6""}]",true,false,false,false,Pass,Successful,SecondHalf,2025-12-05 23:16:17.240787+00
2879458293,1903251,1003,69,59,170,363686,44.8,20.2,51.7,5.6,,,,,"[{""type"":{""value"":212,""displayName"":""Length""},""value"":""12.3""},{""type"":{""value"":213,""displayName"":""Angle""},""value"":""5.34""},{""type"":{""value"":140,""displayName"":""PassEndX""},""value"":""51.7""},{""type"":{""value"":56,""displayName"":""Zone""},""value"":""Right""},{""type"":{""value"":141,""displayName"":""PassEndY""},""value"":""5.6""}]",true,false,false,false,Pass,Successful,SecondHalf,2025-12-05 23:16:17.240787+00
2879458311,1903251,1004,70,2,170,333044,52.3,8.1,47.5,25,,,,,"[{""type"":{""value"":141,""displayName"":""PassEndY""},""value"":""25.0""},{""type"":{""value"":56,""displayName"":""Zone""},""value"":""Back""},{""type"":{""value"":140,""displayName"":""PassEndX""},""value"":""47.5""},{""type"":{""value"":213,""displayName"":""Angle""},""value"":""1.98""},{""type"":{""value"":212,""displayName"":""Length""},""value"":""12.5""}]",true,false,false,false,Pass,Successful,SecondHalf,2025-12-05 23:16:17.240787+00
2879458315,1903251,1005,70,5,170,321020,46.2,26.2,45.5,51.4,,,,,"[{""type"":{""value"":140,""displayName"":""PassEndX""},""value"":""45.5""},{""type"":{""value"":56,""displayName"":""Zone""},""value"":""Back""},{""type"":{""value"":212,""displayName"":""Length""},""value"":""17.2""},{""type"":{""value"":141,""displayName"":""PassEndY""},""value"":""51.4""},{""type"":{""value"":213,""displayName"":""Angle""},""value"":""1.61""}]",true,false,false,false,Pass,Successful,SecondHalf,2025-12-05 23:16:17.240787+00
2879458339,1903251,1006,70,7,170,136824,45.5,51.4,53.8,75.5,,,,,"[{""type"":{""value"":56,""displayName"":""Zone""},""value"":""Center""},{""type"":{""value"":140,""displayName"":""PassEndX""},""value"":""53.8""},{""type"":{""value"":212,""displayName"":""Length""},""value"":""18.6""},{""type"":{""value"":141,""displayName"":""PassEndY""},""value"":""75.5""},{""type"":{""value"":213,""displayName"":""Angle""},""value"":""1.08""}]",true,false,false,false,Pass,Successful,SecondHalf,2025-12-05 23:16:17.240787+00
2879458357,1903251,1007,78,29,170,231135,25.4,8,,,,,,,"[{""type"":{""value"":56,""displayName"":""Zone""},""value"":""Back""},{""type"":{""value"":285,""displayName"":""Defensive""}},{""type"":{""value"":233,""displayName"":""OppositeRelatedEvent""},""value"":""861""}]",false,false,false,false,Aerial,Unsuccessful,SecondHalf,2025-12-05 23:16:17.240787+00
2879458359,1903251,861,78,29,167,315227,74.6,92,,,,,,,"[{""type"":{""value"":286,""displayName"":""Offensive""}},{""type"":{""value"":56,""displayName"":""Zone""},""value"":""Left""},{""type"":{""value"":233,""displayName"":""OppositeRelatedEvent""},""value"":""1007""}]",false,false,false,false,Aerial,Successful,SecondHalf,2025-12-05 23:16:17.240787+00
2879458365,1903251,862,78,29,167,315227,74.6,92,84.8,75.2,,,,,"[{""type"":{""value"":140,""displayName"":""PassEndX""},""value"":""84.8""},{""type"":{""value"":3,""displayName"":""HeadPass""}},{""type"":{""value"":56,""displayName"":""Zone""},""value"":""Center""},{""type"":{""value"":213,""displayName"":""Angle""},""value"":""5.47""},{""type"":{""value"":212,""displayName"":""Length""},""value"":""15.7""},{""type"":{""value"":141,""displayName"":""PassEndY""},""value"":""75.2""}]",true,false,false,false,Pass,Unsuccessful,SecondHalf,2025-12-05 23:16:17.240787+00
2879458379,1903251,1008,78,32,170,396976,15,24.6,20,1,,,,,"[{""type"":{""value"":212,""displayName"":""Length""},""value"":""16.9""},{""type"":{""value"":213,""displayName"":""Angle""},""value"":""5.03""},{""type"":{""value"":141,""displayName"":""PassEndY""},""value"":""1.0""},{""type"":{""value"":140,""displayName"":""PassEndX""},""value"":""20.0""},{""type"":{""value"":56,""displayName"":""Zone""},""value"":""Back""},{""type"":{""value"":15,""displayName"":""Head""}}]",true,false,false,false,Clearance,Successful,SecondHalf,2025-12-05 23:16:17.240787+00
2879458397,1903251,1009,78,33,170,333044,20,1,25.4,5.9,,,,,"[{""type"":{""value"":141,""displayName"":""PassEndY""},""value"":""5.9""},{""type"":{""value"":212,""displayName"":""Length""},""value"":""6.6""},{""type"":{""value"":3,""displayName"":""HeadPass""}},{""type"":{""value"":213,""displayName"":""Angle""},""value"":""0.53""},{""type"":{""value"":56,""displayName"":""Zone""},""value"":""Back""},{""type"":{""value"":140,""displayName"":""PassEndX""},""value"":""25.4""}]",true,false,false,false,Pass,Unsuccessful,SecondHalf,2025-12-05 23:16:17.240787+00
2879458445,1903251,863,78,36,167,468847,72.7,93.6,63.4,89.2,,,,,"[{""type"":{""value"":141,""displayName"":""PassEndY""},""value"":""89.2""},{""type"":{""value"":56,""displayName"":""Zone""},""value"":""Left""},{""type"":{""value"":140,""displayName"":""PassEndX""},""value"":""63.4""},{""type"":{""value"":213,""displayName"":""Angle""},""value"":""3.44""},{""type"":{""value"":212,""displayName"":""Length""},""value"":""10.2""}]",true,false,false,false,Pass,Successful,SecondHalf,2025-12-05 23:16:17.240787+00
2879458461,1903251,1010,79,15,170,141169,8.3,3.7,,,,,,,"[{""type"":{""value"":56,""displayName"":""Zone""},""value"":""Back""}]",true,false,false,false,Interception,Successful,SecondHalf,2025-12-05 23:16:17.240787+00
2879458535,1903251,1011,93,53,170,322611,36.4,87.9,,,,,,,"[{""type"":{""value"":56,""displayName"":""Zone""},""value"":""Back""}]",true,false,false,false,BallTouch,Successful,SecondHalf,2025-12-05 23:16:17.240787+00
2879458543,1903251,864,93,55,167,315227,71.2,15.4,,,,,,,"[{""type"":{""value"":286,""displayName"":""Offensive""}},{""type"":{""value"":56,""displayName"":""Zone""},""value"":""Right""},{""type"":{""value"":233,""displayName"":""OppositeRelatedEvent""},""value"":""1012""}]",false,false,false,false,Challenge,Unsuccessful,SecondHalf,2025-12-05 23:16:17.240787+00
2879458545,1903251,1012,93,55,170,231135,28.8,84.6,,,,,,,"[{""type"":{""value"":233,""displayName"":""OppositeRelatedEvent""},""value"":""864""},{""type"":{""value"":285,""displayName"":""Defensive""}},{""type"":{""value"":56,""displayName"":""Zone""},""value"":""Back""}]",true,false,false,false,TakeOn,Successful,SecondHalf,2025-12-05 23:16:17.240787+00
2879458591,1903251,1013,97,46,170,141169,48.5,6.9,52.3,22.6,,,,,"[{""type"":{""value"":56,""displayName"":""Zone""},""value"":""Center""},{""type"":{""value"":213,""displayName"":""Angle""},""value"":""1.21""},{""type"":{""value"":212,""displayName"":""Length""},""value"":""11.4""},{""type"":{""value"":141,""displayName"":""PassEndY""},""value"":""22.6""},{""type"":{""value"":140,""displayName"":""PassEndX""},""value"":""52.3""}]",true,false,false,false,Pass,Successful,SecondHalf,2025-12-05 23:16:17.240787+00